-- phpMyAdmin SQL Dump
-- version 4.8.5
-- https://www.phpmyadmin.net/
--
-- Host: 127.0.0.1
-- Generation Time: Dec 02, 2020 at 10:35 AM
-- Server version: 10.1.38-MariaDB
-- PHP Version: 7.3.2

SET SQL_MODE = "NO_AUTO_VALUE_ON_ZERO";
SET AUTOCOMMIT = 0;
START TRANSACTION;
SET time_zone = "+00:00";


/*!40101 SET @OLD_CHARACTER_SET_CLIENT=@@CHARACTER_SET_CLIENT */;
/*!40101 SET @OLD_CHARACTER_SET_RESULTS=@@CHARACTER_SET_RESULTS */;
/*!40101 SET @OLD_COLLATION_CONNECTION=@@COLLATION_CONNECTION */;
/*!40101 SET NAMES utf8mb4 */;

--
-- Database: `db_simkopsyah`
--

-- --------------------------------------------------------

--
-- Table structure for table `tbl_anggota_channeling`
--

CREATE TABLE `tbl_anggota_channeling` (
  `id` int(11) NOT NULL,
  `id_koperasi` int(11) NOT NULL,
  `fk_rek_pembayaran` varchar(25) NOT NULL,
  `nocif_anggota` varchar(15) NOT NULL,
  `noloan_anggota` varchar(15) NOT NULL,
  `nm_anggota` varchar(50) NOT NULL,
  `tenor` int(11) NOT NULL,
  `tgl_pencairan` date NOT NULL,
  `tgl_ospokok` date NOT NULL,
  `tgl_tunggakan` date DEFAULT NULL,
  `nom_pencairan` decimal(50,2) NOT NULL,
  `tunggakan` decimal(50,2) NOT NULL,
  `os_pokok` decimal(50,2) NOT NULL,
  `ficmisDate` date NOT NULL,
  `createDate` datetime NOT NULL DEFAULT CURRENT_TIMESTAMP,
  `updateDate` datetime DEFAULT NULL,
  `isDelete` int(11) NOT NULL DEFAULT '0'
) ENGINE=InnoDB DEFAULT CHARSET=latin1;

--
-- Dumping data for table `tbl_anggota_channeling`
--

INSERT INTO `tbl_anggota_channeling` (`id`, `id_koperasi`, `fk_rek_pembayaran`, `nocif_anggota`, `noloan_anggota`, `nm_anggota`, `tenor`, `tgl_pencairan`, `tgl_ospokok`, `tgl_tunggakan`, `nom_pencairan`, `tunggakan`, `os_pokok`, `ficmisDate`, `createDate`, `updateDate`, `isDelete`) VALUES
(303, 2, '7036647487', '77950430', 'LD1333290116', 'FIRMANSYAH', 96, '2020-08-30', '2020-11-12', NULL, '43194671.28', '0.00', '13277568.79', '2020-10-31', '2020-11-25 10:04:15', '2020-11-30 13:41:19', 0),
(304, 2, '7036647487', '77950510', 'LD1333281341', 'DIKMIN', 96, '2020-08-30', '2020-11-12', NULL, '43194671.28', '0.00', '13277568.79', '2020-10-31', '2020-11-25 10:04:15', NULL, 0),
(305, 2, '7036647487', '77950566', 'LD1333233191', 'SITUAS', 96, '2020-08-30', '2020-11-12', NULL, '43194671.28', '0.00', '13277568.79', '2020-10-31', '2020-11-25 10:04:15', NULL, 0),
(306, 2, '7036647487', '77950668', 'LD1333254153', 'SIGATIN', 96, '2020-08-30', '2020-11-12', NULL, '43194671.28', '0.00', '13277568.79', '2020-10-31', '2020-11-25 10:04:15', NULL, 0),
(307, 2, '7036647487', '77950796', 'LD1333257403', 'NUR HIKMAH', 96, '2020-08-30', '2020-11-12', NULL, '43194671.28', '0.00', '13277568.79', '2020-10-31', '2020-11-25 10:04:15', NULL, 0),
(308, 2, '7036647487', '77950832', 'LD1333276113', 'KIANG', 96, '2020-08-30', '2020-11-12', NULL, '43194671.28', '0.00', '13277568.79', '2020-10-31', '2020-11-25 10:04:15', NULL, 0),
(309, 2, '7036647487', '77950895', 'LD1333242457', 'KUYU', 96, '2020-08-30', '2020-11-12', NULL, '43194671.28', '0.00', '13277568.79', '2020-10-31', '2020-11-25 10:04:15', NULL, 0),
(310, 2, '7036647487', '77950936', 'LD1333227087', 'SAPAO', 96, '2020-08-30', '2020-11-12', NULL, '43194671.28', '0.00', '13277568.79', '2020-10-31', '2020-11-25 10:04:16', NULL, 0),
(311, 2, '7036647487', '77959492', 'LD1333201208', 'MUHAMMAD SOOD', 96, '2020-08-30', '2020-11-12', NULL, '43194671.28', '0.00', '13277568.79', '2020-10-31', '2020-11-25 10:04:16', NULL, 0),
(312, 2, '7036647487', '77959551', 'LD1333213684', 'NURHASANAH', 96, '2020-08-30', '2020-11-12', NULL, '43194671.28', '0.00', '13277568.79', '2020-10-31', '2020-11-25 10:04:16', NULL, 0),
(313, 2, '7036647487', '77959571', 'LD1333206475', 'ROHMAT', 96, '2020-08-30', '2020-11-12', NULL, '43194671.28', '0.00', '13277568.79', '2020-10-31', '2020-11-25 10:04:16', NULL, 0),
(314, 2, '7036647487', '77959624', 'LD1333273389', 'ITIN', 96, '2020-08-30', '2020-11-12', NULL, '43194671.28', '0.00', '13277568.79', '2020-10-31', '2020-11-25 10:04:16', NULL, 0),
(315, 2, '7036647487', '77959666', 'LD1333291553', 'SIWANG', 96, '2020-08-30', '2020-11-12', NULL, '43194671.28', '0.00', '13277568.79', '2020-10-31', '2020-11-25 10:04:16', NULL, 0),
(316, 2, '7036647487', '77959745', 'LD1333231106', 'RUSLI', 96, '2020-08-30', '2020-11-12', NULL, '43194671.28', '0.00', '13277568.79', '2020-10-31', '2020-11-25 10:04:16', NULL, 0),
(317, 2, '7036647487', '77959786', 'LD1333200795', 'NAYAN', 96, '2020-08-30', '2020-11-12', NULL, '43194671.28', '0.00', '13277568.79', '2020-10-31', '2020-11-25 10:04:16', NULL, 0),
(318, 2, '7036647487', '77959812', 'LD1333270888', 'SIINGAU', 96, '2020-08-30', '2020-11-12', NULL, '43194671.28', '0.00', '13277568.79', '2020-10-31', '2020-11-25 10:04:16', NULL, 0),
(319, 2, '7036647487', '77959885', 'LD1333296784', 'SINUHUI', 96, '2020-08-30', '2020-11-12', NULL, '43194671.28', '0.00', '13277568.79', '2020-10-31', '2020-11-25 10:04:17', NULL, 0),
(320, 2, '7036647487', '77961484', 'LD1333243827', 'SUGITO', 96, '2020-08-30', '2020-11-12', NULL, '43194671.28', '0.00', '13277568.79', '2020-10-31', '2020-11-25 10:04:17', NULL, 0),
(321, 2, '7036647487', '77961601', 'LD1333220167', 'TATING', 96, '2020-08-30', '2020-11-12', NULL, '43194671.28', '0.00', '13277568.79', '2020-10-31', '2020-11-25 10:04:17', NULL, 0),
(322, 2, '7036647487', '77961617', 'LD1333256811', 'TURI', 96, '2020-08-30', '2020-11-12', NULL, '43194671.28', '0.00', '13277568.79', '2020-10-31', '2020-11-25 10:04:17', NULL, 0),
(323, 2, '7036647487', '77961623', 'LD1333248529', 'TUTIK', 96, '2020-08-30', '2020-11-12', NULL, '43194671.28', '0.00', '13277568.79', '2020-10-31', '2020-11-25 10:04:17', NULL, 0),
(324, 2, '7036647487', '77961644', 'LD1333268400', 'USUP', 96, '2020-08-30', '2020-11-12', NULL, '43194671.28', '0.00', '13277568.79', '2020-10-31', '2020-11-25 10:04:17', NULL, 0),
(325, 2, '7036647487', '77967139', 'LD1333247358', 'YANI', 96, '2020-08-30', '2020-11-12', NULL, '43194671.28', '0.00', '13277568.79', '2020-10-31', '2020-11-25 10:04:17', NULL, 0),
(326, 2, '7036647487', '77967172', 'LD1333217036', 'IIS', 96, '2020-08-30', '2020-11-12', NULL, '43194671.28', '0.00', '13277568.79', '2020-10-31', '2020-11-25 10:04:17', NULL, 0),
(327, 2, '7036647487', '77967198', 'LD1333280074', 'ILAU', 96, '2020-08-30', '2020-11-12', NULL, '43194671.28', '0.00', '13277568.79', '2020-10-31', '2020-11-25 10:04:17', NULL, 0),
(328, 2, '7036647487', '77967256', 'LD1333297740', 'YUNUS', 96, '2020-08-30', '2020-11-12', NULL, '43194671.28', '0.00', '13277568.79', '2020-10-31', '2020-11-25 10:04:17', NULL, 0),
(329, 2, '7036647487', '77970602', 'LD1333214815', 'AMENG', 96, '2020-08-30', '2020-11-12', NULL, '43194671.28', '0.00', '13277568.79', '2020-10-31', '2020-11-25 10:04:17', NULL, 0),
(330, 2, '7036647487', '77980511', 'LD1333296091', 'RUSMAYA', 96, '2020-08-30', '2020-11-12', NULL, '43194671.28', '0.00', '13277568.79', '2020-10-31', '2020-11-25 10:04:17', NULL, 0),
(331, 2, '7036647487', '77980512', 'LD1333278529', 'ALUH', 96, '2020-08-30', '2020-11-12', NULL, '43194671.28', '0.00', '13277568.79', '2020-10-31', '2020-11-25 10:04:18', NULL, 0),
(332, 2, '7036647487', '77980513', 'LD1333293297', 'RITA', 96, '2020-08-30', '2020-11-12', NULL, '43194671.28', '0.00', '13277568.79', '2020-10-31', '2020-11-25 10:04:18', NULL, 0),
(333, 2, '7036647487', '77980514', 'LD1333284203', 'HASTUTI', 96, '2020-08-30', '2020-11-12', NULL, '43194671.28', '0.00', '13277568.79', '2020-10-31', '2020-11-25 10:04:18', NULL, 0),
(334, 2, '7036647487', '77980515', 'LD1333279472', 'EMAN', 96, '2020-08-30', '2020-11-12', NULL, '43194671.28', '0.00', '13277568.79', '2020-10-31', '2020-11-25 10:04:18', NULL, 0),
(335, 2, '7036647487', '77980516', 'LD1333267144', 'MEGAWATI', 96, '2020-08-30', '2020-11-12', NULL, '43194671.28', '0.00', '13277568.79', '2020-10-31', '2020-11-25 10:04:18', NULL, 0),
(336, 2, '7036647487', '77980517', 'LD1333240720', 'KARTIRAT', 96, '2020-08-30', '2020-11-12', NULL, '43194671.28', '0.00', '13277568.79', '2020-10-31', '2020-11-25 10:04:18', NULL, 0),
(337, 2, '7036647487', '77980518', 'LD1333236042', 'NAOMI ADE EKA', 96, '2020-08-30', '2020-11-12', NULL, '43194671.28', '0.00', '13277568.79', '2020-10-31', '2020-11-25 10:04:18', NULL, 0),
(338, 2, '7036647487', '77980519', 'LD1333299129', 'DESMAN', 96, '2020-08-30', '2020-11-12', NULL, '43194671.28', '0.00', '13277568.79', '2020-10-31', '2020-11-25 10:04:18', NULL, 0),
(339, 2, '7036647487', '77980520', 'LD1333228065', 'M SUWANDI', 96, '2020-08-30', '2020-11-12', NULL, '43194671.28', '0.00', '13277568.79', '2020-10-31', '2020-11-25 10:04:18', NULL, 0),
(340, 2, '7036647487', '77980522', 'LD1333200810', 'NENENG YUNINGSIH', 96, '2020-08-30', '2020-11-12', NULL, '43194671.28', '0.00', '13277568.79', '2020-10-31', '2020-11-25 10:04:18', NULL, 0),
(341, 2, '7036647487', '77980523', 'LD1333201620', 'NURUL', 96, '2020-08-30', '2020-11-12', NULL, '43194671.28', '0.00', '13277568.79', '2020-10-31', '2020-11-25 10:04:18', NULL, 0),
(342, 2, '7036647487', '77980524', 'LD1333221797', 'FLORIDA', 96, '2020-08-30', '2020-11-12', NULL, '43194671.28', '0.00', '13277568.79', '2020-10-31', '2020-11-25 10:04:18', NULL, 0),
(343, 2, '7036647487', '77980525', 'LD1333209986', 'PURIDA', 96, '2020-08-30', '2020-11-12', NULL, '43194671.28', '0.00', '13277568.79', '2020-10-31', '2020-11-25 10:04:18', NULL, 0),
(344, 2, '7036647487', '77980531', 'LD1333257332', 'OPRIE', 96, '2020-08-30', '2020-11-12', NULL, '43194671.28', '0.00', '13277568.79', '2020-10-31', '2020-11-25 10:04:19', NULL, 0),
(345, 2, '7036647487', '77980533', 'LD1333209207', 'ANA', 96, '2020-08-30', '2020-11-12', NULL, '43194671.28', '0.00', '13277568.79', '2020-10-31', '2020-11-25 10:04:19', NULL, 0),
(346, 2, '7036647487', '77980535', 'LD1333298060', 'SINARI', 96, '2020-08-30', '2020-11-12', NULL, '43194671.28', '0.00', '13277568.79', '2020-10-31', '2020-11-25 10:04:19', NULL, 0),
(347, 2, '7036647487', '77980538', 'LD1333219612', 'KARIM', 96, '2020-08-30', '2020-11-12', NULL, '43194671.28', '0.00', '13277568.79', '2020-10-31', '2020-11-25 10:04:19', NULL, 0),
(348, 2, '7036647487', '77980539', 'LD1333201160', 'HERA', 96, '2020-08-30', '2020-11-12', NULL, '43194671.28', '0.00', '13277568.79', '2020-10-31', '2020-11-25 10:04:19', NULL, 0),
(349, 2, '7036647487', '77980541', 'LD1333269160', 'HENI', 96, '2020-08-30', '2020-11-12', NULL, '43194671.28', '0.00', '13277568.79', '2020-10-31', '2020-11-25 10:04:19', NULL, 0),
(350, 2, '7036647487', '77980543', 'LD1333236081', 'MUHAMMAD BUSTANI', 96, '2020-08-30', '2020-11-12', NULL, '43194671.28', '0.00', '13277568.79', '2020-10-31', '2020-11-25 10:04:19', NULL, 0),
(351, 2, '7036647487', '77980549', 'LD1333211003', 'HARSONO', 96, '2020-08-30', '2020-11-12', NULL, '43194671.28', '0.00', '13277568.79', '2020-10-31', '2020-11-25 10:04:19', NULL, 0),
(352, 2, '7036647487', '77980601', 'LD1333280004', 'FATIMAH', 96, '2020-08-30', '2020-11-12', NULL, '43194671.28', '0.00', '13277568.79', '2020-10-31', '2020-11-25 10:04:19', NULL, 0),
(353, 2, '7036647487', '77980637', 'LD1333261808', 'SURIAWATI', 96, '2020-08-30', '2020-11-12', NULL, '43194671.28', '0.00', '13277568.79', '2020-10-31', '2020-11-25 10:04:20', NULL, 0),
(354, 2, '7036647487', '78008643', 'LD1333200207', 'GUNCING', 96, '2020-08-30', '2020-11-12', NULL, '43194671.28', '0.00', '13277568.79', '2020-10-31', '2020-11-25 10:04:20', NULL, 0),
(355, 2, '7036647487', '78008787', 'LD1333215637', 'GUTAU', 96, '2020-08-30', '2020-11-12', NULL, '43194671.28', '0.00', '13277568.79', '2020-10-31', '2020-11-25 10:04:20', NULL, 0),
(356, 2, '7036647487', '78008818', 'LD1333228203', 'KIYAN', 96, '2020-08-30', '2020-11-12', NULL, '43194671.28', '0.00', '13277568.79', '2020-10-31', '2020-11-25 10:04:20', NULL, 0),
(357, 2, '7036647487', '78008870', 'LD1333282033', 'TIUN', 96, '2020-08-30', '2020-11-12', NULL, '43194671.28', '0.00', '13277568.79', '2020-10-31', '2020-11-25 10:04:20', NULL, 0),
(358, 2, '7036647487', '78008892', 'LD1333224300', 'BULEH', 96, '2020-08-30', '2020-11-12', NULL, '43194671.28', '0.00', '13277568.79', '2020-10-31', '2020-11-25 10:04:20', NULL, 0),
(359, 2, '7036647487', '78009543', 'LD1333220029', 'MUHAMMAD MAHMUDIN', 96, '2020-08-30', '2020-11-12', NULL, '43194671.28', '0.00', '13277568.79', '2020-10-31', '2020-11-25 10:04:20', NULL, 0),
(360, 2, '7036647487', '78009560', 'LD1333243820', 'LINA', 96, '2020-08-30', '2020-11-12', NULL, '43194671.28', '0.00', '13277568.79', '2020-10-31', '2020-11-25 10:04:21', NULL, 0),
(361, 2, '7036647487', '78009661', 'LD1333239312', 'MAHIYAU', 96, '2020-08-30', '2020-11-12', NULL, '43194671.28', '0.00', '13277568.79', '2020-10-31', '2020-11-25 10:04:21', NULL, 0),
(362, 2, '7036647487', '78009742', 'LD1333224399', 'MULYANI', 96, '2020-08-30', '2020-11-12', NULL, '43194671.28', '0.00', '13277568.79', '2020-10-31', '2020-11-25 10:04:21', NULL, 0),
(363, 2, '7036647487', '78009773', 'LD1333219894', 'SIAM', 96, '2020-08-30', '2020-11-12', NULL, '43194671.28', '0.00', '13277568.79', '2020-10-31', '2020-11-25 10:04:21', NULL, 0),
(364, 2, '7036647487', '78009793', 'LD1333203879', 'SIGUNTUI', 96, '2020-08-30', '2020-11-12', NULL, '43194671.28', '0.00', '13277568.79', '2020-10-31', '2020-11-25 10:04:21', NULL, 0),
(365, 2, '7036647487', '78009852', 'LD1333207038', 'TAIPUH', 96, '2020-08-30', '2020-11-12', NULL, '43194671.28', '0.00', '13277568.79', '2020-10-31', '2020-11-25 10:04:21', NULL, 0),
(366, 2, '7036647487', '78009925', 'LD1333287691', 'USID', 96, '2020-08-30', '2020-11-12', NULL, '43194671.28', '0.00', '13277568.79', '2020-10-31', '2020-11-25 10:04:21', NULL, 0),
(367, 2, '7036647487', '78009977', 'LD1333222013', 'IYUS', 96, '2020-08-30', '2020-11-12', NULL, '43194671.28', '0.00', '13277568.79', '2020-10-31', '2020-11-25 10:04:21', NULL, 0),
(368, 2, '7036647487', '78010040', 'LD1333241871', 'AMAH', 96, '2020-08-30', '2020-11-12', NULL, '43194671.28', '0.00', '13277568.79', '2020-10-31', '2020-11-25 10:04:21', NULL, 0),
(369, 2, '7036647487', '78010068', 'LD1333284324', 'CABE', 96, '2020-08-30', '2020-11-12', NULL, '43194671.28', '0.00', '13277568.79', '2020-10-31', '2020-11-25 10:04:21', NULL, 0),
(370, 2, '7036647487', '78010095', 'LD1333230428', 'ASONG', 96, '2020-08-30', '2020-11-12', NULL, '43194671.28', '0.00', '13277568.79', '2020-10-31', '2020-11-25 10:04:21', NULL, 0),
(371, 2, '7036647487', '78010142', 'LD1333213599', 'MUTAN', 96, '2020-08-30', '2020-11-12', NULL, '43194671.28', '0.00', '13277568.79', '2020-10-31', '2020-11-25 10:04:21', NULL, 0),
(372, 2, '7036647487', '78010171', 'LD1333200533', 'SIILAS', 96, '2020-08-30', '2020-11-12', NULL, '43194671.28', '0.00', '13277568.79', '2020-10-31', '2020-11-25 10:04:22', NULL, 0),
(373, 2, '7036647487', '78010194', 'LD1333292964', 'KIUNG', 96, '2020-08-30', '2020-11-12', NULL, '43194671.28', '0.00', '13277568.79', '2020-10-31', '2020-11-25 10:04:22', NULL, 0),
(374, 2, '7036647487', '78010234', 'LD1333243013', 'ANTING', 96, '2020-08-30', '2020-11-12', NULL, '43194671.28', '0.00', '13277568.79', '2020-10-31', '2020-11-25 10:04:22', NULL, 0),
(375, 2, '7036647487', '78010246', 'LD1333250303', 'RUSTAM', 96, '2020-08-30', '2020-11-12', NULL, '43194671.28', '0.00', '13277568.79', '2020-10-31', '2020-11-25 10:04:22', NULL, 0),
(376, 2, '7036647487', '78010266', 'LD1333216506', 'YANTO', 96, '2020-08-30', '2020-11-12', NULL, '43194671.28', '0.00', '13277568.79', '2020-10-31', '2020-11-25 10:04:22', NULL, 0),
(377, 2, '7036647487', '78010321', 'LD1333296614', 'RINA', 96, '2020-08-30', '2020-11-12', NULL, '43194671.28', '0.00', '13277568.79', '2020-10-31', '2020-11-25 10:04:22', NULL, 0),
(378, 2, '7036647487', '78010349', 'LD1333274852', 'IKUS', 96, '2020-08-30', '2020-11-12', NULL, '43194671.28', '0.00', '13277568.79', '2020-10-31', '2020-11-25 10:04:22', NULL, 0),
(379, 2, '7036647487', '78010372', 'LD1333240644', 'MUHAMMAD ABDULLAH YUSNI', 96, '2020-08-30', '2020-11-12', NULL, '43194671.28', '0.00', '13277568.79', '2020-10-31', '2020-11-25 10:04:22', NULL, 0),
(380, 2, '7036647487', '78010395', 'LD1333264814', 'BAIN', 96, '2020-08-30', '2020-11-12', NULL, '43194671.28', '0.00', '13277568.79', '2020-10-31', '2020-11-25 10:04:22', NULL, 0),
(381, 2, '7036647487', '78010407', 'LD1333285649', 'IYAT NODIN', 96, '2020-08-30', '2020-11-12', NULL, '43194671.28', '0.00', '13277568.79', '2020-10-31', '2020-11-25 10:04:22', NULL, 0),
(382, 2, '7036647487', '78010429', 'LD1333270754', 'YANI', 96, '2020-08-30', '2020-11-12', NULL, '43194671.28', '0.00', '13277568.79', '2020-10-31', '2020-11-25 10:04:22', NULL, 0),
(383, 2, '7036647487', '78010450', 'LD1333263000', 'BOGOR', 96, '2020-08-30', '2020-11-12', NULL, '43194671.28', '0.00', '13277568.79', '2020-10-31', '2020-11-25 10:04:22', NULL, 0),
(384, 2, '7036647487', '78011254', 'LD1333204200', 'IRUS', 96, '2020-08-30', '2020-11-12', NULL, '43194671.28', '0.00', '13277568.79', '2020-10-31', '2020-11-25 10:04:23', NULL, 0),
(385, 2, '7036647487', '78011417', 'LD1333260560', 'IRA SULASTRI', 96, '2020-08-30', '2020-11-12', NULL, '43194671.28', '0.00', '13277568.79', '2020-10-31', '2020-11-25 10:04:23', NULL, 0),
(386, 2, '7036647487', '78011436', 'LD1333260868', 'YUPIANA', 96, '2020-08-30', '2020-11-12', NULL, '43194671.28', '0.00', '13277568.79', '2020-10-31', '2020-11-25 10:04:23', NULL, 0),
(387, 2, '7036647487', '78011524', 'LD1333209098', 'IPUL', 96, '2020-08-30', '2020-11-12', NULL, '43194671.28', '0.00', '13277568.79', '2020-10-31', '2020-11-25 10:04:23', NULL, 0),
(388, 2, '7036647487', '78011559', 'LD1333269801', 'AGUS', 96, '2020-08-30', '2020-11-12', NULL, '43194671.28', '0.00', '13277568.79', '2020-10-31', '2020-11-25 10:04:23', NULL, 0),
(389, 2, '7036647487', '78011595', 'LD1333296302', 'FERNANDO HARIS PURBA', 96, '2020-08-30', '2020-11-12', NULL, '43194671.28', '0.00', '13277568.79', '2020-10-31', '2020-11-25 10:04:23', NULL, 0),
(390, 2, '7036647487', '78011620', 'LD1333291352', 'SERIYAH', 96, '2020-08-30', '2020-11-12', NULL, '43194671.28', '0.00', '13277568.79', '2020-10-31', '2020-11-25 10:04:23', NULL, 0),
(391, 2, '7036647487', '78011649', 'LD1333279226', 'SIIKIT', 96, '2020-08-30', '2020-11-12', NULL, '43194671.28', '0.00', '13277568.79', '2020-10-31', '2020-11-25 10:04:23', NULL, 0),
(392, 2, '7036647487', '78011779', 'LD1333200697', 'KIKI', 96, '2020-08-30', '2020-11-12', NULL, '43194671.28', '0.00', '13277568.79', '2020-10-31', '2020-11-25 10:04:23', NULL, 0),
(393, 2, '7036647487', '78011804', 'LD1333250101', 'YUNI', 96, '2020-08-30', '2020-11-12', NULL, '43194671.28', '0.00', '13277568.79', '2020-10-31', '2020-11-25 10:04:23', NULL, 0),
(394, 2, '7036647487', '78011814', 'LD1333286471', 'IDAMAYANTI', 96, '2020-08-30', '2020-11-12', NULL, '43194671.28', '0.00', '13277568.79', '2020-10-31', '2020-11-25 10:04:23', NULL, 0),
(395, 2, '7036647487', '78011857', 'LD1333255574', 'TAWULA', 96, '2020-08-30', '2020-11-12', NULL, '43194671.28', '0.00', '13277568.79', '2020-10-31', '2020-11-25 10:04:23', NULL, 0),
(396, 2, '7036647487', '78011872', 'LD1333262909', 'SALEH', 96, '2020-08-30', '2020-11-12', NULL, '43194671.28', '0.00', '13277568.79', '2020-10-31', '2020-11-25 10:04:23', NULL, 0),
(397, 2, '7036647487', '78011883', 'LD1333213913', 'FIRMAN', 96, '2020-08-30', '2020-11-12', NULL, '43194671.28', '0.00', '13277568.79', '2020-10-31', '2020-11-25 10:04:24', NULL, 0),
(398, 2, '7036647487', '78011894', 'LD1333200225', 'HARTI DWI WAHYUNI', 96, '2020-08-30', '2020-11-12', NULL, '43194671.28', '0.00', '13277568.79', '2020-10-31', '2020-11-25 10:04:24', NULL, 0),
(399, 2, '7036647487', '78011930', 'LD1333293509', 'RUSTATI', 96, '2020-08-30', '2020-11-12', NULL, '43194671.28', '0.00', '13277568.79', '2020-10-31', '2020-11-25 10:04:24', NULL, 0),
(400, 2, '7036647487', '78011986', 'LD1333220003', 'REMI ISANDI', 96, '2020-08-30', '2020-11-12', NULL, '43194671.28', '0.00', '13277568.79', '2020-10-31', '2020-11-25 10:04:24', NULL, 0),
(401, 2, '7036647487', '78012000', 'LD1333281436', 'HALIM', 96, '2020-08-30', '2020-11-12', NULL, '43194671.28', '0.00', '13277568.79', '2020-10-31', '2020-11-25 10:04:24', NULL, 0),
(402, 2, '7036647487', '78012019', 'LD1333259738', 'MAS DENDI', 96, '2020-08-30', '2020-11-12', NULL, '43194671.28', '0.00', '13277568.79', '2020-10-31', '2020-11-25 10:04:24', NULL, 0),
(403, 2, '7036647487', '78012026', 'LD1333204609', 'MUHAMMAD YUSUP', 96, '2020-08-30', '2020-11-12', NULL, '43194671.28', '0.00', '13277568.79', '2020-10-31', '2020-11-25 10:04:24', NULL, 0),
(404, 1, '7081935337', '77950430', 'LD1333290116', 'FIRMANSYAH', 96, '2020-08-30', '2020-11-12', NULL, '43194671.28', '0.00', '14277568.79', '2020-10-31', '2020-11-25 13:56:32', NULL, 0),
(405, 1, '7081935337', '77950510', 'LD1333281341', 'DIKMIN', 96, '2020-08-30', '2020-11-12', NULL, '43194671.28', '0.00', '14277568.79', '2020-10-31', '2020-11-25 13:56:32', NULL, 0),
(406, 1, '7081935337', '77950566', 'LD1333233191', 'SITUAS', 96, '2020-08-30', '2020-11-12', NULL, '43194671.28', '0.00', '14277568.79', '2020-10-31', '2020-11-25 13:56:32', NULL, 0),
(407, 1, '7081935337', '77950668', 'LD1333254153', 'SIGATIN', 96, '2020-08-30', '2020-11-12', NULL, '43194671.28', '0.00', '14277568.79', '2020-10-31', '2020-11-25 13:56:32', NULL, 0),
(408, 1, '7081935337', '77950796', 'LD1333257403', 'NUR HIKMAH', 96, '2020-08-30', '2020-11-12', NULL, '43194671.28', '0.00', '14277568.79', '2020-10-31', '2020-11-25 13:56:32', NULL, 0),
(409, 1, '7081935337', '77950832', 'LD1333276113', 'KIANG', 96, '2020-08-30', '2020-11-12', NULL, '43194671.28', '0.00', '14277568.79', '2020-10-31', '2020-11-25 13:56:32', NULL, 0),
(410, 1, '7081935337', '77950895', 'LD1333242457', 'KUYU', 96, '2020-08-30', '2020-11-12', NULL, '43194671.28', '0.00', '14277568.79', '2020-10-31', '2020-11-25 13:56:32', NULL, 0),
(411, 1, '7081935337', '77950936', 'LD1333227087', 'SAPAO', 96, '2020-08-30', '2020-11-12', NULL, '43194671.28', '0.00', '14277568.79', '2020-10-31', '2020-11-25 13:56:33', NULL, 0),
(412, 1, '7081935337', '77959492', 'LD1333201208', 'MUHAMMAD SOOD', 96, '2020-08-30', '2020-11-12', NULL, '43194671.28', '0.00', '14277568.79', '2020-10-31', '2020-11-25 13:56:33', NULL, 0),
(413, 1, '7081935337', '77959551', 'LD1333213684', 'NURHASANAH', 96, '2020-08-30', '2020-11-12', NULL, '43194671.28', '0.00', '14277568.79', '2020-10-31', '2020-11-25 13:56:33', NULL, 0),
(414, 1, '7081935337', '77959571', 'LD1333206475', 'ROHMAT', 96, '2020-08-30', '2020-11-12', NULL, '43194671.28', '0.00', '14277568.79', '2020-10-31', '2020-11-25 13:56:33', NULL, 0),
(415, 1, '7081935337', '77959624', 'LD1333273389', 'ITIN', 96, '2020-08-30', '2020-11-12', NULL, '43194671.28', '0.00', '14277568.79', '2020-10-31', '2020-11-25 13:56:33', NULL, 0),
(416, 1, '7081935337', '77959666', 'LD1333291553', 'SIWANG', 96, '2020-08-30', '2020-11-12', NULL, '43194671.28', '0.00', '14277568.79', '2020-10-31', '2020-11-25 13:56:33', NULL, 0),
(417, 1, '7081935337', '77959745', 'LD1333231106', 'RUSLI', 96, '2020-08-30', '2020-11-12', NULL, '43194671.28', '0.00', '14277568.79', '2020-10-31', '2020-11-25 13:56:33', NULL, 0),
(418, 1, '7081935337', '77959786', 'LD1333200795', 'NAYAN', 96, '2020-08-30', '2020-11-12', NULL, '43194671.28', '0.00', '14277568.79', '2020-10-31', '2020-11-25 13:56:33', NULL, 0),
(419, 1, '7081935337', '77959812', 'LD1333270888', 'SIINGAU', 96, '2020-08-30', '2020-11-12', NULL, '43194671.28', '0.00', '14277568.79', '2020-10-31', '2020-11-25 13:56:33', NULL, 0),
(420, 1, '7081935337', '77959885', 'LD1333296784', 'SINUHUI', 96, '2020-08-30', '2020-11-12', NULL, '43194671.28', '0.00', '14277568.79', '2020-10-31', '2020-11-25 13:56:34', NULL, 0),
(421, 1, '7081935337', '77961484', 'LD1333243827', 'SUGITO', 96, '2020-08-30', '2020-11-12', NULL, '43194671.28', '0.00', '14277568.79', '2020-10-31', '2020-11-25 13:56:34', NULL, 0),
(422, 1, '7081935337', '77961601', 'LD1333220167', 'TATING', 96, '2020-08-30', '2020-11-12', NULL, '43194671.28', '0.00', '14277568.79', '2020-10-31', '2020-11-25 13:56:34', NULL, 0),
(423, 1, '7081935337', '77961617', 'LD1333256811', 'TURI', 96, '2020-08-30', '2020-11-12', NULL, '43194671.28', '0.00', '14277568.79', '2020-10-31', '2020-11-25 13:56:34', NULL, 0),
(424, 1, '7081935337', '77961623', 'LD1333248529', 'TUTIK', 96, '2020-08-30', '2020-11-12', NULL, '43194671.28', '0.00', '14277568.79', '2020-10-31', '2020-11-25 13:56:34', NULL, 0),
(425, 1, '7081935337', '77961644', 'LD1333268400', 'USUP', 96, '2020-08-30', '2020-11-12', NULL, '43194671.28', '0.00', '14277568.79', '2020-10-31', '2020-11-25 13:56:34', NULL, 0),
(426, 1, '7081935337', '77967139', 'LD1333247358', 'YANI', 96, '2020-08-30', '2020-11-12', NULL, '43194671.28', '0.00', '14277568.79', '2020-10-31', '2020-11-25 13:56:35', NULL, 0),
(427, 1, '7081935337', '77967172', 'LD1333217036', 'IIS', 96, '2020-08-30', '2020-11-12', NULL, '43194671.28', '0.00', '14277568.79', '2020-10-31', '2020-11-25 13:56:35', NULL, 0),
(428, 1, '7081935337', '77967198', 'LD1333280074', 'ILAU', 96, '2020-08-30', '2020-11-12', NULL, '43194671.28', '0.00', '14277568.79', '2020-10-31', '2020-11-25 13:56:35', NULL, 0),
(429, 1, '7081935337', '77967256', 'LD1333297740', 'YUNUS', 96, '2020-08-30', '2020-11-12', NULL, '43194671.28', '0.00', '14277568.79', '2020-10-31', '2020-11-25 13:56:35', NULL, 0),
(430, 1, '7081935337', '77970602', 'LD1333214815', 'AMENG', 96, '2020-08-30', '2020-11-12', NULL, '43194671.28', '0.00', '14277568.79', '2020-10-31', '2020-11-25 13:56:35', NULL, 0),
(431, 1, '7081935337', '77980511', 'LD1333296091', 'RUSMAYA', 96, '2020-08-30', '2020-11-12', NULL, '43194671.28', '0.00', '14277568.79', '2020-10-31', '2020-11-25 13:56:35', NULL, 0),
(432, 1, '7081935337', '77980512', 'LD1333278529', 'ALUH', 96, '2020-08-30', '2020-11-12', NULL, '43194671.28', '0.00', '14277568.79', '2020-10-31', '2020-11-25 13:56:35', NULL, 0),
(433, 1, '7081935337', '77980513', 'LD1333293297', 'RITA', 96, '2020-08-30', '2020-11-12', NULL, '43194671.28', '0.00', '14277568.79', '2020-10-31', '2020-11-25 13:56:35', NULL, 0),
(434, 1, '7081935337', '77980514', 'LD1333284203', 'HASTUTI', 96, '2020-08-30', '2020-11-12', NULL, '43194671.28', '0.00', '14277568.79', '2020-10-31', '2020-11-25 13:56:35', NULL, 0),
(435, 1, '7081935337', '77980515', 'LD1333279472', 'EMAN', 96, '2020-08-30', '2020-11-12', NULL, '43194671.28', '0.00', '14277568.79', '2020-10-31', '2020-11-25 13:56:36', NULL, 0),
(436, 1, '7081935337', '77980516', 'LD1333267144', 'MEGAWATI', 96, '2020-08-30', '2020-11-12', NULL, '43194671.28', '0.00', '14277568.79', '2020-10-31', '2020-11-25 13:56:36', NULL, 0),
(437, 1, '7081935337', '77980517', 'LD1333240720', 'KARTIRAT', 96, '2020-08-30', '2020-11-12', NULL, '43194671.28', '0.00', '14277568.79', '2020-10-31', '2020-11-25 13:56:36', NULL, 0),
(438, 1, '7081935337', '77980518', 'LD1333236042', 'NAOMI ADE EKA', 96, '2020-08-30', '2020-11-12', NULL, '43194671.28', '0.00', '14277568.79', '2020-10-31', '2020-11-25 13:56:36', NULL, 0),
(439, 1, '7081935337', '77980519', 'LD1333299129', 'DESMAN', 96, '2020-08-30', '2020-11-12', NULL, '43194671.28', '0.00', '14277568.79', '2020-10-31', '2020-11-25 13:56:36', NULL, 0),
(440, 1, '7081935337', '77980520', 'LD1333228065', 'M SUWANDI', 96, '2020-08-30', '2020-11-12', NULL, '43194671.28', '0.00', '14277568.79', '2020-10-31', '2020-11-25 13:56:36', NULL, 0),
(441, 1, '7081935337', '77980522', 'LD1333200810', 'NENENG YUNINGSIH', 96, '2020-08-30', '2020-11-12', NULL, '43194671.28', '0.00', '14277568.79', '2020-10-31', '2020-11-25 13:56:36', NULL, 0),
(442, 1, '7081935337', '77980523', 'LD1333201620', 'NURUL', 96, '2020-08-30', '2020-11-12', NULL, '43194671.28', '0.00', '14277568.79', '2020-10-31', '2020-11-25 13:56:36', NULL, 0),
(443, 1, '7081935337', '77980524', 'LD1333221797', 'FLORIDA', 96, '2020-08-30', '2020-11-12', NULL, '43194671.28', '0.00', '14277568.79', '2020-10-31', '2020-11-25 13:56:36', NULL, 0),
(444, 1, '7081935337', '77980525', 'LD1333209986', 'PURIDA', 96, '2020-08-30', '2020-11-12', NULL, '43194671.28', '0.00', '14277568.79', '2020-10-31', '2020-11-25 13:56:36', NULL, 0),
(445, 1, '7081935337', '77980531', 'LD1333257332', 'OPRIE', 96, '2020-08-30', '2020-11-12', NULL, '43194671.28', '0.00', '14277568.79', '2020-10-31', '2020-11-25 13:56:37', NULL, 0),
(446, 1, '7081935337', '77980533', 'LD1333209207', 'ANA', 96, '2020-08-30', '2020-11-12', NULL, '43194671.28', '0.00', '14277568.79', '2020-10-31', '2020-11-25 13:56:37', NULL, 0),
(447, 1, '7081935337', '77980535', 'LD1333298060', 'SINARI', 96, '2020-08-30', '2020-11-12', NULL, '43194671.28', '0.00', '14277568.79', '2020-10-31', '2020-11-25 13:56:37', NULL, 0),
(448, 1, '7081935337', '77980538', 'LD1333219612', 'KARIM', 96, '2020-08-30', '2020-11-12', NULL, '43194671.28', '0.00', '14277568.79', '2020-10-31', '2020-11-25 13:56:37', NULL, 0),
(449, 1, '7081935337', '77980539', 'LD1333201160', 'HERA', 96, '2020-08-30', '2020-11-12', NULL, '43194671.28', '0.00', '14277568.79', '2020-10-31', '2020-11-25 13:56:37', NULL, 0),
(450, 1, '7081935337', '77980541', 'LD1333269160', 'HENI', 96, '2020-08-30', '2020-11-12', NULL, '43194671.28', '0.00', '14277568.79', '2020-10-31', '2020-11-25 13:56:37', NULL, 0),
(451, 1, '7081935337', '77980543', 'LD1333236081', 'MUHAMMAD BUSTANI', 96, '2020-08-30', '2020-11-12', NULL, '43194671.28', '0.00', '14277568.79', '2020-10-31', '2020-11-25 13:56:37', NULL, 0),
(452, 1, '7081935337', '77980549', 'LD1333211003', 'HARSONO', 96, '2020-08-30', '2020-11-12', NULL, '43194671.28', '0.00', '14277568.79', '2020-10-31', '2020-11-25 13:56:37', NULL, 0),
(453, 1, '7081935337', '77980601', 'LD1333280004', 'FATIMAH', 96, '2020-08-30', '2020-11-12', NULL, '43194671.28', '0.00', '14277568.79', '2020-10-31', '2020-11-25 13:56:37', NULL, 0),
(454, 1, '7081935337', '77980637', 'LD1333261808', 'SURIAWATI', 96, '2020-08-30', '2020-11-12', NULL, '43194671.28', '0.00', '14277568.79', '2020-10-31', '2020-11-25 13:56:37', NULL, 0),
(455, 1, '7081935337', '78008643', 'LD1333200207', 'GUNCING', 96, '2020-08-30', '2020-11-12', NULL, '43194671.28', '0.00', '14277568.79', '2020-10-31', '2020-11-25 13:56:38', NULL, 0),
(456, 1, '7081935337', '78008787', 'LD1333215637', 'GUTAU', 96, '2020-08-30', '2020-11-12', NULL, '43194671.28', '0.00', '14277568.79', '2020-10-31', '2020-11-25 13:56:38', NULL, 0),
(457, 1, '7081935337', '78008818', 'LD1333228203', 'KIYAN', 96, '2020-08-30', '2020-11-12', NULL, '43194671.28', '0.00', '14277568.79', '2020-10-31', '2020-11-25 13:56:38', NULL, 0),
(458, 1, '7081935337', '78008870', 'LD1333282033', 'TIUN', 96, '2020-08-30', '2020-11-12', NULL, '43194671.28', '0.00', '14277568.79', '2020-10-31', '2020-11-25 13:56:38', NULL, 0),
(459, 1, '7081935337', '78008892', 'LD1333224300', 'BULEH', 96, '2020-08-30', '2020-11-12', NULL, '43194671.28', '0.00', '14277568.79', '2020-10-31', '2020-11-25 13:56:38', NULL, 0),
(460, 1, '7081935337', '78009543', 'LD1333220029', 'MUHAMMAD MAHMUDIN', 96, '2020-08-30', '2020-11-12', NULL, '43194671.28', '0.00', '14277568.79', '2020-10-31', '2020-11-25 13:56:38', NULL, 0),
(461, 1, '7081935337', '78009560', 'LD1333243820', 'LINA', 96, '2020-08-30', '2020-11-12', NULL, '43194671.28', '0.00', '14277568.79', '2020-10-31', '2020-11-25 13:56:38', NULL, 0),
(462, 1, '7081935337', '78009661', 'LD1333239312', 'MAHIYAU', 96, '2020-08-30', '2020-11-12', NULL, '43194671.28', '0.00', '14277568.79', '2020-10-31', '2020-11-25 13:56:38', NULL, 0),
(463, 1, '7081935337', '78009742', 'LD1333224399', 'MULYANI', 96, '2020-08-30', '2020-11-12', NULL, '43194671.28', '0.00', '14277568.79', '2020-10-31', '2020-11-25 13:56:38', NULL, 0),
(464, 1, '7081935337', '78009773', 'LD1333219894', 'SIAM', 96, '2020-08-30', '2020-11-12', NULL, '43194671.28', '0.00', '14277568.79', '2020-10-31', '2020-11-25 13:56:39', NULL, 0),
(465, 1, '7081935337', '78009793', 'LD1333203879', 'SIGUNTUI', 96, '2020-08-30', '2020-11-12', NULL, '43194671.28', '0.00', '14277568.79', '2020-10-31', '2020-11-25 13:56:39', NULL, 0),
(466, 1, '7081935337', '78009852', 'LD1333207038', 'TAIPUH', 96, '2020-08-30', '2020-11-12', NULL, '43194671.28', '0.00', '14277568.79', '2020-10-31', '2020-11-25 13:56:39', NULL, 0),
(467, 1, '7081935337', '78009925', 'LD1333287691', 'USID', 96, '2020-08-30', '2020-11-12', NULL, '43194671.28', '0.00', '14277568.79', '2020-10-31', '2020-11-25 13:56:39', NULL, 0),
(468, 1, '7081935337', '78009977', 'LD1333222013', 'IYUS', 96, '2020-08-30', '2020-11-12', NULL, '43194671.28', '0.00', '14277568.79', '2020-10-31', '2020-11-25 13:56:39', NULL, 0),
(469, 1, '7081935337', '78010040', 'LD1333241871', 'AMAH', 96, '2020-08-30', '2020-11-12', NULL, '43194671.28', '0.00', '14277568.79', '2020-10-31', '2020-11-25 13:56:39', NULL, 0),
(470, 1, '7081935337', '78010068', 'LD1333284324', 'CABE', 96, '2020-08-30', '2020-11-12', NULL, '43194671.28', '0.00', '14277568.79', '2020-10-31', '2020-11-25 13:56:39', NULL, 0),
(471, 1, '7081935337', '78010095', 'LD1333230428', 'ASONG', 96, '2020-08-30', '2020-11-12', NULL, '43194671.28', '0.00', '14277568.79', '2020-10-31', '2020-11-25 13:56:39', NULL, 0),
(472, 1, '7081935337', '78010142', 'LD1333213599', 'MUTAN', 96, '2020-08-30', '2020-11-12', NULL, '43194671.28', '0.00', '14277568.79', '2020-10-31', '2020-11-25 13:56:39', NULL, 0),
(473, 1, '7081935337', '78010171', 'LD1333200533', 'SIILAS', 96, '2020-08-30', '2020-11-12', NULL, '43194671.28', '0.00', '14277568.79', '2020-10-31', '2020-11-25 13:56:39', NULL, 0),
(474, 1, '7081935337', '78010194', 'LD1333292964', 'KIUNG', 96, '2020-08-30', '2020-11-12', NULL, '43194671.28', '0.00', '14277568.79', '2020-10-31', '2020-11-25 13:56:40', NULL, 0),
(475, 1, '7081935337', '78010234', 'LD1333243013', 'ANTING', 96, '2020-08-30', '2020-11-12', NULL, '43194671.28', '0.00', '14277568.79', '2020-10-31', '2020-11-25 13:56:40', NULL, 0),
(476, 1, '7081935337', '78010246', 'LD1333250303', 'RUSTAM', 96, '2020-08-30', '2020-11-12', NULL, '43194671.28', '0.00', '14277568.79', '2020-10-31', '2020-11-25 13:56:40', NULL, 0),
(477, 1, '7081935337', '78010266', 'LD1333216506', 'YANTO', 96, '2020-08-30', '2020-11-12', NULL, '43194671.28', '0.00', '14277568.79', '2020-10-31', '2020-11-25 13:56:40', NULL, 0),
(478, 1, '7081935337', '78010321', 'LD1333296614', 'RINA', 96, '2020-08-30', '2020-11-12', NULL, '43194671.28', '0.00', '14277568.79', '2020-10-31', '2020-11-25 13:56:40', NULL, 0),
(479, 1, '7081935337', '78010349', 'LD1333274852', 'IKUS', 96, '2020-08-30', '2020-11-12', NULL, '43194671.28', '0.00', '14277568.79', '2020-10-31', '2020-11-25 13:56:40', NULL, 0),
(480, 1, '7081935337', '78010372', 'LD1333240644', 'MUHAMMAD ABDULLAH YUSNI', 96, '2020-08-30', '2020-11-12', NULL, '43194671.28', '0.00', '14277568.79', '2020-10-31', '2020-11-25 13:56:40', NULL, 0),
(481, 1, '7081935337', '78010395', 'LD1333264814', 'BAIN', 96, '2020-08-30', '2020-11-12', NULL, '43194671.28', '0.00', '14277568.79', '2020-10-31', '2020-11-25 13:56:40', NULL, 0),
(482, 1, '7081935337', '78010407', 'LD1333285649', 'IYAT NODIN', 96, '2020-08-30', '2020-11-12', NULL, '43194671.28', '0.00', '14277568.79', '2020-10-31', '2020-11-25 13:56:40', NULL, 0),
(483, 1, '7081935337', '78010429', 'LD1333270754', 'YANI', 96, '2020-08-30', '2020-11-12', NULL, '43194671.28', '0.00', '14277568.79', '2020-10-31', '2020-11-25 13:56:40', NULL, 0),
(484, 1, '7081935337', '78010450', 'LD1333263000', 'BOGOR', 96, '2020-08-30', '2020-11-12', NULL, '43194671.28', '0.00', '14277568.79', '2020-10-31', '2020-11-25 13:56:40', NULL, 0),
(485, 1, '7081935337', '78011254', 'LD1333204200', 'IRUS', 96, '2020-08-30', '2020-11-12', NULL, '43194671.28', '0.00', '14277568.79', '2020-10-31', '2020-11-25 13:56:40', NULL, 0),
(486, 1, '7081935337', '78011417', 'LD1333260560', 'IRA SULASTRI', 96, '2020-08-30', '2020-11-12', NULL, '43194671.28', '0.00', '14277568.79', '2020-10-31', '2020-11-25 13:56:40', NULL, 0),
(487, 1, '7081935337', '78011436', 'LD1333260868', 'YUPIANA', 96, '2020-08-30', '2020-11-12', NULL, '43194671.28', '0.00', '14277568.79', '2020-10-31', '2020-11-25 13:56:40', NULL, 0),
(488, 1, '7081935337', '78011524', 'LD1333209098', 'IPUL', 96, '2020-08-30', '2020-11-12', NULL, '43194671.28', '0.00', '14277568.79', '2020-10-31', '2020-11-25 13:56:41', NULL, 0),
(489, 1, '7081935337', '78011559', 'LD1333269801', 'AGUS', 96, '2020-08-30', '2020-11-12', NULL, '43194671.28', '0.00', '14277568.79', '2020-10-31', '2020-11-25 13:56:41', NULL, 0),
(490, 1, '7081935337', '78011595', 'LD1333296302', 'FERNANDO HARIS PURBA', 96, '2020-08-30', '2020-11-12', NULL, '43194671.28', '0.00', '14277568.79', '2020-10-31', '2020-11-25 13:56:41', NULL, 0),
(491, 1, '7081935337', '78011620', 'LD1333291352', 'SERIYAH', 96, '2020-08-30', '2020-11-12', NULL, '43194671.28', '0.00', '14277568.79', '2020-10-31', '2020-11-25 13:56:41', NULL, 0),
(492, 1, '7081935337', '78011649', 'LD1333279226', 'SIIKIT', 96, '2020-08-30', '2020-11-12', NULL, '43194671.28', '0.00', '14277568.79', '2020-10-31', '2020-11-25 13:56:41', NULL, 0),
(493, 1, '7081935337', '78011779', 'LD1333200697', 'KIKI', 96, '2020-08-30', '2020-11-12', NULL, '43194671.28', '0.00', '14277568.79', '2020-10-31', '2020-11-25 13:56:41', NULL, 0),
(494, 1, '7081935337', '78011804', 'LD1333250101', 'YUNI', 96, '2020-08-30', '2020-11-12', NULL, '43194671.28', '0.00', '14277568.79', '2020-10-31', '2020-11-25 13:56:41', NULL, 0),
(495, 1, '7081935337', '78011814', 'LD1333286471', 'IDAMAYANTI', 96, '2020-08-30', '2020-11-12', NULL, '43194671.28', '0.00', '14277568.79', '2020-10-31', '2020-11-25 13:56:41', NULL, 0),
(496, 1, '7081935337', '78011857', 'LD1333255574', 'TAWULA', 96, '2020-08-30', '2020-11-12', NULL, '43194671.28', '0.00', '14277568.79', '2020-10-31', '2020-11-25 13:56:41', NULL, 0),
(497, 1, '7081935337', '78011872', 'LD1333262909', 'SALEH', 96, '2020-08-30', '2020-11-12', NULL, '43194671.28', '0.00', '14277568.79', '2020-10-31', '2020-11-25 13:56:41', NULL, 0),
(498, 1, '7081935337', '78011883', 'LD1333213913', 'FIRMAN', 96, '2020-08-30', '2020-11-12', NULL, '43194671.28', '0.00', '14277568.79', '2020-10-31', '2020-11-25 13:56:41', NULL, 0),
(499, 1, '7081935337', '78011894', 'LD1333200225', 'HARTI DWI WAHYUNI', 96, '2020-08-30', '2020-11-12', NULL, '43194671.28', '0.00', '14277568.79', '2020-10-31', '2020-11-25 13:56:42', NULL, 0),
(500, 1, '7081935337', '78011930', 'LD1333293509', 'RUSTATI', 96, '2020-08-30', '2020-11-12', NULL, '43194671.28', '0.00', '14277568.79', '2020-10-31', '2020-11-25 13:56:42', NULL, 0),
(501, 1, '7081935337', '78011986', 'LD1333220003', 'REMI ISANDI', 96, '2020-08-30', '2020-11-12', NULL, '43194671.28', '0.00', '14277568.79', '2020-10-31', '2020-11-25 13:56:42', NULL, 0),
(502, 1, '7081935337', '78012000', 'LD1333281436', 'HALIM', 96, '2020-08-30', '2020-11-12', NULL, '43194671.28', '0.00', '14277568.79', '2020-10-31', '2020-11-25 13:56:42', NULL, 0),
(503, 1, '7081935337', '78012019', 'LD1333259738', 'MAS DENDI', 96, '2020-08-30', '2020-11-12', NULL, '43194671.28', '0.00', '14277568.79', '2020-10-31', '2020-11-25 13:56:42', NULL, 0),
(504, 3, '7090065755', '77950430', 'LD1333290116', 'FIRMANSYAH', 96, '2020-08-30', '2020-11-12', NULL, '43194671.28', '0.00', '14277568.79', '2020-10-31', '2020-12-01 09:30:42', NULL, 0),
(505, 3, '7090065755', '77950510', 'LD1333281341', 'DIKMIN', 96, '2020-08-30', '2020-11-12', NULL, '43194671.28', '0.00', '14277568.79', '2020-10-31', '2020-12-01 09:30:42', NULL, 0),
(506, 3, '7090065755', '77950566', 'LD1333233191', 'SITUAS', 96, '2020-08-30', '2020-11-12', NULL, '43194671.28', '0.00', '14277568.79', '2020-10-31', '2020-12-01 09:30:42', NULL, 0),
(507, 3, '7090065755', '77950668', 'LD1333254153', 'SIGATIN', 96, '2020-08-30', '2020-11-12', NULL, '43194671.28', '0.00', '14277568.79', '2020-10-31', '2020-12-01 09:30:42', NULL, 0),
(508, 3, '7090065755', '77950796', 'LD1333257403', 'NUR HIKMAH', 96, '2020-08-30', '2020-11-12', NULL, '43194671.28', '0.00', '14277568.79', '2020-10-31', '2020-12-01 09:30:42', NULL, 0),
(509, 3, '7090065755', '77950832', 'LD1333276113', 'KIANG', 96, '2020-08-30', '2020-11-12', NULL, '43194671.28', '0.00', '14277568.79', '2020-10-31', '2020-12-01 09:30:42', NULL, 0),
(510, 3, '7090065755', '77950895', 'LD1333242457', 'KUYU', 96, '2020-08-30', '2020-11-12', NULL, '43194671.28', '0.00', '14277568.79', '2020-10-31', '2020-12-01 09:30:42', NULL, 0),
(511, 3, '7090065755', '77950936', 'LD1333227087', 'SAPAO', 96, '2020-08-30', '2020-11-12', NULL, '43194671.28', '0.00', '14277568.79', '2020-10-31', '2020-12-01 09:30:42', NULL, 0),
(512, 3, '7090065755', '77959492', 'LD1333201208', 'MUHAMMAD SOOD', 96, '2020-08-30', '2020-11-12', NULL, '43194671.28', '0.00', '14277568.79', '2020-10-31', '2020-12-01 09:30:43', NULL, 0),
(513, 3, '7090065755', '77959551', 'LD1333213684', 'NURHASANAH', 96, '2020-08-30', '2020-11-12', NULL, '43194671.28', '0.00', '14277568.79', '2020-10-31', '2020-12-01 09:30:43', NULL, 0),
(514, 3, '7090065755', '77959571', 'LD1333206475', 'ROHMAT', 96, '2020-08-30', '2020-11-12', NULL, '43194671.28', '0.00', '14277568.79', '2020-10-31', '2020-12-01 09:30:43', NULL, 0),
(515, 3, '7090065755', '77959624', 'LD1333273389', 'ITIN', 96, '2020-08-30', '2020-11-12', NULL, '43194671.28', '0.00', '14277568.79', '2020-10-31', '2020-12-01 09:30:43', NULL, 0),
(516, 3, '7090065755', '77959666', 'LD1333291553', 'SIWANG', 96, '2020-08-30', '2020-11-12', NULL, '43194671.28', '0.00', '14277568.79', '2020-10-31', '2020-12-01 09:30:43', NULL, 0),
(517, 3, '7090065755', '77959745', 'LD1333231106', 'RUSLI', 96, '2020-08-30', '2020-11-12', NULL, '43194671.28', '0.00', '14277568.79', '2020-10-31', '2020-12-01 09:30:43', NULL, 0),
(518, 3, '7090065755', '77959786', 'LD1333200795', 'NAYAN', 96, '2020-08-30', '2020-11-12', NULL, '43194671.28', '0.00', '14277568.79', '2020-10-31', '2020-12-01 09:30:43', NULL, 0),
(519, 3, '7090065755', '77959812', 'LD1333270888', 'SIINGAU', 96, '2020-08-30', '2020-11-12', NULL, '43194671.28', '0.00', '14277568.79', '2020-10-31', '2020-12-01 09:30:43', NULL, 0),
(520, 3, '7090065755', '77959885', 'LD1333296784', 'SINUHUI', 96, '2020-08-30', '2020-11-12', NULL, '43194671.28', '0.00', '14277568.79', '2020-10-31', '2020-12-01 09:30:43', NULL, 0),
(521, 3, '7090065755', '77961484', 'LD1333243827', 'SUGITO', 96, '2020-08-30', '2020-11-12', NULL, '43194671.28', '0.00', '14277568.79', '2020-10-31', '2020-12-01 09:30:43', NULL, 0),
(522, 3, '7090065755', '77961601', 'LD1333220167', 'TATING', 96, '2020-08-30', '2020-11-12', NULL, '43194671.28', '0.00', '14277568.79', '2020-10-31', '2020-12-01 09:30:43', NULL, 0),
(523, 3, '7090065755', '77961617', 'LD1333256811', 'TURI', 96, '2020-08-30', '2020-11-12', NULL, '43194671.28', '0.00', '14277568.79', '2020-10-31', '2020-12-01 09:30:43', NULL, 0),
(524, 3, '7090065755', '77961623', 'LD1333248529', 'TUTIK', 96, '2020-08-30', '2020-11-12', NULL, '43194671.28', '0.00', '14277568.79', '2020-10-31', '2020-12-01 09:30:44', NULL, 0),
(525, 3, '7090065755', '77961644', 'LD1333268400', 'USUP', 96, '2020-08-30', '2020-11-12', NULL, '43194671.28', '0.00', '14277568.79', '2020-10-31', '2020-12-01 09:30:44', NULL, 0),
(526, 3, '7090065755', '77967139', 'LD1333247358', 'YANI', 96, '2020-08-30', '2020-11-12', NULL, '43194671.28', '0.00', '14277568.79', '2020-10-31', '2020-12-01 09:30:44', NULL, 0),
(527, 3, '7090065755', '77967172', 'LD1333217036', 'IIS', 96, '2020-08-30', '2020-11-12', NULL, '43194671.28', '0.00', '14277568.79', '2020-10-31', '2020-12-01 09:30:44', NULL, 0),
(528, 3, '7090065755', '77967198', 'LD1333280074', 'ILAU', 96, '2020-08-30', '2020-11-12', NULL, '43194671.28', '0.00', '14277568.79', '2020-10-31', '2020-12-01 09:30:44', NULL, 0),
(529, 3, '7090065755', '77967256', 'LD1333297740', 'YUNUS', 96, '2020-08-30', '2020-11-12', NULL, '43194671.28', '0.00', '14277568.79', '2020-10-31', '2020-12-01 09:30:44', NULL, 0),
(530, 3, '7090065755', '77970602', 'LD1333214815', 'AMENG', 96, '2020-08-30', '2020-11-12', NULL, '43194671.28', '0.00', '14277568.79', '2020-10-31', '2020-12-01 09:30:44', NULL, 0),
(531, 3, '7090065755', '77980511', 'LD1333296091', 'RUSMAYA', 96, '2020-08-30', '2020-11-12', NULL, '43194671.28', '0.00', '14277568.79', '2020-10-31', '2020-12-01 09:30:44', NULL, 0),
(532, 3, '7090065755', '77980512', 'LD1333278529', 'ALUH', 96, '2020-08-30', '2020-11-12', NULL, '43194671.28', '0.00', '14277568.79', '2020-10-31', '2020-12-01 09:30:44', NULL, 0),
(533, 3, '7090065755', '77980513', 'LD1333293297', 'RITA', 96, '2020-08-30', '2020-11-12', NULL, '43194671.28', '0.00', '14277568.79', '2020-10-31', '2020-12-01 09:30:44', NULL, 0),
(534, 3, '7090065755', '77980514', 'LD1333284203', 'HASTUTI', 96, '2020-08-30', '2020-11-12', NULL, '43194671.28', '0.00', '14277568.79', '2020-10-31', '2020-12-01 09:30:44', NULL, 0),
(535, 3, '7090065755', '77980515', 'LD1333279472', 'EMAN', 96, '2020-08-30', '2020-11-12', NULL, '43194671.28', '0.00', '14277568.79', '2020-10-31', '2020-12-01 09:30:45', NULL, 0),
(536, 3, '7090065755', '77980516', 'LD1333267144', 'MEGAWATI', 96, '2020-08-30', '2020-11-12', NULL, '43194671.28', '0.00', '14277568.79', '2020-10-31', '2020-12-01 09:30:45', NULL, 0),
(537, 3, '7090065755', '77980517', 'LD1333240720', 'KARTIRAT', 96, '2020-08-30', '2020-11-12', NULL, '43194671.28', '0.00', '14277568.79', '2020-10-31', '2020-12-01 09:30:45', NULL, 0),
(538, 3, '7090065755', '77980518', 'LD1333236042', 'NAOMI ADE EKA', 96, '2020-08-30', '2020-11-12', NULL, '43194671.28', '0.00', '14277568.79', '2020-10-31', '2020-12-01 09:30:45', NULL, 0),
(539, 3, '7090065755', '77980519', 'LD1333299129', 'DESMAN', 96, '2020-08-30', '2020-11-12', NULL, '43194671.28', '0.00', '14277568.79', '2020-10-31', '2020-12-01 09:30:45', NULL, 0),
(540, 3, '7090065755', '77980520', 'LD1333228065', 'M SUWANDI', 96, '2020-08-30', '2020-11-12', NULL, '43194671.28', '0.00', '14277568.79', '2020-10-31', '2020-12-01 09:30:45', NULL, 0),
(541, 3, '7090065755', '77980522', 'LD1333200810', 'NENENG YUNINGSIH', 96, '2020-08-30', '2020-11-12', NULL, '43194671.28', '0.00', '14277568.79', '2020-10-31', '2020-12-01 09:30:45', NULL, 0),
(542, 3, '7090065755', '77980523', 'LD1333201620', 'NURUL', 96, '2020-08-30', '2020-11-12', NULL, '43194671.28', '0.00', '14277568.79', '2020-10-31', '2020-12-01 09:30:45', NULL, 0),
(543, 3, '7090065755', '77980524', 'LD1333221797', 'FLORIDA', 96, '2020-08-30', '2020-11-12', NULL, '43194671.28', '0.00', '14277568.79', '2020-10-31', '2020-12-01 09:30:45', NULL, 0),
(544, 3, '7090065755', '77980525', 'LD1333209986', 'PURIDA', 96, '2020-08-30', '2020-11-12', NULL, '43194671.28', '0.00', '14277568.79', '2020-10-31', '2020-12-01 09:30:45', NULL, 0),
(545, 3, '7090065755', '77980531', 'LD1333257332', 'OPRIE', 96, '2020-08-30', '2020-11-12', NULL, '43194671.28', '0.00', '14277568.79', '2020-10-31', '2020-12-01 09:30:45', NULL, 0),
(546, 3, '7090065755', '77980533', 'LD1333209207', 'ANA', 96, '2020-08-30', '2020-11-12', NULL, '43194671.28', '0.00', '14277568.79', '2020-10-31', '2020-12-01 09:30:46', NULL, 0),
(547, 3, '7090065755', '77980535', 'LD1333298060', 'SINARI', 96, '2020-08-30', '2020-11-12', NULL, '43194671.28', '0.00', '14277568.79', '2020-10-31', '2020-12-01 09:30:46', NULL, 0),
(548, 3, '7090065755', '77980538', 'LD1333219612', 'KARIM', 96, '2020-08-30', '2020-11-12', NULL, '43194671.28', '0.00', '14277568.79', '2020-10-31', '2020-12-01 09:30:46', NULL, 0),
(549, 3, '7090065755', '77980539', 'LD1333201160', 'HERA', 96, '2020-08-30', '2020-11-12', NULL, '43194671.28', '0.00', '14277568.79', '2020-10-31', '2020-12-01 09:30:46', NULL, 0),
(550, 3, '7090065755', '77980541', 'LD1333269160', 'HENI', 96, '2020-08-30', '2020-11-12', NULL, '43194671.28', '0.00', '14277568.79', '2020-10-31', '2020-12-01 09:30:46', NULL, 0),
(551, 3, '7090065755', '77980543', 'LD1333236081', 'MUHAMMAD BUSTANI', 96, '2020-08-30', '2020-11-12', NULL, '43194671.28', '0.00', '14277568.79', '2020-10-31', '2020-12-01 09:30:46', NULL, 0),
(552, 3, '7090065755', '77980549', 'LD1333211003', 'HARSONO', 96, '2020-08-30', '2020-11-12', NULL, '43194671.28', '0.00', '14277568.79', '2020-10-31', '2020-12-01 09:30:46', NULL, 0),
(553, 3, '7090065755', '77980601', 'LD1333280004', 'FATIMAH', 96, '2020-08-30', '2020-11-12', NULL, '43194671.28', '0.00', '14277568.79', '2020-10-31', '2020-12-01 09:30:46', NULL, 0),
(554, 3, '7090065755', '77980637', 'LD1333261808', 'SURIAWATI', 96, '2020-08-30', '2020-11-12', NULL, '43194671.28', '0.00', '14277568.79', '2020-10-31', '2020-12-01 09:30:46', NULL, 0),
(555, 3, '7090065755', '78008643', 'LD1333200207', 'GUNCING', 96, '2020-08-30', '2020-11-12', NULL, '43194671.28', '0.00', '14277568.79', '2020-10-31', '2020-12-01 09:30:46', NULL, 0),
(556, 3, '7090065755', '78008787', 'LD1333215637', 'GUTAU', 96, '2020-08-30', '2020-11-12', NULL, '43194671.28', '0.00', '14277568.79', '2020-10-31', '2020-12-01 09:30:46', NULL, 0),
(557, 3, '7090065755', '78008818', 'LD1333228203', 'KIYAN', 96, '2020-08-30', '2020-11-12', NULL, '43194671.28', '0.00', '14277568.79', '2020-10-31', '2020-12-01 09:30:47', NULL, 0),
(558, 3, '7090065755', '78008870', 'LD1333282033', 'TIUN', 96, '2020-08-30', '2020-11-12', NULL, '43194671.28', '0.00', '14277568.79', '2020-10-31', '2020-12-01 09:30:47', NULL, 0),
(559, 3, '7090065755', '78008892', 'LD1333224300', 'BULEH', 96, '2020-08-30', '2020-11-12', NULL, '43194671.28', '0.00', '14277568.79', '2020-10-31', '2020-12-01 09:30:47', NULL, 0),
(560, 3, '7090065755', '78009543', 'LD1333220029', 'MUHAMMAD MAHMUDIN', 96, '2020-08-30', '2020-11-12', NULL, '43194671.28', '0.00', '14277568.79', '2020-10-31', '2020-12-01 09:30:47', NULL, 0),
(561, 3, '7090065755', '78009560', 'LD1333243820', 'LINA', 96, '2020-08-30', '2020-11-12', NULL, '43194671.28', '0.00', '14277568.79', '2020-10-31', '2020-12-01 09:30:47', NULL, 0),
(562, 3, '7090065755', '78009661', 'LD1333239312', 'MAHIYAU', 96, '2020-08-30', '2020-11-12', NULL, '43194671.28', '0.00', '14277568.79', '2020-10-31', '2020-12-01 09:30:47', NULL, 0),
(563, 3, '7090065755', '78009742', 'LD1333224399', 'MULYANI', 96, '2020-08-30', '2020-11-12', NULL, '43194671.28', '0.00', '14277568.79', '2020-10-31', '2020-12-01 09:30:47', NULL, 0),
(564, 3, '7090065755', '78009773', 'LD1333219894', 'SIAM', 96, '2020-08-30', '2020-11-12', NULL, '43194671.28', '0.00', '14277568.79', '2020-10-31', '2020-12-01 09:30:47', NULL, 0),
(565, 3, '7090065755', '78009793', 'LD1333203879', 'SIGUNTUI', 96, '2020-08-30', '2020-11-12', NULL, '43194671.28', '0.00', '14277568.79', '2020-10-31', '2020-12-01 09:30:47', NULL, 0),
(566, 3, '7090065755', '78009852', 'LD1333207038', 'TAIPUH', 96, '2020-08-30', '2020-11-12', NULL, '43194671.28', '0.00', '14277568.79', '2020-10-31', '2020-12-01 09:30:47', NULL, 0),
(567, 3, '7090065755', '78009925', 'LD1333287691', 'USID', 96, '2020-08-30', '2020-11-12', NULL, '43194671.28', '0.00', '14277568.79', '2020-10-31', '2020-12-01 09:30:47', NULL, 0),
(568, 3, '7090065755', '78009977', 'LD1333222013', 'IYUS', 96, '2020-08-30', '2020-11-12', NULL, '43194671.28', '0.00', '14277568.79', '2020-10-31', '2020-12-01 09:30:47', NULL, 0),
(569, 3, '7090065755', '78010040', 'LD1333241871', 'AMAH', 96, '2020-08-30', '2020-11-12', NULL, '43194671.28', '0.00', '14277568.79', '2020-10-31', '2020-12-01 09:30:48', NULL, 0),
(570, 3, '7090065755', '78010068', 'LD1333284324', 'CABE', 96, '2020-08-30', '2020-11-12', NULL, '43194671.28', '0.00', '14277568.79', '2020-10-31', '2020-12-01 09:30:48', NULL, 0),
(571, 3, '7090065755', '78010095', 'LD1333230428', 'ASONG', 96, '2020-08-30', '2020-11-12', NULL, '43194671.28', '0.00', '14277568.79', '2020-10-31', '2020-12-01 09:30:48', NULL, 0),
(572, 3, '7090065755', '78010142', 'LD1333213599', 'MUTAN', 96, '2020-08-30', '2020-11-12', NULL, '43194671.28', '0.00', '14277568.79', '2020-10-31', '2020-12-01 09:30:48', NULL, 0),
(573, 3, '7090065755', '78010171', 'LD1333200533', 'SIILAS', 96, '2020-08-30', '2020-11-12', NULL, '43194671.28', '0.00', '14277568.79', '2020-10-31', '2020-12-01 09:30:48', NULL, 0),
(574, 3, '7090065755', '78010194', 'LD1333292964', 'KIUNG', 96, '2020-08-30', '2020-11-12', NULL, '43194671.28', '0.00', '14277568.79', '2020-10-31', '2020-12-01 09:30:48', NULL, 0);
INSERT INTO `tbl_anggota_channeling` (`id`, `id_koperasi`, `fk_rek_pembayaran`, `nocif_anggota`, `noloan_anggota`, `nm_anggota`, `tenor`, `tgl_pencairan`, `tgl_ospokok`, `tgl_tunggakan`, `nom_pencairan`, `tunggakan`, `os_pokok`, `ficmisDate`, `createDate`, `updateDate`, `isDelete`) VALUES
(575, 3, '7090065755', '78010234', 'LD1333243013', 'ANTING', 96, '2020-08-30', '2020-11-12', NULL, '43194671.28', '0.00', '14277568.79', '2020-10-31', '2020-12-01 09:30:48', NULL, 0),
(576, 3, '7090065755', '78010246', 'LD1333250303', 'RUSTAM', 96, '2020-08-30', '2020-11-12', NULL, '43194671.28', '0.00', '14277568.79', '2020-10-31', '2020-12-01 09:30:48', NULL, 0),
(577, 3, '7090065755', '78010266', 'LD1333216506', 'YANTO', 96, '2020-08-30', '2020-11-12', NULL, '43194671.28', '0.00', '14277568.79', '2020-10-31', '2020-12-01 09:30:48', NULL, 0),
(578, 3, '7090065755', '78010321', 'LD1333296614', 'RINA', 96, '2020-08-30', '2020-11-12', NULL, '43194671.28', '0.00', '14277568.79', '2020-10-31', '2020-12-01 09:30:48', NULL, 0),
(579, 3, '7090065755', '78010349', 'LD1333274852', 'IKUS', 96, '2020-08-30', '2020-11-12', NULL, '43194671.28', '0.00', '14277568.79', '2020-10-31', '2020-12-01 09:30:49', NULL, 0),
(580, 3, '7090065755', '78010372', 'LD1333240644', 'MUHAMMAD ABDULLAH YUSNI', 96, '2020-08-30', '2020-11-12', NULL, '43194671.28', '0.00', '14277568.79', '2020-10-31', '2020-12-01 09:30:49', NULL, 0),
(581, 3, '7090065755', '78010395', 'LD1333264814', 'BAIN', 96, '2020-08-30', '2020-11-12', NULL, '43194671.28', '0.00', '14277568.79', '2020-10-31', '2020-12-01 09:30:49', NULL, 0),
(582, 3, '7090065755', '78010407', 'LD1333285649', 'IYAT NODIN', 96, '2020-08-30', '2020-11-12', NULL, '43194671.28', '0.00', '14277568.79', '2020-10-31', '2020-12-01 09:30:49', NULL, 0),
(583, 3, '7090065755', '78010429', 'LD1333270754', 'YANI', 96, '2020-08-30', '2020-11-12', NULL, '43194671.28', '0.00', '14277568.79', '2020-10-31', '2020-12-01 09:30:49', NULL, 0),
(584, 3, '7090065755', '78010450', 'LD1333263000', 'BOGOR', 96, '2020-08-30', '2020-11-12', NULL, '43194671.28', '0.00', '14277568.79', '2020-10-31', '2020-12-01 09:30:49', NULL, 0),
(585, 3, '7090065755', '78011254', 'LD1333204200', 'IRUS', 96, '2020-08-30', '2020-11-12', NULL, '43194671.28', '0.00', '14277568.79', '2020-10-31', '2020-12-01 09:30:49', NULL, 0),
(586, 3, '7090065755', '78011417', 'LD1333260560', 'IRA SULASTRI', 96, '2020-08-30', '2020-11-12', NULL, '43194671.28', '0.00', '14277568.79', '2020-10-31', '2020-12-01 09:30:49', NULL, 0),
(587, 3, '7090065755', '78011436', 'LD1333260868', 'YUPIANA', 96, '2020-08-30', '2020-11-12', NULL, '43194671.28', '0.00', '14277568.79', '2020-10-31', '2020-12-01 09:30:49', NULL, 0),
(588, 3, '7090065755', '78011524', 'LD1333209098', 'IPUL', 96, '2020-08-30', '2020-11-12', NULL, '43194671.28', '0.00', '14277568.79', '2020-10-31', '2020-12-01 09:30:50', NULL, 0),
(589, 3, '7090065755', '78011559', 'LD1333269801', 'AGUS', 96, '2020-08-30', '2020-11-12', NULL, '43194671.28', '0.00', '14277568.79', '2020-10-31', '2020-12-01 09:30:50', NULL, 0),
(590, 3, '7090065755', '78011595', 'LD1333296302', 'FERNANDO HARIS PURBA', 96, '2020-08-30', '2020-11-12', NULL, '43194671.28', '0.00', '14277568.79', '2020-10-31', '2020-12-01 09:30:50', NULL, 0),
(591, 3, '7090065755', '78011620', 'LD1333291352', 'SERIYAH', 96, '2020-08-30', '2020-11-12', NULL, '43194671.28', '0.00', '14277568.79', '2020-10-31', '2020-12-01 09:30:50', NULL, 0),
(592, 3, '7090065755', '78011649', 'LD1333279226', 'SIIKIT', 96, '2020-08-30', '2020-11-12', NULL, '43194671.28', '0.00', '14277568.79', '2020-10-31', '2020-12-01 09:30:50', NULL, 0),
(593, 3, '7090065755', '78011779', 'LD1333200697', 'KIKI', 96, '2020-08-30', '2020-11-12', NULL, '43194671.28', '0.00', '14277568.79', '2020-10-31', '2020-12-01 09:30:50', NULL, 0),
(594, 3, '7090065755', '78011804', 'LD1333250101', 'YUNI', 96, '2020-08-30', '2020-11-12', NULL, '43194671.28', '0.00', '14277568.79', '2020-10-31', '2020-12-01 09:30:50', NULL, 0),
(595, 3, '7090065755', '78011814', 'LD1333286471', 'IDAMAYANTI', 96, '2020-08-30', '2020-11-12', NULL, '43194671.28', '0.00', '14277568.79', '2020-10-31', '2020-12-01 09:30:50', NULL, 0),
(596, 3, '7090065755', '78011857', 'LD1333255574', 'TAWULA', 96, '2020-08-30', '2020-11-12', NULL, '43194671.28', '0.00', '14277568.79', '2020-10-31', '2020-12-01 09:30:50', NULL, 0),
(597, 3, '7090065755', '78011872', 'LD1333262909', 'SALEH', 96, '2020-08-30', '2020-11-12', NULL, '43194671.28', '0.00', '14277568.79', '2020-10-31', '2020-12-01 09:30:50', NULL, 0),
(598, 3, '7090065755', '78011883', 'LD1333213913', 'FIRMAN', 96, '2020-08-30', '2020-11-12', NULL, '43194671.28', '0.00', '14277568.79', '2020-10-31', '2020-12-01 09:30:50', NULL, 0),
(599, 3, '7090065755', '78011894', 'LD1333200225', 'HARTI DWI WAHYUNI', 96, '2020-08-30', '2020-11-12', NULL, '43194671.28', '0.00', '14277568.79', '2020-10-31', '2020-12-01 09:30:51', NULL, 0),
(600, 3, '7090065755', '78011930', 'LD1333293509', 'RUSTATI', 96, '2020-08-30', '2020-11-12', NULL, '43194671.28', '0.00', '14277568.79', '2020-10-31', '2020-12-01 09:30:51', NULL, 0),
(601, 3, '7090065755', '78011986', 'LD1333220003', 'REMI ISANDI', 96, '2020-08-30', '2020-11-12', NULL, '43194671.28', '0.00', '14277568.79', '2020-10-31', '2020-12-01 09:30:51', NULL, 0),
(602, 3, '7090065755', '78012000', 'LD1333281436', 'HALIM', 96, '2020-08-30', '2020-11-12', NULL, '43194671.28', '0.00', '14277568.79', '2020-10-31', '2020-12-01 09:30:51', NULL, 0),
(603, 3, '7090065755', '78012019', 'LD1333259738', 'MAS DENDI', 96, '2020-08-30', '2020-11-12', NULL, '43194671.28', '0.00', '14277568.79', '2020-10-31', '2020-12-01 09:30:51', NULL, 0),
(604, 3, '7090065755', '78012026', 'LD1333204609', 'MUHAMMAD YUSUP', 96, '2020-08-30', '2020-11-12', NULL, '43194671.28', '0.00', '14277568.79', '2020-10-31', '2020-12-01 09:30:51', NULL, 0),
(605, 6, '7037973321', '75083025', 'LD1925411696', 'KOPEG PELINDO III', 25, '2019-09-11', '2020-10-31', NULL, '45000000.00', '0.00', '21739720.16', '2020-10-31', '2020-12-01 11:11:16', NULL, 0),
(606, 6, '7037973321', '75083025', 'LD2010878875', 'KOPEG PELINDO III', 97, '2020-04-17', '2020-10-31', NULL, '100000000.00', '0.00', '95809035.07', '2020-10-31', '2020-12-01 11:11:16', NULL, 0),
(607, 6, '7037973321', '75083025', 'LD1913477367', 'KOPEG PELINDO III', 109, '2019-05-14', '2020-10-31', NULL, '100000000.00', '0.00', '89553820.53', '2020-10-31', '2020-12-01 11:11:16', NULL, 0),
(608, 6, '7037973321', '75083025', 'LD1911255090', 'KOPEG PELINDO III', 48, '2019-04-22', '2020-10-31', NULL, '145000000.00', '0.00', '97260974.45', '2020-10-31', '2020-12-01 11:11:16', NULL, 0),
(609, 6, '7037973321', '75083025', 'LD2010836485', 'KOPEG PELINDO III', 73, '2020-04-17', '2020-10-31', NULL, '135000000.00', '0.00', '126570149.81', '2020-10-31', '2020-12-01 11:11:17', NULL, 0),
(610, 6, '7037973321', '75083025', 'LD1913410064', 'KOPEG PELINDO III', 25, '2019-05-14', '2020-10-31', NULL, '175000000.00', '0.00', '54689426.20', '2020-10-31', '2020-12-01 11:11:17', NULL, 0),
(611, 6, '7037973321', '75083025', 'LD1914898093', 'KOPEG PELINDO III', 36, '2019-05-28', '2020-10-31', NULL, '170000000.00', '0.00', '96022043.42', '2020-10-31', '2020-12-01 11:11:17', NULL, 0),
(612, 6, '7037973321', '75083025', 'LD1925404375', 'KOPEG PELINDO III', 73, '2019-09-11', '2020-10-31', NULL, '150000000.00', '0.00', '129099839.77', '2020-10-31', '2020-12-01 11:11:17', NULL, 0),
(613, 6, '7037973321', '75083025', 'LD1911279532', 'KOPEG PELINDO III', 24, '2019-04-22', '2020-10-31', NULL, '220000000.00', '0.00', '59173474.57', '2020-10-31', '2020-12-01 11:11:17', NULL, 0),
(614, 6, '7037973321', '75083025', 'LD1925403749', 'KOPEG PELINDO III', 37, '2019-09-11', '2020-10-31', NULL, '250000000.00', '0.00', '168204372.12', '2020-10-31', '2020-12-01 11:11:17', NULL, 0),
(615, 6, '7037973321', '75083025', 'LD1913442463', 'KOPEG PELINDO III', 97, '2019-05-14', '2020-10-31', NULL, '200000000.00', '0.00', '175124053.33', '2020-10-31', '2020-12-01 11:11:17', NULL, 0),
(616, 6, '7037973321', '75083025', 'LD1920430402', 'KOPEG PELINDO III', 48, '2019-07-23', '2020-10-31', NULL, '250000000.00', '0.00', '182277218.91', '2020-10-31', '2020-12-01 11:11:17', NULL, 0),
(617, 6, '7037973321', '75083025', 'LD1911245490', 'KOPEG PELINDO III', 72, '2019-04-22', '2020-10-31', NULL, '300000000.00', '0.00', '240883027.07', '2020-10-31', '2020-12-01 11:11:17', NULL, 0),
(618, 6, '7037973321', '75083025', 'LD1925457453', 'KOPEG PELINDO III', 97, '2019-09-11', '2020-10-31', NULL, '300000000.00', '0.00', '271945176.04', '2020-10-31', '2020-12-01 11:11:17', NULL, 0),
(619, 6, '7037973321', '75083025', 'LD1913487254', 'KOPEG PELINDO III', 73, '2019-05-14', '2020-10-31', NULL, '335000000.00', '0.00', '272917886.81', '2020-10-31', '2020-12-01 11:11:18', NULL, 0),
(620, 6, '7037973321', '75083025', 'LD1913470713', 'KOPEG PELINDO III', 37, '2019-05-14', '2020-10-31', NULL, '405000000.00', '0.00', '228758397.57', '2020-10-31', '2020-12-01 11:11:18', NULL, 0),
(621, 6, '7037973321', '75083025', 'LD1914896283', 'KOPEG PELINDO III', 96, '2019-05-28', '2020-10-31', NULL, '325000000.00', '0.00', '284576586.65', '2020-10-31', '2020-12-01 11:11:18', NULL, 0),
(622, 6, '7037973321', '75083025', 'LD1920454687', 'KOPEG PELINDO III', 84, '2019-07-23', '2020-10-31', NULL, '350000000.00', '0.00', '303967991.84', '2020-10-31', '2020-12-01 11:11:18', NULL, 0),
(623, 6, '7037973321', '75083025', 'LD1920475204', 'KOPEG PELINDO III', 72, '2019-07-23', '2020-10-31', NULL, '375000000.00', '0.00', '314198901.01', '2020-10-31', '2020-12-01 11:11:18', NULL, 0),
(624, 6, '7037973321', '75083025', 'LD2010840157', 'KOPEG PELINDO III', 109, '2020-04-17', '2020-10-31', NULL, '350000000.00', '0.00', '337680589.37', '2020-10-31', '2020-12-01 11:11:18', NULL, 0),
(625, 6, '7037973321', '75083025', 'LD2010879918', 'KOPEG PELINDO III', 85, '2020-04-17', '2020-10-31', NULL, '400000000.00', '0.00', '379739143.75', '2020-10-31', '2020-12-01 11:11:18', NULL, 0),
(626, 6, '7037973321', '75083025', 'LD1914814341', 'KOPEG PELINDO III', 72, '2019-05-28', '2020-10-31', NULL, '425000000.00', '0.00', '346239110.15', '2020-10-31', '2020-12-01 11:11:18', NULL, 0),
(627, 6, '7037973321', '75083025', 'LD1911219299', 'KOPEG PELINDO III', 36, '2019-04-22', '2020-10-31', NULL, '515000000.00', '0.00', '276696792.48', '2020-10-31', '2020-12-01 11:11:18', NULL, 0),
(628, 6, '7037973321', '75083025', 'LD1913408036', 'KOPEG PELINDO III', 49, '2019-05-14', '2020-10-31', NULL, '500000000.00', '0.00', '345187400.54', '2020-10-31', '2020-12-01 11:11:18', NULL, 0),
(629, 6, '7037973321', '75083025', 'LD1914869837', 'KOPEG PELINDO III', 84, '2019-05-28', '2020-10-31', NULL, '455000000.00', '0.00', '386601780.48', '2020-10-31', '2020-12-01 11:11:18', NULL, 0),
(630, 6, '7037973321', '75083025', 'LD1911243037', 'KOPEG PELINDO III', 96, '2019-04-22', '2020-10-31', NULL, '480000000.00', '0.00', '416516610.31', '2020-10-31', '2020-12-01 11:11:18', NULL, 0),
(631, 6, '7037973321', '75083025', 'LD1920459556', 'KOPEG PELINDO III', 36, '2019-07-23', '2020-10-31', NULL, '730000000.00', '0.00', '452070435.45', '2020-10-31', '2020-12-01 11:11:18', NULL, 0),
(632, 6, '7037973321', '75083025', 'LD1914804096', 'KOPEG PELINDO III', 48, '2019-05-28', '2020-10-31', NULL, '725000000.00', '0.00', '500521730.77', '2020-10-31', '2020-12-01 11:11:18', NULL, 0),
(633, 6, '7037973321', '75083025', 'LD1925472838', 'KOPEG PELINDO III', 85, '2019-09-11', '2020-10-31', NULL, '700000000.00', '0.00', '620883309.49', '2020-10-31', '2020-12-01 11:11:19', NULL, 0),
(634, 6, '7037973321', '75083025', 'LD1911290307', 'KOPEG PELINDO III', 84, '2019-04-22', '2020-10-31', NULL, '750000000.00', '0.00', '630115258.11', '2020-10-31', '2020-12-01 11:11:19', NULL, 0),
(635, 6, '7037973321', '75083025', 'LD1913419316', 'KOPEG PELINDO III', 85, '2019-05-14', '2020-10-31', NULL, '750000000.00', '0.00', '637255682.11', '2020-10-31', '2020-12-01 11:11:19', NULL, 0),
(636, 6, '7037973321', '75083025', 'LD1920464408', 'KOPEG PELINDO III', 108, '2019-07-23', '2020-10-31', NULL, '800000000.00', '0.00', '726885090.38', '2020-10-31', '2020-12-01 11:11:19', NULL, 0),
(637, 6, '7037973321', '75083025', 'LD2010851497', 'KOPEG PELINDO III', 61, '2020-04-17', '2020-10-31', NULL, '961000000.00', '0.00', '884970936.31', '2020-10-31', '2020-12-01 11:11:19', NULL, 0),
(638, 6, '7037973321', '75083025', 'LD1925440412', 'KOPEG PELINDO III', 121, '2019-09-11', '2020-10-31', NULL, '775000000.00', '0.00', '723280558.50', '2020-10-31', '2020-12-01 11:11:19', NULL, 0),
(639, 6, '7037973321', '75083025', 'LD1914869201', 'KOPEG PELINDO III', 60, '2019-05-28', '2020-10-31', NULL, '1157000000.00', '0.00', '885340304.60', '2020-10-31', '2020-12-01 11:11:19', NULL, 0),
(640, 6, '7037973321', '75083025', 'LD1914837081', 'KOPEG PELINDO III', 120, '2019-05-28', '2020-10-31', NULL, '965000000.00', '0.00', '879346963.27', '2020-10-31', '2020-12-01 11:11:19', NULL, 0),
(641, 6, '7037973321', '75083025', 'LD1920474147', 'KOPEG PELINDO III', 96, '2019-07-23', '2020-10-31', NULL, '1075000000.00', '0.00', '958018667.83', '2020-10-31', '2020-12-01 11:11:19', NULL, 0),
(642, 6, '7037973321', '75083025', 'LD1925432809', 'KOPEG PELINDO III', 61, '2019-09-11', '2020-10-31', NULL, '1970000000.00', '0.00', '1622227891.26', '2020-10-31', '2020-12-01 11:11:20', NULL, 0),
(643, 6, '7037973321', '75083025', 'LD1911207706', 'KOPEG PELINDO III', 60, '2019-04-22', '2020-10-31', NULL, '2009000000.00', '0.00', '1507419046.86', '2020-10-31', '2020-12-01 11:11:20', NULL, 0),
(644, 6, '7037973321', '75083025', 'LD1911227158', 'KOPEG PELINDO III', 120, '2019-04-22', '2020-10-31', NULL, '1960000000.00', '0.00', '1775013186.21', '2020-10-31', '2020-12-01 11:11:20', NULL, 0),
(645, 6, '7037973321', '75083025', 'LD1913428172', 'KOPEG PELINDO III', 61, '2019-05-14', '2020-10-31', NULL, '2596000000.00', '0.00', '1986467960.82', '2020-10-31', '2020-12-01 11:11:20', NULL, 0),
(646, 6, '7037973321', '75083025', 'LD1920418309', 'KOPEG PELINDO III', 120, '2019-07-23', '2020-10-31', NULL, '2615000000.00', '0.00', '2411930068.63', '2020-10-31', '2020-12-01 11:11:20', NULL, 0),
(647, 6, '7037973321', '75083025', 'LD1920422587', 'KOPEG PELINDO III', 60, '2019-07-23', '2020-10-31', NULL, '3546000000.00', '0.00', '2817567928.19', '2020-10-31', '2020-12-01 11:11:20', NULL, 0),
(648, 6, '7037973321', '75083025', 'LD2010898881', 'KOPEG PELINDO III', 121, '2020-04-17', '2020-10-31', NULL, '3995000000.00', '0.00', '3875519607.87', '2020-10-31', '2020-12-01 11:11:20', NULL, 0),
(649, 6, '7037973321', '75083025', 'LD1913406908', 'KOPEG PELINDO III', 121, '2019-05-14', '2020-10-31', NULL, '4340000000.00', '0.00', '3954783233.73', '2020-10-31', '2020-12-01 11:11:20', NULL, 0),
(650, 6, '7037973321', '75083025', 'LD1617536415', 'KOPEG PELINDO III', 60, '2016-06-23', '2020-10-31', NULL, '263392826.02', '0.00', '60450140.22', '2020-10-31', '2020-12-01 11:11:20', NULL, 0),
(651, 6, '7037973321', '75083025', 'LD1617529104', 'KOPEG PELINDO III', 96, '2016-06-23', '2020-10-31', NULL, '524769662.47', '0.00', '346003608.85', '2020-10-31', '2020-12-01 11:11:20', NULL, 0),
(652, 6, '7037973321', '75083025', 'LD1617585192', 'KOPEG PELINDO III', 84, '2016-06-23', '2020-10-31', NULL, '865932148.50', '0.00', '494332277.15', '2020-10-31', '2020-12-01 11:11:21', NULL, 0),
(653, 6, '7037973321', '75083025', 'LD1611102196', 'KOPEG PELINDO III', 96, '2016-04-20', '2020-10-31', NULL, '1219055673.02', '0.00', '788307364.51', '2020-10-31', '2020-12-01 11:11:21', NULL, 0),
(654, 6, '7037973321', '75083025', 'LD1609576543', 'KOPEG PELINDO III', 93, '2016-04-04', '2020-10-31', NULL, '1882943881.19', '0.00', '1165577613.45', '2020-10-31', '2020-12-01 11:11:21', NULL, 0),
(655, 6, '7037973321', '75083025', 'LD1614195406', 'KOPEG PELINDO III', 95, '2016-05-20', '2020-10-31', NULL, '2214441595.78', '0.00', '1431977765.18', '2020-10-31', '2020-12-01 11:11:21', NULL, 0),
(656, 6, '7037973321', '75083025', 'LD1608153075', 'KOPEG PELINDO III', 96, '2016-03-21', '2020-10-31', NULL, '4047140454.17', '0.00', '2590327246.66', '2020-10-31', '2020-12-01 11:11:21', NULL, 0),
(657, 6, '7037973321', '75083025', 'LD1605067310', 'KOPEG PELINDO III', 85, '2016-02-19', '2020-10-31', NULL, '479723243.87', '0.00', '255816116.72', '2020-10-31', '2020-12-01 11:11:21', NULL, 0),
(658, 6, '7037973321', '75083025', 'LD1605095600', 'KOPEG PELINDO III', 97, '2016-02-19', '2020-10-31', NULL, '2884362371.44', '0.00', '1826474463.89', '2020-10-31', '2020-12-01 11:11:21', NULL, 0),
(659, 6, '7037973321', '75083025', 'LD1602105666', 'KOPEG PELINDO III', 96, '2016-01-21', '2020-10-31', NULL, '4736579482.13', '0.00', '2966185751.79', '2020-10-31', '2020-12-01 11:11:21', NULL, 0),
(660, 6, '7037973321', '75083025', 'LD1535267688', 'KOPEG PELINDO III', 97, '2015-12-18', '2020-10-31', NULL, '5753563020.42', '0.00', '3561563528.84', '2020-10-31', '2020-12-01 11:11:21', NULL, 0),
(661, 6, '7037973321', '75083025', 'LD1703996301', 'KOPEG PELINDO III', 49, '2017-02-08', '2020-10-31', NULL, '12658420.09', '0.00', '1600327.93', '2020-10-31', '2020-12-01 11:11:21', NULL, 0),
(662, 6, '7037973321', '75083025', 'LD1829893002', 'KOPEG PELINDO III', 30, '2018-10-25', '2020-10-31', NULL, '30000000.00', '0.00', '6611873.91', '2020-10-31', '2020-12-01 11:11:21', NULL, 0),
(663, 6, '7037973321', '75083025', 'LD1905904424', 'KOPEG PELINDO III', 30, '2019-02-28', '2020-10-31', NULL, '30000000.00', '0.00', '10840387.78', '2020-10-31', '2020-12-01 11:11:22', NULL, 0),
(664, 6, '7037973321', '75083025', 'LD1718800168', 'KOPEG PELINDO III', 49, '2017-07-07', '2020-10-31', NULL, '35000000.00', '0.00', '7780399.85', '2020-10-31', '2020-12-01 11:11:22', NULL, 0),
(665, 6, '7037973321', '75083025', 'LD1828475519', 'KOPEG PELINDO III', 37, '2018-10-11', '2020-10-31', NULL, '50000000.00', '0.00', '18351169.63', '2020-10-31', '2020-12-01 11:11:22', NULL, 0),
(666, 6, '7037973321', '75083025', 'LD1708896508', 'KOPEG PELINDO III', 46, '2017-03-29', '2020-10-31', NULL, '58937430.25', '0.00', '5749049.28', '2020-10-31', '2020-12-01 11:11:22', NULL, 0),
(667, 6, '7037973321', '75083025', 'LD1708882470', 'KOPEG PELINDO III', 82, '2017-03-29', '2020-10-31', NULL, '60731215.26', '0.00', '37926301.75', '2020-10-31', '2020-12-01 11:11:22', NULL, 0),
(668, 6, '7037973321', '75083025', 'LD1734261000', 'KOPEG PELINDO III', 49, '2017-12-08', '2020-10-31', NULL, '85000000.00', '0.00', '28741161.82', '2020-10-31', '2020-12-01 11:11:22', NULL, 0),
(669, 6, '7037973321', '75083025', 'LD1700921207', 'KOPEG PELINDO III', 61, '2017-01-09', '2020-10-31', NULL, '91197657.50', '0.00', '33050190.36', '2020-10-31', '2020-12-01 11:11:22', NULL, 0),
(670, 6, '7037973321', '75083025', 'LD1824280592', 'KOPEG PELINDO III', 48, '2018-08-30', '2020-10-31', NULL, '105000000.00', '0.00', '53328554.16', '2020-10-31', '2020-12-01 11:11:22', NULL, 0),
(671, 6, '7037973321', '75083025', 'LD1635838491', 'KOPEG PELINDO III', 72, '2016-12-23', '2020-10-31', NULL, '85918971.25', '0.00', '43902457.52', '2020-10-31', '2020-12-01 11:11:22', NULL, 0),
(672, 6, '7037973321', '75083025', 'LD1834080973', 'KOPEG PELINDO III', 73, '2018-12-06', '2020-10-31', NULL, '100000000.00', '0.00', '75785839.28', '2020-10-31', '2020-12-01 11:11:22', NULL, 0),
(673, 6, '7037973321', '75083025', 'LD1832011199', 'KOPEG PELINDO III', 73, '2018-11-16', '2020-10-31', NULL, '100000000.00', '0.00', '74571068.37', '2020-10-31', '2020-12-01 11:11:23', NULL, 0),
(674, 6, '7037973321', '75083025', 'LD1828402606', 'KOPEG PELINDO III', 73, '2018-10-11', '2020-10-31', NULL, '100000000.00', '0.00', '73345668.22', '2020-10-31', '2020-12-01 11:11:23', NULL, 0),
(675, 6, '7037973321', '75083025', 'LD1722083957', 'KOPEG PELINDO III', 49, '2017-08-08', '2020-10-31', NULL, '110000000.00', '0.00', '27047754.96', '2020-10-31', '2020-12-01 11:11:23', NULL, 0),
(676, 6, '7037973321', '75083025', 'LD2017773021', 'KOPEG PELINDO III', 84, '2020-06-25', '2020-10-31', NULL, '100000000.00', '0.00', '96651290.33', '2020-10-31', '2020-12-01 11:11:23', NULL, 0),
(677, 6, '7037973321', '75083025', 'LD1709740097', 'KOPEG PELINDO III', 85, '2017-04-07', '2020-10-31', NULL, '92133699.48', '0.00', '59415245.41', '2020-10-31', '2020-12-01 11:11:23', NULL, 0),
(678, 6, '7037973321', '75083025', 'LD1712991239', 'KOPEG PELINDO III', 85, '2017-05-09', '2020-10-31', NULL, '92957515.87', '0.00', '60543395.52', '2020-10-31', '2020-12-01 11:11:23', NULL, 0),
(679, 6, '7037973321', '75083025', 'LD1734293003', 'KOPEG PELINDO III', 85, '2017-12-08', '2020-10-31', NULL, '100000000.00', '0.00', '68620606.88', '2020-10-31', '2020-12-01 11:11:23', NULL, 0),
(680, 6, '7037973321', '75083025', 'LD1828475488', 'KOPEG PELINDO III', 97, '2018-10-11', '2020-10-31', NULL, '100000000.00', '0.00', '82219718.27', '2020-10-31', '2020-12-01 11:11:23', NULL, 0),
(681, 6, '7037973321', '75083025', 'LD1819017073', 'KOPEG PELINDO III', 97, '2018-07-09', '2020-10-31', NULL, '100000000.00', '0.00', '79724272.68', '2020-10-31', '2020-12-01 11:11:23', NULL, 0),
(682, 6, '7037973321', '75083025', 'LD1829853305', 'KOPEG PELINDO III', 36, '2018-10-25', '2020-10-31', NULL, '130000000.00', '0.00', '47713041.06', '2020-10-31', '2020-12-01 11:11:23', NULL, 0),
(683, 6, '7037973321', '75083025', 'LD1734257648', 'KOPEG PELINDO III', 97, '2017-12-08', '2020-10-31', NULL, '100000000.00', '0.00', '74238364.04', '2020-10-31', '2020-12-01 11:11:23', NULL, 0),
(684, 6, '7037973321', '75083025', 'LD1819051955', 'KOPEG PELINDO III', 73, '2018-07-09', '2020-10-31', NULL, '120000000.00', '0.00', '83525709.80', '2020-10-31', '2020-12-01 11:11:23', NULL, 0),
(685, 6, '7037973321', '75083025', 'LD1907927407', 'KOPEG PELINDO III', 36, '2019-03-20', '2020-10-31', NULL, '140000000.00', '0.00', '71327960.54', '2020-10-31', '2020-12-01 11:11:24', NULL, 0),
(686, 6, '7037973321', '75083025', 'LD2005585790', 'KOPEG PELINDO III', 72, '2020-02-24', '2020-10-31', NULL, '125000000.00', '0.00', '114505207.51', '2020-10-31', '2020-12-01 11:11:24', NULL, 0),
(687, 6, '7037973321', '75083025', 'LD1907904042', 'KOPEG PELINDO III', 48, '2019-03-20', '2020-10-31', NULL, '140000000.00', '0.00', '91138945.63', '2020-10-31', '2020-12-01 11:11:24', NULL, 0),
(688, 6, '7037973321', '75083025', 'LD1632968739', 'KOPEG PELINDO III', 84, '2016-11-24', '2020-10-31', NULL, '109855119.00', '0.00', '66999106.82', '2020-10-31', '2020-12-01 11:11:24', NULL, 0),
(689, 6, '7037973321', '75083025', 'LD1831634770', 'KOPEG PELINDO III', 85, '2018-11-12', '2020-10-31', NULL, '125000000.00', '0.00', '99293751.85', '2020-10-31', '2020-12-01 11:11:24', NULL, 0),
(690, 6, '7037973321', '75083025', 'LD1905913075', 'KOPEG PELINDO III', 24, '2019-02-28', '2020-10-31', NULL, '165000000.00', '0.00', '29831581.32', '2020-10-31', '2020-12-01 11:11:24', NULL, 0),
(691, 6, '7037973321', '75083025', 'LD1627763240', 'KOPEG PELINDO III', 72, '2016-10-03', '2020-10-31', NULL, '123939789.15', '0.00', '59114264.11', '2020-10-31', '2020-12-01 11:11:24', NULL, 0),
(692, 6, '7037973321', '75083025', 'LD2017700061', 'KOPEG PELINDO III', 36, '2020-06-25', '2020-10-31', NULL, '165000000.00', '0.00', '149005102.89', '2020-10-31', '2020-12-01 11:11:24', NULL, 0),
(693, 6, '7037973321', '75083025', 'LD1833245272', 'KOPEG PELINDO III', 36, '2018-11-28', '2020-10-31', NULL, '200000000.00', '0.00', '79198131.53', '2020-10-31', '2020-12-01 11:11:24', NULL, 0),
(694, 6, '7037973321', '75083025', 'LD1829804926', 'KOPEG PELINDO III', 60, '2018-10-25', '2020-10-31', NULL, '185000000.00', '0.00', '121817351.10', '2020-10-31', '2020-12-01 11:11:24', NULL, 0),
(695, 6, '7037973321', '75083025', 'LD1831611007', 'KOPEG PELINDO III', 121, '2018-11-12', '2020-10-31', NULL, '150000000.00', '0.00', '131958945.55', '2020-10-31', '2020-12-01 11:11:25', NULL, 0),
(696, 6, '7037973321', '75083025', 'LD1833285445', 'KOPEG PELINDO III', 72, '2018-11-28', '2020-10-31', NULL, '180000000.00', '0.00', '134227923.11', '2020-10-31', '2020-12-01 11:11:25', NULL, 0),
(697, 6, '7037973321', '75083025', 'LD1903005388', 'KOPEG PELINDO III', 96, '2019-01-30', '2020-10-31', NULL, '175000000.00', '0.00', '147650106.31', '2020-10-31', '2020-12-01 11:11:25', NULL, 0),
(698, 6, '7037973321', '75083025', 'LD1734257395', 'KOPEG PELINDO III', 37, '2017-12-08', '2020-10-31', NULL, '220000000.00', '0.00', '14209359.70', '2020-10-31', '2020-12-01 11:11:25', NULL, 0),
(699, 6, '7037973321', '75083025', 'LD1905917104', 'KOPEG PELINDO III', 72, '2019-02-28', '2020-10-31', NULL, '200000000.00', '0.00', '155835103.27', '2020-10-31', '2020-12-01 11:11:25', NULL, 0),
(700, 6, '7037973321', '75083025', 'LD1734220506', 'KOPEG PELINDO III', 121, '2017-12-08', '2020-10-31', NULL, '160000000.00', '0.00', '131058483.30', '2020-10-31', '2020-12-01 11:11:25', NULL, 0),
(701, 6, '7037973321', '75083025', 'LD1829819250', 'KOPEG PELINDO III', 72, '2018-10-25', '2020-10-31', NULL, '200000000.00', '0.00', '146691336.47', '2020-10-31', '2020-12-01 11:11:25', NULL, 0),
(702, 6, '7037973321', '75083025', 'LD1731230680', 'KOPEG PELINDO III', 73, '2017-11-08', '2020-10-31', NULL, '200000000.00', '0.00', '119353732.36', '2020-10-31', '2020-12-01 11:11:25', NULL, 0),
(703, 6, '7037973321', '75083025', 'LD1907980342', 'KOPEG PELINDO III', 108, '2019-03-20', '2020-10-31', NULL, '182000000.00', '0.00', '160569743.37', '2020-10-31', '2020-12-01 11:11:25', NULL, 0),
(704, 6, '7037973321', '75083025', 'LD2017716629', 'KOPEG PELINDO III', 72, '2020-06-25', '2020-10-31', NULL, '210000000.00', '0.00', '201330679.17', '2020-10-31', '2020-12-01 11:11:25', NULL, 0),
(705, 6, '7037973321', '75083025', 'LD1811797120', 'KOPEG PELINDO III', 60, '2018-04-27', '2020-10-31', NULL, '220000000.00', '0.00', '123622732.25', '2020-10-31', '2020-12-01 11:11:26', NULL, 0),
(706, 6, '7037973321', '75083025', 'LD1829804729', 'KOPEG PELINDO III', 84, '2018-10-25', '2020-10-31', NULL, '200000000.00', '0.00', '156887980.81', '2020-10-31', '2020-12-01 11:11:26', NULL, 0),
(707, 6, '7037973321', '75083025', 'LD1731243048', 'KOPEG PELINDO III', 37, '2017-11-08', '2020-10-31', NULL, '245000000.00', '0.00', '7948127.85', '2020-10-31', '2020-12-01 11:11:26', NULL, 0),
(708, 6, '7037973321', '75083025', 'LD1728217128', 'KOPEG PELINDO III', 85, '2017-10-09', '2020-10-31', NULL, '200000000.00', '0.00', '132892530.42', '2020-10-31', '2020-12-01 11:11:26', NULL, 0),
(709, 6, '7037973321', '75083025', 'LD1725102709', 'KOPEG PELINDO III', 85, '2017-09-08', '2020-10-31', NULL, '200000000.00', '0.00', '130687564.54', '2020-10-31', '2020-12-01 11:11:26', NULL, 0),
(710, 6, '7037973321', '75083025', 'LD1907998041', 'KOPEG PELINDO III', 96, '2019-03-20', '2020-10-31', NULL, '200000000.00', '0.00', '171959993.03', '2020-10-31', '2020-12-01 11:11:26', NULL, 0),
(711, 6, '7037973321', '75083025', 'LD1905995737', 'KOPEG PELINDO III', 48, '2019-02-28', '2020-10-31', NULL, '240000000.00', '0.00', '151453157.39', '2020-10-31', '2020-12-01 11:11:26', NULL, 0),
(712, 6, '7037973321', '75083025', 'LD1828479606', 'KOPEG PELINDO III', 61, '2018-10-11', '2020-10-31', NULL, '230000000.00', '0.00', '151448598.65', '2020-10-31', '2020-12-01 11:11:26', NULL, 0),
(713, 6, '7037973321', '75083025', 'LD1832060381', 'KOPEG PELINDO III', 97, '2018-11-16', '2020-10-31', NULL, '200000000.00', '0.00', '166074289.80', '2020-10-31', '2020-12-01 11:11:26', NULL, 0),
(714, 6, '7037973321', '75083025', 'LD1834069026', 'KOPEG PELINDO III', 97, '2018-12-06', '2020-10-31', NULL, '200000000.00', '0.00', '167694962.10', '2020-10-31', '2020-12-01 11:11:26', NULL, 0),
(715, 6, '7037973321', '75083025', 'LD1715800161', 'KOPEG PELINDO III', 49, '2017-06-07', '2020-10-31', NULL, '233128707.70', '0.00', '53012627.56', '2020-10-31', '2020-12-01 11:11:26', NULL, 0),
(716, 6, '7037973321', '75083025', 'LD1634395438', 'KOPEG PELINDO III', 49, '2016-12-08', '2020-10-31', NULL, '229957681.20', '0.00', '15396792.83', '2020-10-31', '2020-12-01 11:11:27', NULL, 0),
(717, 6, '7037973321', '75083025', 'LD1728255753', 'KOPEG PELINDO III', 49, '2017-10-09', '2020-10-31', NULL, '250000000.00', '0.00', '73107709.91', '2020-10-31', '2020-12-01 11:11:27', NULL, 0),
(718, 6, '7037973321', '75083025', 'LD1709792927', 'KOPEG PELINDO III', 49, '2017-04-07', '2020-10-31', NULL, '240015651.99', '0.00', '43104238.70', '2020-10-31', '2020-12-01 11:11:27', NULL, 0),
(719, 6, '7037973321', '75083025', 'LD1907953488', 'KOPEG PELINDO III', 24, '2019-03-20', '2020-10-31', NULL, '285000000.00', '0.00', '64144047.13', '2020-10-31', '2020-12-01 11:11:27', NULL, 0),
(720, 6, '7037973321', '75083025', 'LD1832088805', 'KOPEG PELINDO III', 121, '2018-11-16', '2020-10-31', NULL, '200000000.00', '0.00', '175945260.71', '2020-10-31', '2020-12-01 11:11:27', NULL, 0),
(721, 6, '7037973321', '75083025', 'LD1706879104', 'KOPEG PELINDO III', 49, '2017-03-09', '2020-10-31', NULL, '250939643.86', '0.00', '38577131.24', '2020-10-31', '2020-12-01 11:11:27', NULL, 0),
(722, 6, '7037973321', '75083025', 'LD1718808073', 'KOPEG PELINDO III', 73, '2017-07-07', '2020-10-31', NULL, '232515008.77', '0.00', '134367951.81', '2020-10-31', '2020-12-01 11:11:27', NULL, 0),
(723, 6, '7037973321', '75083025', 'LD1819080661', 'KOPEG PELINDO III', 61, '2018-07-09', '2020-10-31', NULL, '283000000.00', '0.00', '172855763.05', '2020-10-31', '2020-12-01 11:11:27', NULL, 0),
(724, 6, '7037973321', '75083025', 'LD1731249418', 'KOPEG PELINDO III', 85, '2017-11-08', '2020-10-31', NULL, '250000000.00', '0.00', '168846270.93', '2020-10-31', '2020-12-01 11:11:27', NULL, 0),
(725, 6, '7037973321', '75083025', 'LD1829806959', 'KOPEG PELINDO III', 108, '2018-10-25', '2020-10-31', NULL, '235000000.00', '0.00', '200018845.48', '2020-10-31', '2020-12-01 11:11:27', NULL, 0),
(726, 6, '7037973321', '75083025', 'LD1709746392', 'KOPEG PELINDO III', 73, '2017-04-07', '2020-10-31', NULL, '247919820.44', '0.00', '136630075.17', '2020-10-31', '2020-12-01 11:11:27', NULL, 0),
(727, 6, '7037973321', '75083025', 'LD1831657970', 'KOPEG PELINDO III', 49, '2018-11-12', '2020-10-31', NULL, '300000000.00', '0.00', '171071835.54', '2020-10-31', '2020-12-01 11:11:27', NULL, 0),
(728, 6, '7037973321', '75083025', 'LD1631480176', 'KOPEG PELINDO III', 49, '2016-11-09', '2020-10-31', NULL, '271985537.69', '0.00', '9383023.22', '2020-10-31', '2020-12-01 11:11:27', NULL, 0),
(729, 6, '7037973321', '75083025', 'LD1627446011', 'KOPEG PELINDO III', 96, '2016-09-30', '2020-10-31', NULL, '221741709.76', '0.00', '149743042.77', '2020-10-31', '2020-12-01 11:11:28', NULL, 0),
(730, 6, '7037973321', '75083025', 'LD1703900420', 'KOPEG PELINDO III', 73, '2017-02-08', '2020-10-31', NULL, '264173256.73', '0.00', '140467393.66', '2020-10-31', '2020-12-01 11:11:28', NULL, 0),
(731, 6, '7037973321', '75083025', 'LD1634338056', 'KOPEG PELINDO III', 61, '2016-12-08', '2020-10-31', NULL, '285257789.85', '0.00', '98601626.63', '2020-10-31', '2020-12-01 11:11:28', NULL, 0),
(732, 6, '7037973321', '75083025', 'LD1700941078', 'KOPEG PELINDO III', 49, '2017-01-09', '2020-10-31', NULL, '309057645.29', '0.00', '30147015.63', '2020-10-31', '2020-12-01 11:11:28', NULL, 0),
(733, 6, '7037973321', '75083025', 'LD1808000605', 'KOPEG PELINDO III', 96, '2018-03-21', '2020-10-31', NULL, '295000000.00', '0.00', '225067061.69', '2020-10-31', '2020-12-01 11:11:28', NULL, 0),
(734, 6, '7037973321', '75083025', 'LD1812480229', 'KOPEG PELINDO III', 61, '2018-05-04', '2020-10-31', NULL, '344000000.00', '0.00', '198952049.23', '2020-10-31', '2020-12-01 11:11:28', NULL, 0),
(735, 6, '7037973321', '75083025', 'LD1812402823', 'KOPEG PELINDO III', 97, '2018-05-04', '2020-10-31', NULL, '300000000.00', '0.00', '234072114.24', '2020-10-31', '2020-12-01 11:11:28', NULL, 0),
(736, 6, '7037973321', '75083025', 'LD2008776435', 'KOPEG PELINDO III', 72, '2020-03-27', '2020-10-31', NULL, '350000000.00', '0.00', '324395329.89', '2020-10-31', '2020-12-01 11:11:28', NULL, 0),
(737, 6, '7037973321', '75083025', 'LD1832070011', 'KOPEG PELINDO III', 49, '2018-11-16', '2020-10-31', NULL, '400000000.00', '0.00', '228095780.71', '2020-10-31', '2020-12-01 11:11:28', NULL, 0),
(738, 6, '7037973321', '75083025', 'LD2017720300', 'KOPEG PELINDO III', 48, '2020-06-25', '2020-10-31', NULL, '400000000.00', '0.00', '372410718.75', '2020-10-31', '2020-12-01 11:11:28', NULL, 0),
(739, 6, '7037973321', '75083025', 'LD1627406787', 'KOPEG PELINDO III', 71, '2016-09-30', '2020-10-31', NULL, '327182733.64', '0.00', '152062828.59', '2020-10-31', '2020-12-01 11:11:28', NULL, 0),
(740, 6, '7037973321', '75083025', 'LD1812403438', 'KOPEG PELINDO III', 85, '2018-05-04', '2020-10-31', NULL, '350000000.00', '0.00', '256750681.07', '2020-10-31', '2020-12-01 11:11:28', NULL, 0),
(741, 6, '7037973321', '75083025', 'LD1834010575', 'KOPEG PELINDO III', 85, '2018-12-06', '2020-10-31', NULL, '350000000.00', '0.00', '281460957.28', '2020-10-31', '2020-12-01 11:11:28', NULL, 0),
(742, 6, '7037973321', '75083025', 'LD2008733097', 'KOPEG PELINDO III', 36, '2020-03-27', '2020-10-31', NULL, '432000000.00', '0.00', '357789285.55', '2020-10-31', '2020-12-01 11:11:28', NULL, 0),
(743, 6, '7037973321', '75083025', 'LD2005576291', 'KOPEG PELINDO III', 96, '2020-02-24', '2020-10-31', NULL, '350000000.00', '0.00', '330277597.26', '2020-10-31', '2020-12-01 11:11:28', NULL, 0),
(744, 6, '7037973321', '75083025', 'LD1631493552', 'KOPEG PELINDO III', 61, '2016-11-09', '2020-10-31', NULL, '380399132.67', '0.00', '124832083.00', '2020-10-31', '2020-12-01 11:11:29', NULL, 0),
(745, 6, '7037973321', '75083025', 'LD2005524917', 'KOPEG PELINDO III', 36, '2020-02-24', '2020-10-31', NULL, '480000000.00', '0.00', '385368264.53', '2020-10-31', '2020-12-01 11:11:29', NULL, 0),
(746, 6, '7037973321', '75083025', 'LD1722065040', 'KOPEG PELINDO III', 85, '2017-08-08', '2020-10-31', NULL, '380818039.71', '0.00', '254973955.75', '2020-10-31', '2020-12-01 11:11:29', NULL, 0),
(747, 6, '7037973321', '75083025', 'LD1811725725', 'KOPEG PELINDO III', 84, '2018-04-27', '2020-10-31', NULL, '400000000.00', '0.00', '289252587.34', '2020-10-31', '2020-12-01 11:11:29', NULL, 0),
(748, 6, '7037973321', '75083025', 'LD1708805012', 'KOPEG PELINDO III', 93, '2017-03-29', '2020-10-31', NULL, '359802182.79', '0.00', '248879391.30', '2020-10-31', '2020-12-01 11:11:29', NULL, 0),
(749, 6, '7037973321', '75083025', 'LD1907908330', 'KOPEG PELINDO III', 84, '2019-03-20', '2020-10-31', NULL, '420000000.00', '0.00', '348832585.14', '2020-10-31', '2020-12-01 11:11:29', NULL, 0),
(750, 6, '7037973321', '75083025', 'LD1712908047', 'KOPEG PELINDO III', 49, '2017-05-09', '2020-10-31', NULL, '456637650.81', '0.00', '93204807.49', '2020-10-31', '2020-12-01 11:11:29', NULL, 0),
(751, 6, '7037973321', '75083025', 'LD2008700456', 'KOPEG PELINDO III', 84, '2020-03-27', '2020-10-31', NULL, '440000000.00', '0.00', '413889479.29', '2020-10-31', '2020-12-01 11:11:29', NULL, 0),
(752, 6, '7037973321', '75083025', 'LD2008745691', 'KOPEG PELINDO III', 120, '2020-03-27', '2020-10-31', NULL, '390000000.00', '0.00', '376335003.82', '2020-10-31', '2020-12-01 11:11:29', NULL, 0),
(753, 6, '7037973321', '75083025', 'LD1725126805', 'KOPEG PELINDO III', 73, '2017-09-08', '2020-10-31', NULL, '450000000.00', '0.00', '256277759.92', '2020-10-31', '2020-12-01 11:11:29', NULL, 0),
(754, 6, '7037973321', '75083025', 'LD1734252911', 'KOPEG PELINDO III', 73, '2017-12-08', '2020-10-31', NULL, '450000000.00', '0.00', '274594640.53', '2020-10-31', '2020-12-01 11:11:29', NULL, 0),
(755, 6, '7037973321', '75083025', 'LD2017725697', 'KOPEG PELINDO III', 108, '2020-06-25', '2020-10-31', NULL, '410000000.00', '0.00', '400459185.84', '2020-10-31', '2020-12-01 11:11:29', NULL, 0),
(756, 6, '7037973321', '75083025', 'LD1834001503', 'KOPEG PELINDO III', 61, '2018-12-06', '2020-10-31', NULL, '495000000.00', '0.00', '341353019.49', '2020-10-31', '2020-12-01 11:11:29', NULL, 0),
(757, 6, '7037973321', '75083025', 'LD2005571029', 'KOPEG PELINDO III', 84, '2020-02-24', '2020-10-31', NULL, '475000000.00', '0.00', '442650381.20', '2020-10-31', '2020-12-01 11:11:29', NULL, 0),
(758, 6, '7037973321', '75083025', 'LD1833293999', 'KOPEG PELINDO III', 96, '2018-11-28', '2020-10-31', NULL, '450000000.00', '0.00', '373667151.97', '2020-10-31', '2020-12-01 11:11:29', NULL, 0),
(759, 6, '7037973321', '75083025', 'LD1627448690', 'KOPEG PELINDO III', 83, '2016-09-30', '2020-10-31', NULL, '428062817.46', '0.00', '250957135.90', '2020-10-31', '2020-12-01 11:11:30', NULL, 0),
(760, 6, '7037973321', '75083025', 'LD1734230598', 'KOPEG PELINDO III', 61, '2017-12-08', '2020-10-31', NULL, '525000000.00', '0.00', '263001384.99', '2020-10-31', '2020-12-01 11:11:30', NULL, 0),
(761, 6, '7037973321', '75083025', 'LD1824293451', 'KOPEG PELINDO III', 36, '2018-08-30', '2020-10-31', NULL, '590000000.00', '0.00', '181933974.86', '2020-10-31', '2020-12-01 11:11:30', NULL, 0),
(762, 6, '7037973321', '75083025', 'LD1725142740', 'KOPEG PELINDO III', 49, '2017-09-08', '2020-10-31', NULL, '555000000.00', '0.00', '149442592.84', '2020-10-31', '2020-12-01 11:11:30', NULL, 0),
(763, 6, '7037973321', '75083025', 'LD1824213000', 'KOPEG PELINDO III', 96, '2018-08-30', '2020-10-31', NULL, '465000000.00', '0.00', '374619554.44', '2020-10-31', '2020-12-01 11:11:30', NULL, 0),
(764, 6, '7037973321', '75083025', 'LD1811798458', 'KOPEG PELINDO III', 48, '2018-04-27', '2020-10-31', NULL, '570000000.00', '0.00', '240715541.86', '2020-10-31', '2020-12-01 11:11:30', NULL, 0),
(765, 6, '7037973321', '75083025', 'LD1832072461', 'KOPEG PELINDO III', 61, '2018-11-16', '2020-10-31', NULL, '551000000.00', '0.00', '371430035.97', '2020-10-31', '2020-12-01 11:11:30', NULL, 0),
(766, 6, '7037973321', '75083025', 'LD1824207493', 'KOPEG PELINDO III', 84, '2018-08-30', '2020-10-31', NULL, '500000000.00', '0.00', '382179391.88', '2020-10-31', '2020-12-01 11:11:30', NULL, 0),
(767, 6, '7037973321', '75083025', 'LD1700910189', 'KOPEG PELINDO III', 97, '2017-01-09', '2020-10-31', NULL, '457690663.69', '0.00', '318967702.79', '2020-10-31', '2020-12-01 11:11:30', NULL, 0),
(768, 6, '7037973321', '75083025', 'LD1903020697', 'KOPEG PELINDO III', 120, '2019-01-30', '2020-10-31', NULL, '490000000.00', '0.00', '435351341.72', '2020-10-31', '2020-12-01 11:11:30', NULL, 0),
(769, 6, '7037973321', '75083025', 'LD1831607752', 'KOPEG PELINDO III', 97, '2018-11-12', '2020-10-31', NULL, '540000000.00', '0.00', '448400582.37', '2020-10-31', '2020-12-01 11:11:30', NULL, 0),
(770, 6, '7037973321', '75083025', 'LD2017782402', 'KOPEG PELINDO III', 60, '2020-06-25', '2020-10-31', NULL, '647000000.00', '0.00', '613159230.67', '2020-10-31', '2020-12-01 11:11:30', NULL, 0),
(771, 6, '7037973321', '75083025', 'LD1832009337', 'KOPEG PELINDO III', 109, '2018-11-16', '2020-10-31', NULL, '550000000.00', '0.00', '471893121.61', '2020-10-31', '2020-12-01 11:11:30', NULL, 0),
(772, 6, '7037973321', '75083025', 'LD1628106701', 'KOPEG PELINDO III', 61, '2016-10-07', '2020-10-31', NULL, '608375069.64', '0.00', '188510416.66', '2020-10-31', '2020-12-01 11:11:31', NULL, 0),
(773, 6, '7037973321', '75083025', 'LD1812409477', 'KOPEG PELINDO III', 121, '2018-05-04', '2020-10-31', NULL, '550000000.00', '0.00', '464299710.54', '2020-10-31', '2020-12-01 11:11:31', NULL, 0),
(774, 6, '7037973321', '75083025', 'LD1905960358', 'KOPEG PELINDO III', 36, '2019-02-28', '2020-10-31', NULL, '770000000.00', '0.00', '370727247.00', '2020-10-31', '2020-12-01 11:11:31', NULL, 0),
(775, 6, '7037973321', '75083025', 'LD1708824301', 'KOPEG PELINDO III', 60, '2017-03-29', '2020-10-31', NULL, '677701562.11', '0.00', '266888153.17', '2020-10-31', '2020-12-01 11:11:31', NULL, 0),
(776, 6, '7037973321', '75083025', 'LD1627480444', 'KOPEG PELINDO III', 84, '2016-09-30', '2020-10-31', NULL, '602851434.19', '0.00', '358322083.56', '2020-10-31', '2020-12-01 11:11:31', NULL, 0),
(777, 6, '7037973321', '75083025', 'LD1824202805', 'KOPEG PELINDO III', 72, '2018-08-30', '2020-10-31', NULL, '712000000.00', '0.00', '504541764.41', '2020-10-31', '2020-12-01 11:11:31', NULL, 0),
(778, 6, '7037973321', '75083025', 'LD2005534401', 'KOPEG PELINDO III', 48, '2020-02-24', '2020-10-31', NULL, '791000000.00', '0.00', '680042940.25', '2020-10-31', '2020-12-01 11:11:31', NULL, 0),
(779, 6, '7037973321', '75083025', 'LD1828467750', 'KOPEG PELINDO III', 121, '2018-10-11', '2020-10-31', NULL, '600000000.00', '0.00', '524358245.43', '2020-10-31', '2020-12-01 11:11:31', NULL, 0),
(780, 6, '7037973321', '75083025', 'LD1731212640', 'KOPEG PELINDO III', 49, '2017-11-08', '2020-10-31', NULL, '785000000.00', '0.00', '247577484.12', '2020-10-31', '2020-12-01 11:11:31', NULL, 0),
(781, 6, '7037973321', '75083025', 'LD1907925432', 'KOPEG PELINDO III', 72, '2019-03-20', '2020-10-31', NULL, '800000000.00', '0.00', '632887024.78', '2020-10-31', '2020-12-01 11:11:31', NULL, 0),
(782, 6, '7037973321', '75083025', 'LD1715896005', 'KOPEG PELINDO III', 85, '2017-06-07', '2020-10-31', NULL, '694856739.27', '0.00', '456901650.85', '2020-10-31', '2020-12-01 11:11:32', NULL, 0),
(783, 6, '7037973321', '75083025', 'LD1903041598', 'KOPEG PELINDO III', 60, '2019-01-30', '2020-10-31', NULL, '840000000.00', '0.00', '592178427.39', '2020-10-31', '2020-12-01 11:11:32', NULL, 0),
(784, 6, '7037973321', '75083025', 'LD1703912701', 'KOPEG PELINDO III', 61, '2017-02-08', '2020-10-31', NULL, '788189692.06', '0.00', '298281907.66', '2020-10-31', '2020-12-01 11:11:32', NULL, 0),
(785, 6, '7037973321', '75083025', 'LD1722021509', 'KOPEG PELINDO III', 73, '2017-08-08', '2020-10-31', NULL, '775780172.78', '0.00', '454810748.11', '2020-10-31', '2020-12-01 11:11:32', NULL, 0),
(786, 6, '7037973321', '75083025', 'LD1709700338', 'KOPEG PELINDO III', 61, '2017-04-07', '2020-10-31', NULL, '803394595.11', '0.00', '328238821.99', '2020-10-31', '2020-12-01 11:11:32', NULL, 0),
(787, 6, '7037973321', '75083025', 'LD1629861709', 'KOPEG PELINDO III', 84, '2016-10-24', '2020-10-31', NULL, '717811296.69', '0.00', '432301674.34', '2020-10-31', '2020-12-01 11:11:32', NULL, 0),
(788, 6, '7037973321', '75083025', 'LD1829821890', 'KOPEG PELINDO III', 120, '2018-10-25', '2020-10-31', NULL, '750000000.00', '0.00', '655447806.82', '2020-10-31', '2020-12-01 11:11:32', NULL, 0),
(789, 6, '7037973321', '75083025', 'LD1728227062', 'KOPEG PELINDO III', 97, '2017-10-09', '2020-10-31', NULL, '800000000.00', '0.00', '579626305.33', '2020-10-31', '2020-12-01 11:11:32', NULL, 0),
(790, 6, '7037973321', '75083025', 'LD2008715070', 'KOPEG PELINDO III', 48, '2020-03-27', '2020-10-31', NULL, '1035000000.00', '0.00', '908495462.11', '2020-10-31', '2020-12-01 11:11:32', NULL, 0),
(791, 6, '7037973321', '75083025', 'LD1905958044', 'KOPEG PELINDO III', 108, '2019-02-28', '2020-10-31', NULL, '850000000.00', '0.00', '744196033.71', '2020-10-31', '2020-12-01 11:11:32', NULL, 0),
(792, 6, '7037973321', '75083025', 'LD1731251827', 'KOPEG PELINDO III', 97, '2017-11-08', '2020-10-31', NULL, '850000000.00', '0.00', '623474918.08', '2020-10-31', '2020-12-01 11:11:32', NULL, 0),
(793, 6, '7037973321', '75083025', 'LD1708803862', 'KOPEG PELINDO III', 94, '2017-03-29', '2020-10-31', NULL, '811618324.55', '0.00', '565622270.83', '2020-10-31', '2020-12-01 11:11:32', NULL, 0),
(794, 6, '7037973321', '75083025', 'LD1629880875', 'KOPEG PELINDO III', 96, '2016-10-24', '2020-10-31', NULL, '813704946.14', '0.00', '554064287.05', '2020-10-31', '2020-12-01 11:11:33', NULL, 0),
(795, 6, '7037973321', '75083025', 'LD1831638242', 'KOPEG PELINDO III', 61, '2018-11-12', '2020-10-31', NULL, '1110000000.00', '0.00', '748252885.55', '2020-10-31', '2020-12-01 11:11:33', NULL, 0),
(796, 6, '7037973321', '75083025', 'LD1833255202', 'KOPEG PELINDO III', 60, '2018-11-28', '2020-10-31', NULL, '1143000000.00', '0.00', '770498241.61', '2020-10-31', '2020-12-01 11:11:33', NULL, 0),
(797, 6, '7037973321', '75083025', 'LD1811718170', 'KOPEG PELINDO III', 120, '2018-04-27', '2020-10-31', NULL, '965000000.00', '0.00', '808741775.28', '2020-10-31', '2020-12-01 11:11:33', NULL, 0),
(798, 6, '7037973321', '75083025', 'LD1712918278', 'KOPEG PELINDO III', 97, '2017-05-09', '2020-10-31', NULL, '999200604.48', '0.00', '715868860.90', '2020-10-31', '2020-12-01 11:11:33', NULL, 0),
(799, 6, '7037973321', '75083025', 'LD1728229656', 'KOPEG PELINDO III', 61, '2017-10-09', '2020-10-31', NULL, '1275000000.00', '0.00', '594783849.46', '2020-10-31', '2020-12-01 11:11:33', NULL, 0),
(800, 6, '7037973321', '75083025', 'LD1833224897', 'KOPEG PELINDO III', 120, '2018-11-28', '2020-10-31', NULL, '1050000000.00', '0.00', '923712618.78', '2020-10-31', '2020-12-01 11:11:33', NULL, 0),
(801, 6, '7037973321', '75083025', 'LD1905975026', 'KOPEG PELINDO III', 96, '2019-02-28', '2020-10-31', NULL, '1170000000.00', '0.00', '996595236.95', '2020-10-31', '2020-12-01 11:11:33', NULL, 0),
(802, 6, '7037973321', '75083025', 'LD2017760074', 'KOPEG PELINDO III', 120, '2020-06-25', '2020-10-31', NULL, '1194000000.00', '0.00', '1170391745.69', '2020-10-31', '2020-12-01 11:11:33', NULL, 0),
(803, 6, '7037973321', '75083025', 'LD1725170083', 'KOPEG PELINDO III', 61, '2017-09-08', '2020-10-31', NULL, '1456000000.00', '0.00', '653789045.00', '2020-10-31', '2020-12-01 11:11:33', NULL, 0),
(804, 6, '7037973321', '75083025', 'LD1834039682', 'KOPEG PELINDO III', 121, '2018-12-06', '2020-10-31', NULL, '1200000000.00', '0.00', '1062566308.72', '2020-10-31', '2020-12-01 11:11:33', NULL, 0),
(805, 6, '7037973321', '75083025', 'LD1728235759', 'KOPEG PELINDO III', 121, '2017-10-09', '2020-10-31', NULL, '1305000000.00', '0.00', '1052589078.40', '2020-10-31', '2020-12-01 11:11:33', NULL, 0),
(806, 6, '7037973321', '75083025', 'LD1731200600', 'KOPEG PELINDO III', 61, '2017-11-08', '2020-10-31', NULL, '1819000000.00', '0.00', '880040719.54', '2020-10-31', '2020-12-01 11:11:33', NULL, 0),
(807, 6, '7037973321', '75083025', 'LD1635863500', 'KOPEG PELINDO III', 96, '2016-12-23', '2020-10-31', NULL, '1480672017.67', '0.00', '1024198207.05', '2020-10-31', '2020-12-01 11:11:34', NULL, 0),
(808, 6, '7037973321', '75083025', 'LD1905908890', 'KOPEG PELINDO III', 120, '2019-02-28', '2020-10-31', NULL, '1567572698.00', '0.00', '1401778746.79', '2020-10-31', '2020-12-01 11:11:34', NULL, 0),
(809, 6, '7037973321', '75083025', 'LD1632940288', 'KOPEG PELINDO III', 96, '2016-11-24', '2020-10-31', NULL, '1559285856.88', '0.00', '1070267285.78', '2020-10-31', '2020-12-01 11:11:34', NULL, 0),
(810, 6, '7037973321', '75083025', 'LD1715855259', 'KOPEG PELINDO III', 97, '2017-06-07', '2020-10-31', NULL, '1635613796.88', '0.00', '1179335233.09', '2020-10-31', '2020-12-01 11:11:34', NULL, 0),
(811, 6, '7037973321', '75083025', 'LD1819028421', 'KOPEG PELINDO III', 121, '2018-07-09', '2020-10-31', NULL, '1665000000.00', '0.00', '1425634042.51', '2020-10-31', '2020-12-01 11:11:34', NULL, 0),
(812, 6, '7037973321', '75083025', 'LD1731283216', 'KOPEG PELINDO III', 121, '2017-11-08', '2020-10-31', NULL, '1650000000.00', '0.00', '1341248426.53', '2020-10-31', '2020-12-01 11:11:34', NULL, 0),
(813, 6, '7037973321', '75083025', 'LD1725121673', 'KOPEG PELINDO III', 97, '2017-09-08', '2020-10-31', NULL, '1820000000.00', '0.00', '1302176864.77', '2020-10-31', '2020-12-01 11:11:34', NULL, 0),
(814, 6, '7037973321', '75083025', 'LD1703906889', 'KOPEG PELINDO III', 97, '2017-02-08', '2020-10-31', NULL, '1699804088.15', '0.00', '1193216161.62', '2020-10-31', '2020-12-01 11:11:34', NULL, 0),
(815, 6, '7037973321', '75083025', 'LD1722013941', 'KOPEG PELINDO III', 97, '2017-08-08', '2020-10-31', NULL, '1801298424.87', '0.00', '1314770829.15', '2020-10-31', '2020-12-01 11:11:34', NULL, 0),
(816, 6, '7037973321', '75083025', 'LD1907979623', 'KOPEG PELINDO III', 120, '2019-03-20', '2020-10-31', NULL, '1772000000.00', '0.00', '1594712682.28', '2020-10-31', '2020-12-01 11:11:34', NULL, 0),
(817, 6, '7037973321', '75083025', 'LD1722038951', 'KOPEG PELINDO III', 61, '2017-08-08', '2020-10-31', NULL, '2158200000.00', '0.00', '931057475.43', '2020-10-31', '2020-12-01 11:11:34', NULL, 0),
(818, 6, '7037973321', '75083025', 'LD1907972069', 'KOPEG PELINDO III', 60, '2019-03-20', '2020-10-31', NULL, '2213000000.00', '0.00', '1627304665.52', '2020-10-31', '2020-12-01 11:11:35', NULL, 0),
(819, 6, '7037973321', '75083025', 'LD1824201464', 'KOPEG PELINDO III', 60, '2018-08-30', '2020-10-31', NULL, '2325000000.00', '0.00', '1457359483.85', '2020-10-31', '2020-12-01 11:11:35', NULL, 0),
(820, 6, '7037973321', '75083025', 'LD1718857255', 'KOPEG PELINDO III', 97, '2017-07-07', '2020-10-31', NULL, '1931687505.59', '0.00', '1401479424.35', '2020-10-31', '2020-12-01 11:11:35', NULL, 0),
(821, 6, '7037973321', '75083025', 'LD2008706724', 'KOPEG PELINDO III', 60, '2020-03-27', '2020-10-31', NULL, '2390000000.00', '0.00', '2168476804.49', '2020-10-31', '2020-12-01 11:11:35', NULL, 0),
(822, 6, '7037973321', '75083025', 'LD1808003451', 'KOPEG PELINDO III', 120, '2018-03-21', '2020-10-31', NULL, '1935000000.00', '0.00', '1609753647.40', '2020-10-31', '2020-12-01 11:11:35', NULL, 0),
(823, 6, '7037973321', '75083025', 'LD1824299732', 'KOPEG PELINDO III', 120, '2018-08-30', '2020-10-31', NULL, '1969000000.00', '0.00', '1697644301.01', '2020-10-31', '2020-12-01 11:11:35', NULL, 0),
(824, 6, '7037973321', '75083025', 'LD1718838031', 'KOPEG PELINDO III', 61, '2017-07-07', '2020-10-31', NULL, '2473500000.00', '0.00', '1023081032.98', '2020-10-31', '2020-12-01 11:11:35', NULL, 0),
(825, 6, '7037973321', '75083025', 'LD1706858734', 'KOPEG PELINDO III', 97, '2017-03-09', '2020-10-31', NULL, '2216029779.00', '0.00', '1566543311.96', '2020-10-31', '2020-12-01 11:11:35', NULL, 0),
(826, 6, '7037973321', '75083025', 'LD1709710601', 'KOPEG PELINDO III', 97, '2017-04-07', '2020-10-31', NULL, '2272444011.34', '0.00', '1617380067.39', '2020-10-31', '2020-12-01 11:11:35', NULL, 0),
(827, 6, '7037973321', '75083025', 'LD2005556738', 'KOPEG PELINDO III', 120, '2020-02-24', '2020-10-31', NULL, '2370000000.00', '0.00', '2274697135.26', '2020-10-31', '2020-12-01 11:11:35', NULL, 0),
(828, 6, '7037973321', '75083025', 'LD1715807106', 'KOPEG PELINDO III', 61, '2017-06-07', '2020-10-31', NULL, '2940554977.46', '0.00', '1283085779.31', '2020-10-31', '2020-12-01 11:11:35', NULL, 0),
(829, 6, '7037973321', '75083025', 'LD1905970864', 'KOPEG PELINDO III', 60, '2019-02-28', '2020-10-31', NULL, '3316000000.00', '0.00', '2388247973.28', '2020-10-31', '2020-12-01 11:11:35', NULL, 0),
(830, 6, '7037973321', '75083025', 'LD2005560840', 'KOPEG PELINDO III', 60, '2020-02-24', '2020-10-31', NULL, '3410000000.00', '0.00', '3047265897.97', '2020-10-31', '2020-12-01 11:11:35', NULL, 0);
INSERT INTO `tbl_anggota_channeling` (`id`, `id_koperasi`, `fk_rek_pembayaran`, `nocif_anggota`, `noloan_anggota`, `nm_anggota`, `tenor`, `tgl_pencairan`, `tgl_ospokok`, `tgl_tunggakan`, `nom_pencairan`, `tunggakan`, `os_pokok`, `ficmisDate`, `createDate`, `updateDate`, `isDelete`) VALUES
(831, 6, '7037973321', '75083025', 'LD1712943305', 'KOPEG PELINDO III', 61, '2017-05-09', '2020-10-31', NULL, '3429680263.65', '0.00', '1449827012.56', '2020-10-31', '2020-12-01 11:11:36', NULL, 0),
(832, 6, '7037973321', '75083025', 'LD1833374636', 'KOPEG PELINDO III', 36, '2018-11-29', '2020-10-31', NULL, '155250000.00', '0.00', '61477549.59', '2020-10-31', '2020-12-01 11:11:36', NULL, 0),
(833, 6, '7037973321', '75083025', 'LD1908068504', 'KOPEG PELINDO III', 36, '2019-03-21', '2020-10-31', NULL, '290775000.00', '0.00', '148145626.54', '2020-10-31', '2020-12-01 11:11:36', NULL, 0),
(834, 6, '7037973321', '75083025', 'LD1826866705', 'KOPEG PELINDO III', 36, '2018-09-25', '2020-10-31', NULL, '314961000.00', '0.00', '106398466.21', '2020-10-31', '2020-12-01 11:11:36', NULL, 0),
(835, 6, '7037973321', '75083025', 'LD1811795553', 'KOPEG PELINDO III', 40, '2018-04-27', '2020-10-31', NULL, '280166666.00', '0.00', '78986120.90', '2020-10-31', '2020-12-01 11:11:36', NULL, 0),
(836, 6, '7037973321', '75083025', 'LD1811720401', 'KOPEG PELINDO III', 38, '2018-04-27', '2020-10-31', NULL, '763750000.00', '0.00', '181384905.68', '2020-10-31', '2020-12-01 11:11:36', NULL, 0),
(837, 6, '7037973321', '75083025', 'LD1811775085', 'KOPEG PELINDO III', 33, '2018-04-27', '2020-10-31', NULL, '881166663.00', '0.00', '90444494.96', '2020-10-31', '2020-12-01 11:11:36', NULL, 0),
(838, 6, '7037973321', '75083025', 'LD1811704631', 'KOPEG PELINDO III', 32, '2018-04-27', '2020-10-31', NULL, '1100000001.00', '0.00', '77636177.56', '2020-10-31', '2020-12-01 11:11:36', NULL, 0),
(839, 6, '7037973321', '75083025', 'LD1811772905', 'KOPEG PELINDO III', 37, '2018-04-27', '2020-10-31', NULL, '1161611110.00', '0.00', '247956346.38', '2020-10-31', '2020-12-01 11:11:36', NULL, 0),
(840, 6, '7037973321', '75083025', 'LD1811768412', 'KOPEG PELINDO III', 35, '2018-04-27', '2020-10-31', NULL, '1356520832.00', '0.00', '218723711.72', '2020-10-31', '2020-12-01 11:11:36', NULL, 0),
(841, 6, '7037973321', '75083025', 'LD1811776002', 'KOPEG PELINDO III', 35, '2018-04-27', '2020-10-31', NULL, '1635314500.00', '0.00', '263676051.86', '2020-10-31', '2020-12-01 11:11:36', NULL, 0),
(842, 6, '7037973321', '75083025', 'LD1811724990', 'KOPEG PELINDO III', 34, '2018-04-27', '2020-10-31', NULL, '1998969139.00', '0.00', '265478442.45', '2020-10-31', '2020-12-01 11:11:36', NULL, 0),
(843, 6, '7037973321', '75083025', 'LD1811796003', 'KOPEG PELINDO III', 41, '2018-04-27', '2020-10-31', NULL, '1979880000.00', '0.00', '598918079.63', '2020-10-31', '2020-12-01 11:11:36', NULL, 0),
(844, 6, '7037973321', '75083025', 'LD1833364554', 'KOPEG PELINDO III', 36, '2018-11-29', '2020-10-31', NULL, '124575000.00', '0.00', '49330536.17', '2020-10-31', '2020-12-01 11:11:37', NULL, 0),
(845, 6, '7037973321', '75083025', 'LD1920437809', 'KOPEG PELINDO III', 36, '2019-07-23', '2020-10-31', NULL, '307800000.00', '0.00', '190612712.38', '2020-10-31', '2020-12-01 11:11:37', NULL, 0),
(846, 6, '7037973321', '75083025', 'LD1914891198', 'KOPEG PELINDO III', 36, '2019-05-28', '2020-10-31', NULL, '825167450.00', '0.00', '466083910.05', '2020-10-31', '2020-12-01 11:11:37', NULL, 0),
(847, 6, '7037973321', '75083025', 'LD1834032093', 'KOPEG PELINDO III', 37, '2018-12-06', '2020-10-31', NULL, '960000000.00', '0.00', '407729782.86', '2020-10-31', '2020-12-01 11:11:37', NULL, 0),
(848, 6, '7037973321', '75083025', 'LD1908120900', 'KOPEG PELINDO III', 36, '2019-03-22', '2020-10-31', NULL, '898710745.19', '0.00', '327829290.18', '2020-10-31', '2020-12-01 11:11:37', NULL, 0),
(849, 6, '7037973321', '75083025', 'LD1829806670', 'KOPEG PELINDO III', 36, '2018-10-25', '2020-10-31', NULL, '1287434387.10', '0.00', '496378016.29', '2020-10-31', '2020-12-01 11:11:37', NULL, 0),
(850, 6, '7037973321', '75083025', 'LD1834804868', 'KOPEG PELINDO III', 37, '2018-12-14', '2020-10-31', NULL, '1064872004.14', '0.00', '763646039.50', '2020-10-31', '2020-12-01 11:11:37', NULL, 0);

-- --------------------------------------------------------

--
-- Table structure for table `tbl_area`
--

CREATE TABLE `tbl_area` (
  `kd_area` varchar(25) NOT NULL,
  `nm_area` char(125) NOT NULL,
  `fk_id_region` int(5) NOT NULL,
  `CreateDate` date NOT NULL,
  `UpdateDate` date DEFAULT NULL,
  `IsDelete` int(1) NOT NULL
) ENGINE=InnoDB DEFAULT CHARSET=latin1;

--
-- Dumping data for table `tbl_area`
--

INSERT INTO `tbl_area` (`kd_area`, `nm_area`, `fk_id_region`, `CreateDate`, `UpdateDate`, `IsDelete`) VALUES
('ID0010002a', 'AREA JAKARTA THAMRIN', 3, '2020-02-04', NULL, 0),
('ID0010004a', 'AREA JAKARTA MAYESTIK', 3, '2020-02-04', NULL, 0),
('ID0010005a', 'AREA JAKARTA WARUNG BUNCIT', 3, '2020-02-04', NULL, 0),
('ID0010007a', 'AREA BEKASI', 3, '2020-02-04', NULL, 0),
('ID0010008a', 'AREA MEDAN KOTA', 1, '2020-02-04', NULL, 0),
('ID0010009a', 'AREA BANDUNG KOTA', 4, '2020-02-04', NULL, 0),
('ID0010010a', 'AREA SURABAYA KOTA', 6, '2020-02-04', NULL, 0),
('ID0010011a', 'AREA ACEH', 1, '2020-02-04', NULL, 0),
('ID0010013a', 'AREA SOLO', 5, '2020-02-04', NULL, 0),
('ID0010015a', 'AREA MAKASSAR', 8, '2020-02-04', NULL, 0),
('ID0010016a', 'AREA BANJARMASIN', 7, '2020-02-04', NULL, 0),
('ID0010017a', 'AREA BOGOR', 3, '2020-02-04', NULL, 0),
('ID0010018a', 'AREA TANGERANG', 3, '2020-02-04', NULL, 0),
('ID0010019a', 'AREA PALEMBANG', 2, '2020-02-04', NULL, 0),
('ID0010022a', 'AREA PEKANBARU', 1, '2020-02-04', NULL, 0),
('ID0010023a', 'AREA BALIKPAPAN', 7, '2020-02-04', NULL, 0),
('ID0010024a', 'AREA CIREBON', 4, '2020-02-04', NULL, 0),
('ID0010026a', 'AREA PONTIANAK', 7, '2020-02-04', NULL, 0),
('ID0010027a', 'AREA PADANG', 2, '2020-02-04', NULL, 0),
('ID0010028a', 'AREA MALANG', 6, '2020-02-04', NULL, 0),
('ID0010029a', 'AREA YOGYAKARTA', 5, '2020-02-04', NULL, 0),
('ID0010032a', 'AREA JAMBI', 2, '2020-02-04', NULL, 0),
('ID0010034a', 'AREA BATAM', 1, '2020-02-04', NULL, 0),
('ID0010037a', 'AREA BANDAR LAMPUNG', 2, '2020-02-04', NULL, 0),
('ID0010038a', 'AREA PALU', 8, '2020-02-04', NULL, 0),
('ID0010040a', 'AREA SEMARANG', 5, '2020-02-04', NULL, 0),
('ID0010045a', 'AREA JAKARTA KEBON JERUK', 3, '2020-02-04', NULL, 0),
('ID0010049a', 'AREA PEMATANGSIANTAR', 1, '2020-02-04', NULL, 0),
('ID0010051a', 'AREA JEMBER', 6, '2020-02-04', NULL, 0),
('ID0010053a', 'AREA DENPASAR', 6, '2020-02-04', NULL, 0),
('ID0010054a', 'AREA JAYAPURA', 8, '2020-02-04', NULL, 0),
('ID0010058a', 'AREA JAKARTA KELAPA GADING', 3, '2020-02-04', NULL, 0),
('ID0010106a', 'AREA SURABAYA RAYA', 6, '2020-02-04', NULL, 0),
('ID0010353a', 'AREA MEDAN RAYA', 1, '2020-02-04', NULL, 0),
('ID0010357a', 'AREA BANDUNG RAYA', 4, '2020-02-04', NULL, 0);

-- --------------------------------------------------------

--
-- Table structure for table `tbl_cabang`
--

CREATE TABLE `tbl_cabang` (
  `kd_cabang` varchar(25) NOT NULL,
  `nm_cabang` varchar(125) NOT NULL,
  `fk_id_region` int(1) NOT NULL,
  `fk_kd_area` varchar(25) NOT NULL,
  `CreateDate` date NOT NULL,
  `UpdateDate` date DEFAULT NULL,
  `IsDelete` int(1) NOT NULL
) ENGINE=InnoDB DEFAULT CHARSET=latin1;

--
-- Dumping data for table `tbl_cabang`
--

INSERT INTO `tbl_cabang` (`kd_cabang`, `nm_cabang`, `fk_id_region`, `fk_kd_area`, `CreateDate`, `UpdateDate`, `IsDelete`) VALUES
('ID0010002', 'KC JAKARTA THAMRIN', 3, 'ID0010002a', '2020-02-04', NULL, 0),
('ID0010003', 'KC JAKARTA HASANUDIN', 3, 'ID0010004a', '2020-02-04', NULL, 0),
('ID0010004', 'KC JAKARTA MAYESTIK', 3, 'ID0010004a', '2020-02-04', NULL, 0),
('ID0010005', 'KC JAKARTA WARUNG BUNCIT', 3, 'ID0010005a', '2020-02-04', NULL, 0),
('ID0010006', 'KC JAKARTA PONDOK INDAH', 3, 'ID0010004a', '2020-02-04', NULL, 0),
('ID0010007', 'KC BEKASI', 3, 'ID0010007a', '2020-02-04', NULL, 0),
('ID0010008', 'KC MEDAN', 1, 'ID0010008a', '2020-02-04', NULL, 0),
('ID0010009', 'KC BANDUNG', 4, 'ID0010009a', '2020-02-04', NULL, 0),
('ID0010010', 'KC SURABAYA', 6, 'ID0010010a', '2020-02-04', NULL, 0),
('ID0010011', 'KC ACEH', 1, 'ID0010011a', '2020-02-04', NULL, 0),
('ID0010012', 'KC PEKALONGAN', 5, 'ID0010040a', '2020-02-04', NULL, 0),
('ID0010013', 'KC SOLO', 5, 'ID0010013a', '2020-02-04', NULL, 0),
('ID0010014', 'KC PAMEKASAN', 6, 'ID0010106a', '2020-02-04', NULL, 0),
('ID0010015', 'KC MAKASSAR', 8, 'ID0010015a', '2020-02-04', NULL, 0),
('ID0010016', 'KC BANJARMASIN', 7, 'ID0010016a', '2020-02-04', NULL, 0),
('ID0010017', 'KC BOGOR', 3, 'ID0010017a', '2020-02-04', NULL, 0),
('ID0010018', 'KC TANGERANG', 3, 'ID0010018a', '2020-02-04', NULL, 0),
('ID0010019', 'KC PALEMBANG', 2, 'ID0010019a', '2020-02-04', NULL, 0),
('ID0010020', 'KC CILEGON', 3, 'ID0010018a', '2020-02-04', NULL, 0),
('ID0010021', 'KC JAKARTA TANJUNG PRIOK', 3, 'ID0010058a', '2020-02-04', NULL, 0),
('ID0010022', 'KC PEKANBARU', 1, 'ID0010022a', '2020-02-04', NULL, 0),
('ID0010023', 'KC BALIKPAPAN', 7, 'ID0010023a', '2020-02-04', NULL, 0),
('ID0010024', 'KC CIREBON', 4, 'ID0010024a', '2020-02-04', NULL, 0),
('ID0010025', 'KC SIMEULUE', 1, 'ID0010011a', '2020-02-04', NULL, 0),
('ID0010026', 'KC PONTIANAK', 7, 'ID0010026a', '2020-02-04', NULL, 0),
('ID0010027', 'KC PADANG', 2, 'ID0010027a', '2020-02-04', NULL, 0),
('ID0010028', 'KC MALANG', 6, 'ID0010028a', '2020-02-04', NULL, 0),
('ID0010029', 'KC YOGYAKARTA', 5, 'ID0010029a', '2020-02-04', NULL, 0),
('ID0010030', 'KC RANTAU PRAPAT', 1, 'ID0010049a', '2020-02-04', NULL, 0),
('ID0010031', 'KC MATARAM', 6, 'ID0010053a', '2020-02-04', NULL, 0),
('ID0010032', 'KC JAMBI', 2, 'ID0010032a', '2020-02-04', NULL, 0),
('ID0010033', 'KC JAKARTA SAHARJO', 3, 'ID0010002a', '2020-02-04', NULL, 0),
('ID0010034', 'KC BATAM', 1, 'ID0010034a', '2020-02-04', NULL, 0),
('ID0010035', 'KC JAKARTA RAWAMANGUN', 3, 'ID0010058a', '2020-02-04', NULL, 0),
('ID0010036', 'KC SAMARINDA', 7, 'ID0010023a', '2020-02-04', NULL, 0),
('ID0010037', 'KC BANDAR LAMPUNG', 2, 'ID0010037a', '2020-02-04', NULL, 0),
('ID0010038', 'KC PALU', 8, 'ID0010038a', '2020-02-04', NULL, 0),
('ID0010039', 'KC BUKITTINGGI', 2, 'ID0010027a', '2020-02-04', NULL, 0),
('ID0010040', 'KC SEMARANG', 5, 'ID0010040a', '2020-02-04', NULL, 0),
('ID0010041', 'KC KUTAI KARTANEGARA', 7, 'ID0010023a', '2020-02-04', NULL, 0),
('ID0010042', 'KC TASIKMALAYA', 4, 'ID0010024a', '2020-02-04', NULL, 0),
('ID0010043', 'KC PADANGSIDEMPUAN', 1, 'ID0010049a', '2020-02-04', NULL, 0),
('ID0010044', 'KC DUMAI', 1, 'ID0010022a', '2020-02-04', NULL, 0),
('ID0010045', 'KC JAKARTA KEBON JERUK', 3, 'ID0010045a', '2020-02-04', NULL, 0),
('ID0010046', 'KC DEPOK', 3, 'ID0010017a', '2020-02-04', NULL, 0),
('ID0010047', 'KC BINJAI', 1, 'ID0010353a', '2020-02-04', NULL, 0),
('ID0010048', 'KC KEDIRI', 6, 'ID0010028a', '2020-02-04', NULL, 0),
('ID0010049', 'KC PEMATANGSIANTAR', 1, 'ID0010049a', '2020-02-04', NULL, 0),
('ID0010050', 'KC PURWAKARTA', 4, 'ID0010357a', '2020-02-04', NULL, 0),
('ID0010051', 'KC JEMBER', 6, 'ID0010051a', '2020-02-04', NULL, 0),
('ID0010052', 'KC MANADO', 8, 'ID0010038a', '2020-02-04', NULL, 0),
('ID0010053', 'KC DENPASAR', 6, 'ID0010053a', '2020-02-04', NULL, 0),
('ID0010054', 'KC JAYAPURA', 8, 'ID0010054a', '2020-02-04', NULL, 0),
('ID0010055', 'KC LANGSA', 1, 'ID0010011a', '2020-02-04', NULL, 0),
('ID0010056', 'KC BENGKULU', 2, 'ID0010032a', '2020-02-04', NULL, 0),
('ID0010057', 'KC PURWOKERTO', 5, 'ID0010029a', '2020-02-04', NULL, 0),
('ID0010058', 'KC JAKARTA KELAPA GADING', 3, 'ID0010058a', '2020-02-04', NULL, 0),
('ID0010059', 'KC TANJUNG PINANG', 1, 'ID0010034a', '2020-02-04', NULL, 0),
('ID0010060', 'KC BANYUWANGI', 6, 'ID0010051a', '2020-02-04', NULL, 0),
('ID0010061', 'KC JAKARTA PONDOK KELAPA', 3, 'ID0010007a', '2020-02-04', NULL, 0),
('ID0010062', 'KC GORONTALO', 8, 'ID0010038a', '2020-02-04', NULL, 0),
('ID0010063', 'KC PANGKAL PINANG', 2, 'ID0010019a', '2020-02-04', NULL, 0),
('ID0010064', 'KC TERNATE', 8, 'ID0010038a', '2020-02-04', NULL, 0),
('ID0010065', 'KC MAMUJU', 8, 'ID0010015a', '2020-02-04', NULL, 0),
('ID0010066', 'KC PALANGKARAYA', 7, 'ID0010016a', '2020-02-04', NULL, 0),
('ID0010067', 'KCP JAKARTA FATMAWATI', 3, 'ID0010004a', '2020-02-04', NULL, 0),
('ID0010068', 'KCP JAKARTA WOLTERMONGINSIDI', 3, 'ID0010004a', '2020-02-04', NULL, 0),
('ID0010069', 'KC JAKARTA CIPULIR', 3, 'ID0010045a', '2020-02-04', NULL, 0),
('ID0010071', 'KCP JAKARTA BENDUNGAN HILIR', 3, 'ID0010002a', '2020-02-04', NULL, 0),
('ID0010072', 'KC JAKARTA CIBUBUR', 3, 'ID0010005a', '2020-02-04', NULL, 0),
('ID0010073', 'KCP JAKARTA CILILITAN', 3, 'ID0010005a', '2020-02-04', NULL, 0),
('ID0010074', 'KCP JAKARTA PASAR MINGGU', 3, 'ID0010005a', '2020-02-04', NULL, 0),
('ID0010075', 'KC TANGERANG CIPUTAT', 3, 'ID0010005a', '2020-02-04', NULL, 0),
('ID0010076', 'KCP JAKARTA PONDOK LABU', 3, 'ID0010004a', '2020-02-04', NULL, 0),
('ID0010077', 'KC TANGERANG BINTARO', 3, 'ID0010018a', '2020-02-04', NULL, 0),
('ID0010078', 'KCP DEPOK CINERE', 3, 'ID0010005a', '2020-02-04', NULL, 0),
('ID0010079', 'KCP TANGERANG PAMULANG', 3, 'ID0010018a', '2020-02-04', NULL, 0),
('ID0010080', 'KCP JAKARTA CILANDAK', 3, 'ID0010004a', '2020-02-04', NULL, 0),
('ID0010081', 'KC BEKASI CIKARANG', 3, 'ID0010007a', '2020-02-04', NULL, 0),
('ID0010082', 'KC BEKASI PONDOK GEDE', 3, 'ID0010007a', '2020-02-04', NULL, 0),
('ID0010083', 'KCP KARAWANG', 4, 'ID0010357a', '2020-02-04', NULL, 0),
('ID0010084', 'KCP CIKAMPEK', 4, 'ID0010357a', '2020-02-04', NULL, 0),
('ID0010085', 'KCP BEKASI TIMUR', 3, 'ID0010007a', '2020-02-04', NULL, 0),
('ID0010086', 'KCP BEKASI TAMBUN', 3, 'ID0010007a', '2020-02-04', NULL, 0),
('ID0010087', 'KCP TEBING TINGGI', 1, 'ID0010008a', '2020-02-04', NULL, 0),
('ID0010088', 'KC MEDAN KAMPUNG BARU', 1, 'ID0010008a', '2020-02-04', NULL, 0),
('ID0010089', 'KC MEDAN AKSARA', 1, 'ID0010008a', '2020-02-04', NULL, 0),
('ID0010090', 'KCP MEDAN SETIA BUDI', 1, 'ID0010353a', '2020-02-04', NULL, 0),
('ID0010091', 'KC CIMAHI', 4, 'ID0010357a', '2020-02-04', NULL, 0),
('ID0010092', 'KC CIANJUR', 4, 'ID0010357a', '2020-02-04', NULL, 0),
('ID0010093', 'KC SUKABUMI', 4, 'ID0010357a', '2020-02-04', NULL, 0),
('ID0010094', 'KC GARUT', 4, 'ID0010009a', '2020-02-04', NULL, 0),
('ID0010095', 'KCP BANDUNG BUAH BATU', 4, 'ID0010009a', '2020-02-04', NULL, 0),
('ID0010096', 'KCP BANDUNG SETIA BUDI', 4, 'ID0010009a', '2020-02-04', NULL, 0),
('ID0010097', 'KCP SUMEDANG', 4, 'ID0010009a', '2020-02-04', NULL, 0),
('ID0010098', 'KC SIDOARJO', 6, 'ID0010010a', '2020-02-04', NULL, 0),
('ID0010099', 'KC GRESIK', 6, 'ID0010106a', '2020-02-04', NULL, 0),
('ID0010100', 'KC BOJONEGORO', 6, 'ID0010106a', '2020-02-04', NULL, 0),
('ID0010101', 'KCP MOJOKERTO', 6, 'ID0010010a', '2020-02-04', NULL, 0),
('ID0010102', 'KCP SURABAYA AMPEL', 6, 'ID0010010a', '2020-02-04', NULL, 0),
('ID0010103', 'KCP TUBAN', 6, 'ID0010106a', '2020-02-04', NULL, 0),
('ID0010104', 'KCP JOMBANG', 6, 'ID0010010a', '2020-02-04', NULL, 0),
('ID0010105', 'KCP SURABAYA SUNGKONO', 6, 'ID0010010a', '2020-02-04', NULL, 0),
('ID0010106', 'KC SURABAYA JEMUR HANDAYANI', 6, 'ID0010106a', '2020-02-04', NULL, 0),
('ID0010108', 'KCP JAKARTA TANAH ABANG', 3, 'ID0010002a', '2020-02-04', NULL, 0),
('ID0010109', 'KCP JAKARTA CEMPAKA PUTIH', 3, 'ID0010058a', '2020-02-04', NULL, 0),
('ID0010110', 'KCP JAKARTA PASAR BARU', 3, 'ID0010002a', '2020-02-04', NULL, 0),
('ID0010111', 'KC MEULABOH', 1, 'ID0010011a', '2020-02-04', NULL, 0),
('ID0010112', 'KC TEGAL', 5, 'ID0010040a', '2020-02-04', NULL, 0),
('ID0010113', 'KCP PEMALANG', 5, 'ID0010040a', '2020-02-04', NULL, 0),
('ID0010114', 'KCP KLATEN', 5, 'ID0010013a', '2020-02-04', NULL, 0),
('ID0010115', 'KCP SUKOHARJO SOLO BARU', 5, 'ID0010013a', '2020-02-04', NULL, 0),
('ID0010116', 'KCP SRAGEN', 5, 'ID0010013a', '2020-02-04', NULL, 0),
('ID0010117', 'KCP BANGKALAN', 6, 'ID0010106a', '2020-02-04', NULL, 0),
('ID0010118', 'KC BONE', 8, 'ID0010015a', '2020-02-04', NULL, 0),
('ID0010119', 'KCP MAKASSAR PANAKUKKANG', 8, 'ID0010015a', '2020-02-04', NULL, 0),
('ID0010120', 'KCP BULUKUMBA', 8, 'ID0010015a', '2020-02-04', NULL, 0),
('ID0010121', 'KCP PARE PARE', 8, 'ID0010015a', '2020-02-04', NULL, 0),
('ID0010122', 'KCP PALOPO', 8, 'ID0010015a', '2020-02-04', NULL, 0),
('ID0010123', 'KC MARTAPURA', 7, 'ID0010016a', '2020-02-04', NULL, 0),
('ID0010124', 'KCP BANJARMASIN A. YANI', 7, 'ID0010016a', '2020-02-04', NULL, 0),
('ID0010125', 'KCP BATULICIN', 7, 'ID0010016a', '2020-02-04', NULL, 0),
('ID0010126', 'KCP BARABAI', 7, 'ID0010016a', '2020-02-04', NULL, 0),
('ID0010127', 'KC CIBINONG', 3, 'ID0010017a', '2020-02-04', NULL, 0),
('ID0010128', 'KCP BOGOR TAJUR', 3, 'ID0010017a', '2020-02-04', NULL, 0),
('ID0010129', 'KCP BOGOR DRAMAGA', 3, 'ID0010017a', '2020-02-04', NULL, 0),
('ID0010130', 'KCP BOGOR MERDEKA', 3, 'ID0010017a', '2020-02-04', NULL, 0),
('ID0010131', 'KCP BOGOR JALAN BARU', 3, 'ID0010017a', '2020-02-04', NULL, 0),
('ID0010132', 'KCP BOGOR CITEUREUP', 3, 'ID0010017a', '2020-02-04', NULL, 0),
('ID0010133', 'KC TANGERANG CILEDUG', 3, 'ID0010045a', '2020-02-04', NULL, 0),
('ID0010134', 'KCP TANGERANG BSD', 3, 'ID0010018a', '2020-02-04', NULL, 0),
('ID0010135', 'KCP TANGERANG MALABAR', 3, 'ID0010018a', '2020-02-04', NULL, 0),
('ID0010136', 'KCP TANGERANG CIKUPA', 3, 'ID0010018a', '2020-02-04', NULL, 0),
('ID0010137', 'KC PRABUMULIH', 2, 'ID0010019a', '2020-02-04', NULL, 0),
('ID0010138', 'KC BATURAJA', 2, 'ID0010019a', '2020-02-04', NULL, 0),
('ID0010139', 'KC PALEMBANG PASAR 16 ILIR', 2, 'ID0010019a', '2020-02-04', NULL, 0),
('ID0010140', 'KC PALEMBANG SIMPANG PATAL', 2, 'ID0010019a', '2020-02-04', NULL, 0),
('ID0010141', 'KCP LUBUK LINGGAU', 2, 'ID0010019a', '2020-02-04', NULL, 0),
('ID0010142', 'KC SERANG', 3, 'ID0010018a', '2020-02-04', NULL, 0),
('ID0010143', 'KCP LEBAK BANTEN', 3, 'ID0010018a', '2020-02-04', NULL, 0),
('ID0010144', 'KC JAKARTA MANGGA DUA', 3, 'ID0010002a', '2020-02-04', NULL, 0),
('ID0010145', 'KCP JAKARTA KRAMAT JAYA', 3, 'ID0010058a', '2020-02-04', NULL, 0),
('ID0010146', 'KCP JAKARTA SUNTER', 3, 'ID0010058a', '2020-02-04', NULL, 0),
('ID0010147', 'KC PEKANBARU HARAPAN RAYA', 1, 'ID0010022a', '2020-02-04', NULL, 0),
('ID0010148', 'KCP PEKANBARU PANAM', 1, 'ID0010022a', '2020-02-04', NULL, 0),
('ID0010149', 'KCP PANGKALAN KERINCI', 1, 'ID0010022a', '2020-02-04', NULL, 0),
('ID0010150', 'KCP TEMBILAHAN', 1, 'ID0010022a', '2020-02-04', NULL, 0),
('ID0010151', 'KCP KUNINGAN', 4, 'ID0010024a', '2020-02-04', NULL, 0),
('ID0010152', 'KCP INDRAMAYU JATIBARANG', 4, 'ID0010024a', '2020-02-04', NULL, 0),
('ID0010153', 'KCP MAJALENGKA', 4, 'ID0010024a', '2020-02-04', NULL, 0),
('ID0010154', 'KCP BLANGPIDIE', 1, 'ID0010011a', '2020-02-04', NULL, 0),
('ID0010155', 'KC KETAPANG', 7, 'ID0010026a', '2020-02-04', NULL, 0),
('ID0010156', 'KCP SINTANG', 7, 'ID0010026a', '2020-02-04', NULL, 0),
('ID0010157', 'KCP SOLOK', 2, 'ID0010027a', '2020-02-04', NULL, 0),
('ID0010158', 'KCP STABAT', 1, 'ID0010353a', '2020-02-04', NULL, 0),
('ID0010159', 'KCP PANGKALAN BRANDAN', 1, 'ID0010353a', '2020-02-04', NULL, 0),
('ID0010160', 'KCP PASURUAN', 6, 'ID0010028a', '2020-02-04', NULL, 0),
('ID0010161', 'KCP PROBOLINGGO', 6, 'ID0010028a', '2020-02-04', NULL, 0),
('ID0010162', 'KCP MALANG BATU', 6, 'ID0010028a', '2020-02-04', NULL, 0),
('ID0010163', 'KCP YOGYAKARTA KALIURANG', 5, 'ID0010029a', '2020-02-04', NULL, 0),
('ID0010164', 'KCP WONOSARI', 5, 'ID0010029a', '2020-02-04', NULL, 0),
('ID0010165', 'KCP SUMBAWA', 6, 'ID0010053a', '2020-02-04', NULL, 0),
('ID0010166', 'KCP PANCOR', 6, 'ID0010053a', '2020-02-04', NULL, 0),
('ID0010167', 'KCP MUARA BUNGO', 2, 'ID0010032a', '2020-02-04', NULL, 0),
('ID0010168', 'KCP JAMBI SIPIN', 2, 'ID0010032a', '2020-02-04', NULL, 0),
('ID0010169', 'KC JAKARTA JATINEGARA', 3, 'ID0010002a', '2020-02-04', NULL, 0),
('ID0010170', 'KCP JAKARTA RASUNA SAID', 3, 'ID0010002a', '2020-02-04', NULL, 0),
('ID0010171', 'KCP JAKARTA TEBET', 3, 'ID0010002a', '2020-02-04', NULL, 0),
('ID0010172', 'KCP TANJUNG BALAI KARIMUN', 1, 'ID0010034a', '2020-02-04', NULL, 0),
('ID0010173', 'KCP JAKARTA CAKUNG', 3, 'ID0010058a', '2020-02-04', NULL, 0),
('ID0010174', 'KCP JAKARTA PONDOK BAMBU', 3, 'ID0010007a', '2020-02-04', NULL, 0),
('ID0010175', 'KCP JAKARTA KLENDER', 3, 'ID0010058a', '2020-02-04', NULL, 0),
('ID0010176', 'KCP JAKARTA UTAN KAYU', 3, 'ID0010058a', '2020-02-04', NULL, 0),
('ID0010177', 'KCP JAKARTA DEWI SARTIKA', 3, 'ID0010005a', '2020-02-04', NULL, 0),
('ID0010178', 'KC BONTANG', 7, 'ID0010023a', '2020-02-04', NULL, 0),
('ID0010179', 'KCP TARAKAN', 7, 'ID0010023a', '2020-02-04', NULL, 0),
('ID0010180', 'KC BANDAR JAYA', 2, 'ID0010037a', '2020-02-04', NULL, 0),
('ID0010181', 'KC METRO', 2, 'ID0010037a', '2020-02-04', NULL, 0),
('ID0010182', 'KCP PRINGSEWU', 2, 'ID0010037a', '2020-02-04', NULL, 0),
('ID0010183', 'KCP BANDAR LAMPUNG KEDATON', 2, 'ID0010037a', '2020-02-04', NULL, 0),
('ID0010184', 'KC LUWUK', 8, 'ID0010038a', '2020-02-04', NULL, 0),
('ID0010185', 'KCP PARIGI MOUTONG', 8, 'ID0010038a', '2020-02-04', NULL, 0),
('ID0010186', 'KC PAYAKUMBUH', 2, 'ID0010027a', '2020-02-04', NULL, 0),
('ID0010187', 'KC KUDUS', 5, 'ID0010040a', '2020-02-04', NULL, 0),
('ID0010188', 'KCP UNGARAN', 5, 'ID0010040a', '2020-02-04', NULL, 0),
('ID0010189', 'KCP MAGELANG', 5, 'ID0010040a', '2020-02-04', NULL, 0),
('ID0010190', 'KCP CIAMIS', 4, 'ID0010024a', '2020-02-04', NULL, 0),
('ID0010191', 'KCP PANYABUNGAN', 1, 'ID0010049a', '2020-02-04', NULL, 0),
('ID0010192', 'KCP SIBUHUAN', 1, 'ID0010049a', '2020-02-04', NULL, 0),
('ID0010193', 'KC DURI', 1, 'ID0010022a', '2020-02-04', NULL, 0),
('ID0010194', 'KCP BAGAN BATU', 1, 'ID0010022a', '2020-02-04', NULL, 0),
('ID0010195', 'KCP JAKARTA KEDOYA', 3, 'ID0010045a', '2020-02-04', NULL, 0),
('ID0010196', 'KCP JAKARTA TANJUNG DUREN', 3, 'ID0010045a', '2020-02-04', NULL, 0),
('ID0010197', 'KCP JAKARTA DURI KOSAMBI', 3, 'ID0010045a', '2020-02-04', NULL, 0),
('ID0010198', 'KCP DEPOK MARGONDA', 3, 'ID0010017a', '2020-02-04', NULL, 0),
('ID0010199', 'KCP DEPOK CIMANGGIS', 3, 'ID0010017a', '2020-02-04', NULL, 0),
('ID0010200', 'KCP DEPOK SAWANGAN', 3, 'ID0010017a', '2020-02-04', NULL, 0),
('ID0010201', 'KCP DEPOK DUA', 3, 'ID0010017a', '2020-02-04', NULL, 0),
('ID0010202', 'KCP TULUNGAGUNG', 6, 'ID0010028a', '2020-02-04', NULL, 0),
('ID0010203', 'KC MADIUN', 6, 'ID0010028a', '2020-02-04', NULL, 0),
('ID0010204', 'KCP KISARAN', 1, 'ID0010049a', '2020-02-04', NULL, 0),
('ID0010205', 'KCP SIMALUNGUN PERDAGANGAN', 1, 'ID0010049a', '2020-02-04', NULL, 0),
('ID0010206', 'KCP TANJUNG BALAI', 1, 'ID0010049a', '2020-02-04', NULL, 0),
('ID0010207', 'KCP SUBANG', 4, 'ID0010357a', '2020-02-04', NULL, 0),
('ID0010208', 'KCP BULELENG', 6, 'ID0010053a', '2020-02-04', NULL, 0),
('ID0010209', 'KCP CURUP', 2, 'ID0010032a', '2020-02-04', NULL, 0),
('ID0010210', 'KCP BIREUEN', 1, 'ID0010011a', '2020-02-04', NULL, 0),
('ID0010211', 'KC CILACAP', 5, 'ID0010029a', '2020-02-04', NULL, 0),
('ID0010212', 'KCP JAKARTA RAWASARI', 3, 'ID0010058a', '2020-02-04', NULL, 0),
('ID0010213', 'KCP MEDAN PETISAH', 1, 'ID0010353a', '2020-02-04', NULL, 0),
('ID0010214', 'KCP MEDAN SIMPANG LIMUN', 1, 'ID0010008a', '2020-02-04', NULL, 0),
('ID0010215', 'KCP SIGLI', 1, 'ID0010011a', '2020-02-04', NULL, 0),
('ID0010216', 'KCP ACEH DARUSSALAM', 1, 'ID0010011a', '2020-02-04', NULL, 0),
('ID0010217', 'KCP JANTHO', 1, 'ID0010011a', '2020-02-04', NULL, 0),
('ID0010218', 'KCP SUBULUSSALAM', 1, 'ID0010011a', '2020-02-04', NULL, 0),
('ID0010219', 'KCP RIMO', 1, 'ID0010011a', '2020-02-04', NULL, 0),
('ID0010220', 'KCP PADANG ULAK KARANG', 2, 'ID0010027a', '2020-02-04', NULL, 0),
('ID0010221', 'KCP PADANG BANDAR BUAT', 2, 'ID0010027a', '2020-02-04', NULL, 0),
('ID0010222', 'KCP PADANG PARIAMAN', 2, 'ID0010027a', '2020-02-04', NULL, 0),
('ID0010223', 'KCP KOTA PINANG', 1, 'ID0010049a', '2020-02-04', NULL, 0),
('ID0010224', 'KCP BATAMINDO', 1, 'ID0010034a', '2020-02-04', NULL, 0),
('ID0010225', 'KCP PADANG PANJANG', 2, 'ID0010027a', '2020-02-04', NULL, 0),
('ID0010226', 'KCP PASAMAN BARAT', 2, 'ID0010027a', '2020-02-04', NULL, 0),
('ID0010227', 'KCP BENGKALIS', 1, 'ID0010022a', '2020-02-04', NULL, 0),
('ID0010228', 'KCP TANJUNG UBAN', 1, 'ID0010034a', '2020-02-04', NULL, 0),
('ID0010229', 'KCP JAKARTA PANGLIMA POLIM', 3, 'ID0010004a', '2020-02-04', NULL, 0),
('ID0010230', 'KCP TANGERANG CIMONE', 3, 'ID0010018a', '2020-02-04', NULL, 0),
('ID0010231', 'KCP JAKARTA MUARA KARANG', 3, 'ID0010058a', '2020-02-04', NULL, 0),
('ID0010232', 'KCP JAKARTA KALIDERES', 3, 'ID0010045a', '2020-02-04', NULL, 0),
('ID0010233', 'KCP JAKARTA GADING ORCHARD', 3, 'ID0010058a', '2020-02-04', NULL, 0),
('ID0010234', 'KCP BOYOLALI', 5, 'ID0010013a', '2020-02-04', NULL, 0),
('ID0010235', 'KCP KARANGANYAR PALUR', 5, 'ID0010013a', '2020-02-04', NULL, 0),
('ID0010236', 'KCP SURAKARTA PASAR KLIWON', 5, 'ID0010013a', '2020-02-04', NULL, 0),
('ID0010237', 'KCP SUKOHARJO KARTASURA', 5, 'ID0010013a', '2020-02-04', NULL, 0),
('ID0010238', 'KCP WONOGIRI', 5, 'ID0010013a', '2020-02-04', NULL, 0),
('ID0010239', 'KCP PALEMBANG RADIAL', 2, 'ID0010019a', '2020-02-04', NULL, 0),
('ID0010240', 'KCP PALEMBANG KM 6', 2, 'ID0010019a', '2020-02-04', NULL, 0),
('ID0010241', 'KCP CIREBON PLERED', 4, 'ID0010024a', '2020-02-04', NULL, 0),
('ID0010242', 'KCP NANGA PINOH', 7, 'ID0010026a', '2020-02-04', NULL, 0),
('ID0010243', 'KCP YOGYAKARTA KATAMSO', 5, 'ID0010029a', '2020-02-04', NULL, 0),
('ID0010244', 'KCP AMBARUKMO', 5, 'ID0010029a', '2020-02-04', NULL, 0),
('ID0010245', 'KCP GODEAN', 5, 'ID0010029a', '2020-02-04', NULL, 0),
('ID0010246', 'KCP SEMARANG KARANGAYU', 5, 'ID0010040a', '2020-02-04', NULL, 0),
('ID0010247', 'KCP BANJAR', 4, 'ID0010024a', '2020-02-04', NULL, 0),
('ID0010248', 'KCP PURBALINGGA', 5, 'ID0010029a', '2020-02-04', NULL, 0),
('ID0010250', 'KCP SURABAYA WIYUNG', 6, 'ID0010010a', '2020-02-04', NULL, 0),
('ID0010251', 'KCP SURABAYA DHARMAHUSADA', 6, 'ID0010010a', '2020-02-04', NULL, 0),
('ID0010253', 'KCP BANJARMASIN PS. CEMPAKA', 7, 'ID0010016a', '2020-02-04', NULL, 0),
('ID0010254', 'KCP BANJARMASIN SENTRA ANTASARI', 7, 'ID0010016a', '2020-02-04', NULL, 0),
('ID0010255', 'KCP KEPANJEN', 6, 'ID0010028a', '2020-02-04', NULL, 0),
('ID0010256', 'KCP KEDIRI PARE', 6, 'ID0010028a', '2020-02-04', NULL, 0),
('ID0010257', 'KCP BITUNG', 8, 'ID0010038a', '2020-02-04', NULL, 0),
('ID0010258', 'KC SORONG', 8, 'ID0010054a', '2020-02-04', NULL, 0),
('ID0010259', 'KC KUPANG', 6, 'ID0010053a', '2020-02-04', NULL, 0),
('ID0010260', 'KCP JAKARTA KEMANG', 3, 'ID0010005a', '2020-02-04', NULL, 0),
('ID0010261', 'KCP JAKARTA CIRACAS', 3, 'ID0010005a', '2020-02-04', NULL, 0),
('ID0010262', 'KCP TANGERANG CIRENDEU', 3, 'ID0010005a', '2020-02-04', NULL, 0),
('ID0010263', 'KCP BEKASI KEMANG PRATAMA', 3, 'ID0010007a', '2020-02-04', NULL, 0),
('ID0010264', 'KCP CIKARANG JABABEKA', 3, 'ID0010007a', '2020-02-04', NULL, 0),
('ID0010265', 'KCP BEKASI KALIMALANG', 3, 'ID0010007a', '2020-02-04', NULL, 0),
('ID0010266', 'KCP MEDAN KRAKATAU', 1, 'ID0010008a', '2020-02-04', NULL, 0),
('ID0010267', 'KCP MEDAN BELAWAN', 1, 'ID0010353a', '2020-02-04', NULL, 0),
('ID0010268', 'KCP MEDAN TOMANG ELOK', 1, 'ID0010353a', '2020-02-04', NULL, 0),
('ID0010269', 'KCP MEDAN ISKANDAR MUDA', 1, 'ID0010353a', '2020-02-04', NULL, 0),
('ID0010270', 'KCP MEDAN PULO BRAYAN', 1, 'ID0010008a', '2020-02-04', NULL, 0),
('ID0010271', 'KCP CIPANAS', 4, 'ID0010357a', '2020-02-04', NULL, 0),
('ID0010272', 'KCP BANDUNG PAJAJARAN', 4, 'ID0010009a', '2020-02-04', NULL, 0),
('ID0010273', 'KCP SURABAYA TANJUNG PERAK', 6, 'ID0010010a', '2020-02-04', NULL, 0),
('ID0010275', 'KCP JAKARTA CIKINI', 3, 'ID0010002a', '2020-02-04', NULL, 0),
('ID0010276', 'KCP JAKARTA GAJAH MADA', 3, 'ID0010002a', '2020-02-04', NULL, 0),
('ID0010277', 'KCP CALANG', 1, 'ID0010011a', '2020-02-04', NULL, 0),
('ID0010278', 'KCP MEUREUDU', 1, 'ID0010011a', '2020-02-04', NULL, 0),
('ID0010280', 'KCP BATANG', 5, 'ID0010040a', '2020-02-04', NULL, 0),
('ID0010281', 'KCP SOLO URIP SUMOHARJO', 5, 'ID0010013a', '2020-02-04', NULL, 0),
('ID0010282', 'KCP SUMENEP', 6, 'ID0010106a', '2020-02-04', NULL, 0),
('ID0010283', 'KCP SAMPANG', 6, 'ID0010106a', '2020-02-04', NULL, 0),
('ID0010284', 'KCP SENGKANG', 8, 'ID0010015a', '2020-02-04', NULL, 0),
('ID0010285', 'KCP MAKASSAR TAMALANREA', 8, 'ID0010015a', '2020-02-04', NULL, 0),
('ID0010286', 'KCP PELAIHARI', 7, 'ID0010016a', '2020-02-04', NULL, 0),
('ID0010287', 'KCP KOTABARU', 7, 'ID0010016a', '2020-02-04', NULL, 0),
('ID0010288', 'KCP BOGOR POMAD', 3, 'ID0010017a', '2020-02-04', NULL, 0),
('ID0010289', 'KCP TANGERANG BALARAJA', 3, 'ID0010018a', '2020-02-04', NULL, 0),
('ID0010290', 'KCP KAYU AGUNG', 2, 'ID0010019a', '2020-02-04', NULL, 0),
('ID0010291', 'KCP SUNGAI LILIN', 2, 'ID0010019a', '2020-02-04', NULL, 0),
('ID0010292', 'KCP LABUAN', 3, 'ID0010018a', '2020-02-04', NULL, 0),
('ID0010293', 'KCP UJUNG BATU', 1, 'ID0010022a', '2020-02-04', NULL, 0),
('ID0010294', 'KCP PEKANBARU NANGKA', 1, 'ID0010022a', '2020-02-04', NULL, 0),
('ID0010295', 'KCP BALIKPAPAN SEPINGGAN', 7, 'ID0010023a', '2020-02-04', NULL, 0),
('ID0010296', 'KCP BALIKPAPAN BARU', 7, 'ID0010023a', '2020-02-04', NULL, 0),
('ID0010297', 'KCP INDRAMAYU', 4, 'ID0010024a', '2020-02-04', NULL, 0),
('ID0010298', 'KCP CIREBON CILEDUG', 4, 'ID0010024a', '2020-02-04', NULL, 0),
('ID0010299', 'KCP PONTIANAK KOTA', 7, 'ID0010026a', '2020-02-04', NULL, 0),
('ID0010300', 'KCP PULAU PUNJUNG', 2, 'ID0010027a', '2020-02-04', NULL, 0),
('ID0010302', 'KCP PANDAAN', 6, 'ID0010028a', '2020-02-04', NULL, 0),
('ID0010303', 'KCP LUMAJANG', 6, 'ID0010051a', '2020-02-04', NULL, 0),
('ID0010304', 'KCP LAWANG', 6, 'ID0010028a', '2020-02-04', NULL, 0),
('ID0010305', 'KCP YOGYAKARTA KOTAGEDE', 5, 'ID0010029a', '2020-02-04', NULL, 0),
('ID0010306', 'KCP AEK KANOPAN', 1, 'ID0010049a', '2020-02-04', NULL, 0),
('ID0010307', 'KCP KRIAN', 6, 'ID0010010a', '2020-02-04', NULL, 0),
('ID0010308', 'KCP PRAYA', 6, 'ID0010053a', '2020-02-04', NULL, 0),
('ID0010309', 'KCP BIMA', 6, 'ID0010053a', '2020-02-04', NULL, 0),
('ID0010310', 'KCP SAROLANGUN', 2, 'ID0010032a', '2020-02-04', NULL, 0),
('ID0010311', 'KCP JAKARTA MEGA KUNINGAN', 3, 'ID0010002a', '2020-02-04', NULL, 0),
('ID0010312', 'KCP BATAM BATU AJI', 1, 'ID0010034a', '2020-02-04', NULL, 0),
('ID0010313', 'KCP BATAM CENTER', 1, 'ID0010034a', '2020-02-04', NULL, 0),
('ID0010314', 'KCP JAKARTA PULO GADUNG', 3, 'ID0010058a', '2020-02-04', NULL, 0),
('ID0010315', 'KCP PAHLAWAN', 7, 'ID0010023a', '2020-02-04', NULL, 0),
('ID0010316', 'KCP UNIT 2 TULANG BAWANG', 2, 'ID0010037a', '2020-02-04', NULL, 0),
('ID0010317', 'KCP PALU PLAZA', 8, 'ID0010038a', '2020-02-04', NULL, 0),
('ID0010318', 'KCP MOROWALI', 8, 'ID0010038a', '2020-02-04', NULL, 0),
('ID0010319', 'KCP LAMONGAN', 6, 'ID0010106a', '2020-02-04', NULL, 0),
('ID0010320', 'KCP LUBUK BASUNG', 2, 'ID0010027a', '2020-02-04', NULL, 0),
('ID0010321', 'KCP SEMARANG TIMUR', 5, 'ID0010040a', '2020-02-04', NULL, 0),
('ID0010322', 'KCP PURWODADI', 5, 'ID0010040a', '2020-02-04', NULL, 0),
('ID0010323', 'KCP TEMANGGUNG', 5, 'ID0010040a', '2020-02-04', NULL, 0),
('ID0010324', 'KCP GOMBONG', 5, 'ID0010040a', '2020-02-04', NULL, 0),
('ID0010325', 'KCP CIAWI', 4, 'ID0010024a', '2020-02-04', NULL, 0),
('ID0010326', 'KCP SANGATTA', 7, 'ID0010023a', '2020-02-04', NULL, 0),
('ID0010327', 'KCP GUNUNG TUA', 1, 'ID0010049a', '2020-02-04', NULL, 0),
('ID0010328', 'KCP SIPIROK', 1, 'ID0010049a', '2020-02-04', NULL, 0),
('ID0010329', 'KCP DEPOK KELAPA DUA', 3, 'ID0010017a', '2020-02-04', NULL, 0),
('ID0010330', 'KCP DEPOK NUSANTARA', 3, 'ID0010017a', '2020-02-04', NULL, 0),
('ID0010331', 'KCP NGANJUK', 6, 'ID0010028a', '2020-02-04', NULL, 0),
('ID0010332', 'KCP JAKARTA KEBAYORAN LAMA', 3, 'ID0010004a', '2020-02-04', NULL, 0),
('ID0010333', 'KCP INDRAPURA', 1, 'ID0010049a', '2020-02-04', NULL, 0),
('ID0010334', 'KCP SUBANG PAMANUKAN', 4, 'ID0010357a', '2020-02-04', NULL, 0),
('ID0010335', 'KCP LAHAT', 2, 'ID0010019a', '2020-02-04', NULL, 0),
('ID0010336', 'KCP CICURUG', 4, 'ID0010357a', '2020-02-04', NULL, 0),
('ID0010337', 'KCP BONDOWOSO', 6, 'ID0010051a', '2020-02-04', NULL, 0),
('ID0010338', 'KCP SITUBONDO', 6, 'ID0010051a', '2020-02-04', NULL, 0),
('ID0010339', 'KCP JEMBER BALUNG', 6, 'ID0010051a', '2020-02-04', NULL, 0),
('ID0010340', 'KCP DENPASAR RENON', 6, 'ID0010053a', '2020-02-04', NULL, 0),
('ID0010341', 'KCP BELITANG', 2, 'ID0010019a', '2020-02-04', NULL, 0),
('ID0010342', 'KCP NATUNA', 1, 'ID0010034a', '2020-02-04', NULL, 0),
('ID0010343', 'KCP TANGERANG BINTARO SEKTOR III', 3, 'ID0010004a', '2020-02-04', NULL, 0),
('ID0010344', 'KCP JAYAPURA ABEPURA', 8, 'ID0010054a', '2020-02-04', NULL, 0),
('ID0010346', 'KCP KUALA SIMPANG', 1, 'ID0010011a', '2020-02-04', NULL, 0),
('ID0010347', 'KCP SERANG CIKANDE', 3, 'ID0010018a', '2020-02-04', NULL, 0),
('ID0010348', 'KCP BANJARNEGARA', 5, 'ID0010029a', '2020-02-04', NULL, 0),
('ID0010349', 'KCP BREBES', 5, 'ID0010040a', '2020-02-04', NULL, 0),
('ID0010350', 'KCP PONOROGO', 6, 'ID0010028a', '2020-02-04', NULL, 0),
('ID0010351', 'KCP GENTENG', 6, 'ID0010051a', '2020-02-04', NULL, 0),
('ID0010352', 'KCP TANJUNG PANDAN', 2, 'ID0010019a', '2020-02-04', NULL, 0),
('ID0010353', 'KC MEDAN GAJAH MADA', 1, 'ID0010353a', '2020-02-04', NULL, 0),
('ID0010354', 'KC AMBON', 8, 'ID0010015a', '2020-02-04', NULL, 0),
('ID0010356', 'KC SIBOLGA', 1, 'ID0010049a', '2020-02-04', NULL, 0),
('ID0010357', 'KC BANDUNG AHMAD YANI', 4, 'ID0010357a', '2020-02-04', NULL, 0),
('ID0010358', 'KCP BANDUNG METRO MARGAHAYU', 4, 'ID0010009a', '2020-02-04', NULL, 0),
('ID0010359', 'KCP BANDUNG UJUNG BERUNG', 4, 'ID0010009a', '2020-02-04', NULL, 0),
('ID0010360', 'KCP BANDUNG RANCAEKEK', 4, 'ID0010009a', '2020-02-04', NULL, 0),
('ID0010361', 'KC LUBUK PAKAM', 1, 'ID0010008a', '2020-02-04', NULL, 0),
('ID0010363', 'KC JAKARTA CENGKARENG', 3, 'ID0010045a', '2020-02-04', NULL, 0),
('ID0010365', 'KC LHOKSEUMAWE', 1, 'ID0010011a', '2020-02-04', NULL, 0),
('ID0010366', 'KC KENDARI', 8, 'ID0010015a', '2020-02-04', NULL, 0),
('ID0010367', 'KC PATI', 5, 'ID0010040a', '2020-02-04', NULL, 0),
('ID0010368', 'KC PANGKALAN BUN', 7, 'ID0010016a', '2020-02-04', NULL, 0),
('ID0010370', 'KC SAMBAS', 7, 'ID0010026a', '2020-02-04', NULL, 0),
('ID0010372', 'KC JAKARTA KALIBATA', 3, 'ID0010005a', '2020-02-04', NULL, 0),
('ID0010373', 'KC SALATIGA', 5, 'ID0010040a', '2020-02-04', NULL, 0),
('ID0010374', 'KC BLITAR', 6, 'ID0010028a', '2020-02-04', NULL, 0),
('ID0010376', 'KC JAKARTA HAYAM WURUK', 3, 'ID0010018a', '2020-02-04', NULL, 0),
('ID0010377', 'KC TANJUNG', 7, 'ID0010016a', '2020-02-04', NULL, 0),
('ID0010378', 'KC KENDAL', 5, 'ID0010040a', '2020-02-04', NULL, 0),
('ID0010379', 'KC JAKARTA SUDIRMAN', 3, 'ID0010002a', '2020-02-04', NULL, 0),
('ID0010385', 'KCP BATUSANGKAR', 2, 'ID0010027a', '2020-02-04', NULL, 0),
('ID0010386', 'KCP DEPOK FMIPA - UI', 3, 'ID0010017a', '2020-02-04', NULL, 0),
('ID0010391', 'KCP JAKARTA PLAZA MANDIRI', 3, 'ID0010004a', '2020-02-04', NULL, 0),
('ID0010392', 'KCP JAKARTA TOMANG', 3, 'ID0010045a', '2020-02-04', NULL, 0),
('ID0010395', 'KCP JAYAPURA SENTANI', 8, 'ID0010054a', '2020-02-04', NULL, 0),
('ID0010397', 'KCP KUTA', 6, 'ID0010053a', '2020-02-04', NULL, 0),
('ID0010398', 'KCP MANADO PASAR 45', 8, 'ID0010038a', '2020-02-04', NULL, 0),
('ID0010401', 'KCP PANDEGLANG', 3, 'ID0010018a', '2020-02-04', NULL, 0),
('ID0010403', 'KCP PONTIANAK AHMAD YANI', 7, 'ID0010026a', '2020-02-04', NULL, 0),
('ID0010406', 'KCP SURAKARTA PASAR KLEWER', 5, 'ID0010013a', '2020-02-04', NULL, 0),
('ID0010410', 'KCP BALIKPAPAN KEBUN SAYUR', 7, 'ID0010023a', '2020-02-04', NULL, 0),
('ID0010411', 'KCP BANDAR LAMPUNG TELUK BETUNG', 2, 'ID0010037a', '2020-02-04', NULL, 0),
('ID0010414', 'KCP BANDUNG MOH. TOHA', 4, 'ID0010009a', '2020-02-04', NULL, 0),
('ID0010417', 'KCP BATAM BENGKONG', 1, 'ID0010034a', '2020-02-04', NULL, 0),
('ID0010420', 'KCP BOGOR SUDIRMAN', 3, 'ID0010017a', '2020-02-04', NULL, 0),
('ID0010421', 'KCP CIREBON SILIWANGI', 4, 'ID0010024a', '2020-02-04', NULL, 0),
('ID0010422', 'KCP JAKARTA GANDARIA', 3, 'ID0010005a', '2020-02-04', NULL, 0),
('ID0010423', 'KCP DUMAI SUKAJADI', 1, 'ID0010022a', '2020-02-04', NULL, 0),
('ID0010429', 'KCP JAKARTA MENTENG', 3, 'ID0010002a', '2020-02-04', NULL, 0),
('ID0010430', 'KCP JAKARTA JATINEGARA TIMUR', 3, 'ID0010005a', '2020-02-04', NULL, 0),
('ID0010432', 'KCP JAKARTA PONDOK PINANG', 3, 'ID0010004a', '2020-02-04', NULL, 0),
('ID0010433', 'KCP JAKARTA PANGKALAN JATI', 3, 'ID0010007a', '2020-02-04', NULL, 0),
('ID0010434', 'KCP JAKARTA PS. REBO', 3, 'ID0010005a', '2020-02-04', NULL, 0),
('ID0010435', 'KCP JAKARTA S. PARMAN', 3, 'ID0010045a', '2020-02-04', NULL, 0),
('ID0010437', 'KCP JAMBI JELUTUNG', 2, 'ID0010032a', '2020-02-04', NULL, 0),
('ID0010440', 'KCP MAKASSAR AHMAD YANI', 8, 'ID0010015a', '2020-02-04', NULL, 0),
('ID0010442', 'KCP BATANG TORU', 1, 'ID0010049a', '2020-02-04', NULL, 0),
('ID0010443', 'KCP PALEMBANG VETERAN', 2, 'ID0010019a', '2020-02-04', NULL, 0),
('ID0010444', 'KCP PALU TADULAKO', 8, 'ID0010038a', '2020-02-04', NULL, 0),
('ID0010446', 'KCP PEKANBARU SUDIRMAN', 1, 'ID0010022a', '2020-02-04', NULL, 0),
('ID0010447', 'KCP PONTIANAK SUNGAI JAWI', 7, 'ID0010026a', '2020-02-04', NULL, 0),
('ID0010450', 'KCP SAMARINDA HASAN BASRI', 7, 'ID0010023a', '2020-02-04', NULL, 0),
('ID0010451', 'KCP SEMARANG MT. HARYONO', 5, 'ID0010040a', '2020-02-04', NULL, 0),
('ID0010453', 'KCP SOLO NUSUKAN', 5, 'ID0010013a', '2020-02-04', NULL, 0),
('ID0010454', 'KCP SURABAYA KLAMPIS', 6, 'ID0010106a', '2020-02-04', NULL, 0),
('ID0010455', 'KCP SURABAYA JEMBATAN MERAH', 6, 'ID0010010a', '2020-02-04', NULL, 0),
('ID0010460', 'KCP TEGAL ADIWERNA', 5, 'ID0010040a', '2020-02-04', NULL, 0),
('ID0010462', 'KC SAMPIT', 7, 'ID0010016a', '2020-02-04', NULL, 0),
('ID0010463', 'KCP JAKARTA RADIO DALAM', 3, 'ID0010004a', '2020-02-04', NULL, 0),
('ID0010464', 'KCP KOTAMOBAGU', 8, 'ID0010038a', '2020-02-04', NULL, 0),
('ID0010465', 'KCP LUBUK SIKAPING', 2, 'ID0010027a', '2020-02-04', NULL, 0),
('ID0010466', 'KCP MAROS', 8, 'ID0010015a', '2020-02-04', NULL, 0),
('ID0010467', 'KCP NGAWI', 6, 'ID0010028a', '2020-02-04', NULL, 0),
('ID0010475', 'KCP BINTAN CENTER', 1, 'ID0010034a', '2020-02-04', NULL, 0),
('ID0010477', 'KCP UJUNG TANJUNG', 1, 'ID0010022a', '2020-02-04', NULL, 0),
('ID0010478', 'KCP CILACAP MAJENANG', 5, 'ID0010029a', '2020-02-04', NULL, 0),
('ID0010479', 'KCP KAPUAS', 7, 'ID0010016a', '2020-02-04', NULL, 0),
('ID0010481', 'KCP KAMPUNG PAJAK', 1, 'ID0010049a', '2020-02-04', NULL, 0),
('ID0010484', 'KCP TELUK KUANTAN', 1, 'ID0010022a', '2020-02-04', NULL, 0),
('ID0010486', 'KCP MEDAN MARELAN RAYA', 1, 'ID0010353a', '2020-02-04', NULL, 0),
('ID0010488', 'KCP SUKABUMI SURADE', 4, 'ID0010357a', '2020-02-04', NULL, 0),
('ID0010489', 'KCP KALIANDA', 2, 'ID0010037a', '2020-02-04', NULL, 0),
('ID0010490', 'KCP KOTABUMI', 2, 'ID0010037a', '2020-02-04', NULL, 0),
('ID0010491', 'KCP KETAPANG MANIS MATA', 7, 'ID0010026a', '2020-02-04', NULL, 0),
('ID0010492', 'KCP SURABAYA KEDUNGDORO', 6, 'ID0010010a', '2020-02-04', NULL, 0),
('ID0010495', 'KCP ACEH ULEE KARENG', 1, 'ID0010011a', '2020-02-04', NULL, 0),
('ID0010496', 'KCP PAINAN', 2, 'ID0010027a', '2020-02-04', NULL, 0),
('ID0010497', 'KCP SIDOARJO WARU', 6, 'ID0010010a', '2020-02-04', NULL, 0),
('ID0010498', 'KCP BOJONEGORO SUMBERREJO', 6, 'ID0010106a', '2020-02-04', NULL, 0),
('ID0010499', 'KCP DENPASAR WR SUPRATMAN', 6, 'ID0010053a', '2020-02-04', NULL, 0),
('ID0010501', 'KCP SURABAYA UNIVERSITAS AIRLANGGA', 6, 'ID0010010a', '2020-02-04', NULL, 0),
('ID0010504', 'KCP BANGKINANG', 1, 'ID0010022a', '2020-02-04', NULL, 0),
('ID0010507', 'KCP MEDAN SUKARAMAI', 1, 'ID0010008a', '2020-02-04', NULL, 0),
('ID0010508', 'KCP FLAMBOYAN', 1, 'ID0010022a', '2020-02-04', NULL, 0),
('ID0010509', 'KCP BEKASI HARAPAN INDAH', 3, 'ID0010007a', '2020-02-04', NULL, 0),
('ID0010511', 'KCP TOLITOLI', 8, 'ID0010038a', '2020-02-04', NULL, 0),
('ID0010512', 'KCP MALANG SOEKARNO HATTA', 6, 'ID0010028a', '2020-02-04', NULL, 0),
('ID0010515', 'KCP BEKASI JATIASIH', 3, 'ID0010007a', '2020-02-04', NULL, 0),
('ID0010516', 'KCP BEKASI JATIBENING', 3, 'ID0010007a', '2020-02-04', NULL, 0),
('ID0010517', 'KCP JAKARTA JOGLO', 3, 'ID0010045a', '2020-02-04', NULL, 0),
('ID0010520', 'KCP JAKARTA PECENONGAN', 3, 'ID0010002a', '2020-02-04', NULL, 0),
('ID0010522', 'KCP TANGERANG GRAHA RAYA', 3, 'ID0010018a', '2020-02-04', NULL, 0),
('ID0010523', 'KCP JAKARTA SIMPRUG', 3, 'ID0010045a', '2020-02-04', NULL, 0),
('ID0010525', 'KCP SANGGAU', 7, 'ID0010026a', '2020-02-04', NULL, 0),
('ID0010527', 'KCP KUALA TUNGKAL', 2, 'ID0010032a', '2020-02-04', NULL, 0),
('ID0010528', 'KCP SURABAYA RUNGKUT', 6, 'ID0010106a', '2020-02-04', NULL, 0),
('ID0010529', 'KCP TRENGGALEK', 6, 'ID0010028a', '2020-02-04', NULL, 0),
('ID0010532', 'KCP AMUNTAI', 7, 'ID0010016a', '2020-02-04', NULL, 0),
('ID0010535', 'KCP KUTAI SENDAWAR', 7, 'ID0010023a', '2020-02-04', NULL, 0),
('ID0010536', 'KCP PALU BASUKI RAHMAT', 8, 'ID0010038a', '2020-02-04', NULL, 0),
('ID0010538', 'KCP BUKITTINGGI PASAR AUR', 2, 'ID0010027a', '2020-02-04', NULL, 0),
('ID0010539', 'KC KABANJAHE', 1, 'ID0010353a', '2020-02-04', NULL, 0),
('ID0010541', 'KCP PENAJAM', 7, 'ID0010023a', '2020-02-04', NULL, 0),
('ID0010542', 'KCP POLEWALI', 8, 'ID0010015a', '2020-02-04', NULL, 0),
('ID0010544', 'KCP MEDAN MUCHTAR BASRI', 1, 'ID0010008a', '2020-02-04', NULL, 0),
('ID0010545', 'KCP MEDAN PADANG BULAN', 1, 'ID0010008a', '2020-02-04', NULL, 0),
('ID0010546', 'KCP SELAT PANJANG', 1, 'ID0010022a', '2020-02-04', NULL, 0),
('ID0010548', 'KC SINGKAWANG', 7, 'ID0010026a', '2020-02-04', NULL, 0),
('ID0010549', 'KCP BAGAN SIAPIAPI', 1, 'ID0010022a', '2020-02-04', NULL, 0),
('ID0010550', 'KCP RENGAT', 1, 'ID0010022a', '2020-02-04', NULL, 0),
('ID0010551', 'KCP JAKARTA SULTAN ISKANDAR MUDA', 3, 'ID0010004a', '2020-02-04', NULL, 0),
('ID0010552', 'KCP BOGOR SENTUL', 3, 'ID0010017a', '2020-02-04', NULL, 0),
('ID0010553', 'KCP JAKARTA CIPINANG JAYA', 3, 'ID0010058a', '2020-02-04', NULL, 0),
('ID0010556', 'KCP GARUT KADUNGORA', 4, 'ID0010009a', '2020-02-04', NULL, 0),
('ID0010558', 'KCP JEPARA', 5, 'ID0010040a', '2020-02-04', NULL, 0),
('ID0010559', 'KCP TANJUNG ENIM', 2, 'ID0010019a', '2020-02-04', NULL, 0),
('ID0010560', 'KCP INDRAMAYU PATROL', 4, 'ID0010024a', '2020-02-04', NULL, 0),
('ID0010561', 'KCP SABANG', 1, 'ID0010011a', '2020-02-04', NULL, 0),
('ID0010568', 'KCP ANAMBAS', 1, 'ID0010034a', '2020-02-04', NULL, 0),
('ID0010571', 'KCP JAKARTA KRAMAT RAYA', 3, 'ID0010002a', '2020-02-04', NULL, 0),
('ID0010573', 'KCP CIMAHI BAROS', 4, 'ID0010357a', '2020-02-04', NULL, 0),
('ID0010574', 'KCP BANDUNG ANTAPANI', 4, 'ID0010009a', '2020-02-04', NULL, 0),
('ID0010576', 'KCP SAMARINDA SUDIRMAN', 7, 'ID0010023a', '2020-02-04', NULL, 0),
('ID0010577', 'KCP YOGYAKARTA WIROBRAJAN', 5, 'ID0010029a', '2020-02-04', NULL, 0),
('ID0010578', 'KCP PEKALONGAN KAJEN', 5, 'ID0010040a', '2020-02-04', NULL, 0),
('ID0010579', 'KCP GOWA', 8, 'ID0010015a', '2020-02-04', NULL, 0),
('ID0010582', 'KCP SEMARANG NGALIYAN', 5, 'ID0010040a', '2020-02-04', NULL, 0),
('ID0010583', 'KCP SERANG TIMUR', 3, 'ID0010018a', '2020-02-04', NULL, 0),
('ID0010584', 'KCP SEMARANG BANYUMANIK', 5, 'ID0010040a', '2020-02-04', NULL, 0),
('ID0010585', 'KCP PALEMBANG JAKABARING', 2, 'ID0010019a', '2020-02-04', NULL, 0),
('ID0010590', 'KCP MAGETAN', 6, 'ID0010028a', '2020-02-04', NULL, 0),
('ID0010591', 'KCP PACITAN', 6, 'ID0010028a', '2020-02-04', NULL, 0),
('ID0010594', 'KCP AJIBARANG', 5, 'ID0010029a', '2020-02-04', NULL, 0),
('ID0010596', 'KCP AMPANA', 8, 'ID0010038a', '2020-02-04', NULL, 0),
('ID0010597', 'KCP SLEMAN', 5, 'ID0010029a', '2020-02-04', NULL, 0),
('ID0010598', 'KCP BANTUL', 5, 'ID0010029a', '2020-02-04', NULL, 0),
('ID0010600', 'KCP GUBUG', 5, 'ID0010040a', '2020-02-04', NULL, 0),
('ID0010601', 'KCP POSO', 8, 'ID0010038a', '2020-02-04', NULL, 0),
('ID0010603', 'KCP JAKARTA K-LINK TOWER', 3, 'ID0010007a', '2020-02-04', NULL, 0),
('ID0010608', 'KCP JATINANGOR', 4, 'ID0010009a', '2020-02-04', NULL, 0),
('ID0010612', 'KCP TASIKMALAYA SINGAPARNA', 4, 'ID0010024a', '2020-02-04', NULL, 0),
('ID0010613', 'KCP PERBAUNGAN', 1, 'ID0010008a', '2020-02-04', NULL, 0),
('ID0010614', 'KCP MAGELANG MUNTILAN', 5, 'ID0010040a', '2020-02-04', NULL, 0),
('ID0010615', 'KCP SAWAHLUNTO', 2, 'ID0010027a', '2020-02-04', NULL, 0),
('ID0010616', 'KCP MEDAN RINGROAD', 1, 'ID0010353a', '2020-02-04', NULL, 0),
('ID0010629', 'KCP PONDOK CILEGON INDAH', 3, 'ID0010018a', '2020-02-04', NULL, 0),
('ID0010630', 'KCP JAKARTA PEJATEN RAYA', 3, 'ID0010005a', '2020-02-04', NULL, 0),
('ID0010635', 'KCP JAKARTA BARITO', 3, 'ID0010004a', '2020-02-04', NULL, 0),
('ID0010636', 'KCP MUARA TEWEH', 7, 'ID0010016a', '2020-02-04', NULL, 0),
('ID0010638', 'KCP SUNGAI LIAT', 2, 'ID0010019a', '2020-02-04', NULL, 0),
('ID0010640', 'KCP PANGKALAN', 2, 'ID0010027a', '2020-02-04', NULL, 0),
('ID0010642', 'KCP KUTAI TENGGARONG SEBERANG', 7, 'ID0010023a', '2020-02-04', NULL, 0),
('ID0010643', 'KCP LIWA', 2, 'ID0010037a', '2020-02-04', NULL, 0),
('ID0010644', 'KCP SUKABUMI CIBADAK', 4, 'ID0010357a', '2020-02-04', NULL, 0),
('ID0010645', 'KCP MUARA BULIAN', 2, 'ID0010032a', '2020-02-04', NULL, 0),
('ID0010646', 'KCP SURABAYA ITS', 6, 'ID0010010a', '2020-02-04', NULL, 0),
('ID0010648', 'KCP NUNUKAN', 7, 'ID0010023a', '2020-02-04', NULL, 0),
('ID0010649', 'KCP KETAHUN', 2, 'ID0010032a', '2020-02-04', NULL, 0),
('ID0010652', 'KCP TAKENGON', 1, 'ID0010011a', '2020-02-04', NULL, 0),
('ID0010654', 'KCP BANYUWANGI ROGOJAMPI', 6, 'ID0010051a', '2020-02-04', NULL, 0),
('ID0010656', 'KCP TANGERANG KARANG TENGAH', 3, 'ID0010045a', '2020-02-04', NULL, 0),
('ID0010657', 'KCP TANGERANG KARAWACI', 3, 'ID0010018a', '2020-02-04', NULL, 0),
('ID0010658', 'KCP JAKARTA TENDEAN', 3, 'ID0010005a', '2020-02-04', NULL, 0),
('ID0010659', 'KCP MALANG TUREN', 6, 'ID0010028a', '2020-02-04', NULL, 0),
('ID0010660', 'KCP JAKARTA MERUYA', 3, 'ID0010045a', '2020-02-04', NULL, 0),
('ID0010667', 'KCP SIAK', 1, 'ID0010022a', '2020-02-04', NULL, 0),
('ID0010668', 'KCP BAUBAU', 8, 'ID0010015a', '2020-02-04', NULL, 0),
('ID0010669', 'KC JAKARTA PLUIT', 3, 'ID0010045a', '2020-02-04', NULL, 0),
('ID0010670', 'KCP SURABAYA PASAR ATOM', 6, 'ID0010010a', '2020-02-04', NULL, 0),
('ID0010671', 'KCP JAKARTA GADING BOULEVARD', 3, 'ID0010058a', '2020-02-04', NULL, 0),
('ID0010672', 'KCP BATAM BOTANIA GARDEN', 1, 'ID0010034a', '2020-02-04', NULL, 0),
('ID0010703', 'KCP MALANG PASAR BESAR', 6, 'ID0010028a', '2020-02-04', NULL, 0),
('ID0010704', 'KCP AMBON DIPONEGORO', 8, 'ID0010015a', '2020-02-04', NULL, 0),
('ID0010705', 'KCP BACAN', 8, 'ID0010038a', '2020-02-04', NULL, 0),
('ID0010717', 'KCP BULA', 8, 'ID0010015a', '2020-02-04', NULL, 0),
('ID0010719', 'KCP SIDOARJO SEPANJANG', 6, 'ID0010010a', '2020-02-04', NULL, 0);

-- --------------------------------------------------------

--
-- Table structure for table `tbl_koperasi`
--

CREATE TABLE `tbl_koperasi` (
  `id` int(11) NOT NULL,
  `fk_kode_ao` char(15) DEFAULT NULL,
  `noloan_kop` varchar(15) DEFAULT NULL,
  `nocif_kop` char(15) NOT NULL,
  `rek_pembayaran` char(25) DEFAULT NULL,
  `nm_koperasi` varchar(50) NOT NULL,
  `nm_perusahaan` varchar(100) NOT NULL,
  `kd_area` varchar(15) NOT NULL,
  `jns_pembiayaan` varchar(25) NOT NULL,
  `tahap_pencairan` int(11) NOT NULL,
  `tgl_pencairan` date DEFAULT NULL,
  `nom_pencairan` decimal(50,2) DEFAULT NULL,
  `os_pokok` decimal(50,2) DEFAULT NULL,
  `tgl_ospokok` date DEFAULT NULL,
  `tgl_rekon` date DEFAULT NULL,
  `status` varchar(100) DEFAULT NULL,
  `createDate` datetime NOT NULL DEFAULT CURRENT_TIMESTAMP,
  `updateDate` datetime DEFAULT NULL,
  `isDelete` int(11) NOT NULL DEFAULT '0'
) ENGINE=InnoDB DEFAULT CHARSET=latin1;

--
-- Dumping data for table `tbl_koperasi`
--

INSERT INTO `tbl_koperasi` (`id`, `fk_kode_ao`, `noloan_kop`, `nocif_kop`, `rek_pembayaran`, `nm_koperasi`, `nm_perusahaan`, `kd_area`, `jns_pembiayaan`, `tahap_pencairan`, `tgl_pencairan`, `nom_pencairan`, `os_pokok`, `tgl_ospokok`, `tgl_rekon`, `status`, `createDate`, `updateDate`, `isDelete`) VALUES
(1, '91002593', NULL, '79207999', '7081935337', 'KOPEDANA', '', 'ID0010002a', 'Channeling', 1, NULL, '4319467128.00', '1427756879.00', '2020-11-12', NULL, 'Proses Rekonsiliasi', '2020-11-19 10:34:49', '2020-11-19 16:30:18', 0),
(2, '91002593', NULL, '73774120', '7036647487', 'KOPERASI BAYTUL IKHTIAR', '', 'ID0010017a', 'Channeling', 1, NULL, '4362661799.28', '1341034447.79', '2020-11-12', '2020-12-02', 'Terekonsiliasi', '2020-11-19 10:34:50', NULL, 0),
(3, '91002593', NULL, '74213561', '7090065755', 'KOPERASI ARTHA GUNA', '', 'ID0010051a', 'Channeling', 1, NULL, '4362661799.28', '1442034447.79', '2020-11-12', NULL, 'Belum Terekonsiliasi', '2020-11-19 10:34:50', NULL, 0),
(4, '91002593', NULL, '78433150', '7071961747', 'KOPERASI ABDI BAHARI', '', 'ID0010017a', 'Channeling', 1, NULL, NULL, NULL, NULL, NULL, 'Belum Terekonsiliasi', '2020-11-19 10:34:50', NULL, 0),
(5, '91002593', NULL, '78471560', '7071699298', 'KOPERASI ABDI BAHARI', '', 'ID0010017a', 'Channeling', 2, NULL, NULL, NULL, NULL, NULL, 'Belum Terekonsiliasi', '2020-11-19 10:34:50', NULL, 0),
(6, '91002593', NULL, '75083025', '7037973321', 'KOPEG PELINDO III', '', 'ID0010106a', 'Channeling', 1, NULL, '197522272204.85', '132979519309.67', '2020-10-31', '2020-12-02', 'Terekonsiliasi', '2020-12-01 08:30:29', NULL, 0);

-- --------------------------------------------------------

--
-- Table structure for table `tbl_region`
--

CREATE TABLE `tbl_region` (
  `id_region` int(11) NOT NULL,
  `kd_region` varchar(50) NOT NULL,
  `nm_region` char(20) NOT NULL,
  `CreateDate` date NOT NULL,
  `UpdateDate` date DEFAULT NULL,
  `IsDelete` int(1) NOT NULL
) ENGINE=InnoDB DEFAULT CHARSET=latin1;

--
-- Dumping data for table `tbl_region`
--

INSERT INTO `tbl_region` (`id_region`, `kd_region`, `nm_region`, `CreateDate`, `UpdateDate`, `IsDelete`) VALUES
(1, 'ID0010468', 'RO I', '2019-11-19', NULL, 0),
(2, 'ID0010865', 'RO II', '2019-11-19', NULL, 0),
(3, 'ID0010469', 'RO III', '2019-11-20', NULL, 0),
(4, 'ID0010470', 'RO IV', '2019-11-19', NULL, 0),
(5, 'ID0010909', 'RO V', '2019-11-19', NULL, 0),
(6, 'ID0010471', 'RO VI', '2019-11-19', NULL, 0),
(7, 'ID0010866', 'RO VII', '2019-11-19', NULL, 0),
(8, 'ID0010611', 'RO VIII', '2019-11-19', NULL, 0);

-- --------------------------------------------------------

--
-- Table structure for table `tbl_rekon_channeling`
--

CREATE TABLE `tbl_rekon_channeling` (
  `no` int(11) NOT NULL,
  `kode_ao` char(15) NOT NULL,
  `id_koperasi` int(11) NOT NULL,
  `rek_pembayaran` char(25) NOT NULL,
  `noloan` varchar(25) NOT NULL,
  `nm_anggota` varchar(100) NOT NULL,
  `batch` int(11) NOT NULL,
  `tenor` int(11) NOT NULL,
  `tgl_pencairan` date NOT NULL,
  `plafond` decimal(50,2) NOT NULL,
  `tgl_ospokok` date NOT NULL,
  `ospokok` decimal(50,2) NOT NULL,
  `rekon_date` date NOT NULL
) ENGINE=InnoDB DEFAULT CHARSET=latin1;

--
-- Dumping data for table `tbl_rekon_channeling`
--

INSERT INTO `tbl_rekon_channeling` (`no`, `kode_ao`, `id_koperasi`, `rek_pembayaran`, `noloan`, `nm_anggota`, `batch`, `tenor`, `tgl_pencairan`, `plafond`, `tgl_ospokok`, `ospokok`, `rekon_date`) VALUES
(102, '91002593', 2, '7036647487', 'LD1333290116', 'FIRMANSYAH', 1, 96, '2020-08-30', '43194671.28', '2020-11-12', '13277568.79', '2020-11-10'),
(103, '91002593', 2, '7036647487', 'LD1333281341', 'DIKMIN', 1, 96, '2020-08-30', '43194671.28', '2020-11-12', '13277568.79', '2020-11-10'),
(104, '91002593', 2, '7036647487', 'LD1333233191', 'SITUAS', 1, 96, '2020-08-30', '43194671.28', '2020-11-12', '13277568.79', '2020-11-10'),
(105, '91002593', 2, '7036647487', 'LD1333254153', 'SIGATIN', 1, 96, '2020-08-30', '43194671.28', '2020-11-12', '13277568.79', '2020-11-10'),
(106, '91002593', 2, '7036647487', 'LD1333257403', 'NUR HIKMAH', 1, 96, '2020-08-30', '43194671.28', '2020-11-12', '13277568.79', '2020-11-10'),
(107, '91002593', 2, '7036647487', 'LD1333276113', 'KIANG', 1, 96, '2020-08-30', '43194671.28', '2020-11-12', '13277568.79', '2020-11-10'),
(108, '91002593', 2, '7036647487', 'LD1333242457', 'KUYU', 1, 96, '2020-08-30', '43194671.28', '2020-11-12', '13277568.79', '2020-11-10'),
(109, '91002593', 2, '7036647487', 'LD1333227087', 'SAPAO', 1, 96, '2020-08-30', '43194671.28', '2020-11-12', '13277568.79', '2020-11-10'),
(110, '91002593', 2, '7036647487', 'LD1333201208', 'MUHAMMAD SOOD', 1, 96, '2020-08-30', '43194671.28', '2020-11-12', '13277568.79', '2020-11-10'),
(111, '91002593', 2, '7036647487', 'LD1333213684', 'NURHASANAH', 1, 96, '2020-08-30', '43194671.28', '2020-11-12', '13277568.79', '2020-11-10'),
(112, '91002593', 2, '7036647487', 'LD1333206475', 'ROHMAT', 1, 96, '2020-08-30', '43194671.28', '2020-11-12', '13277568.79', '2020-11-10'),
(113, '91002593', 2, '7036647487', 'LD1333273389', 'ITIN', 1, 96, '2020-08-30', '43194671.28', '2020-11-12', '13277568.79', '2020-11-10'),
(114, '91002593', 2, '7036647487', 'LD1333291553', 'SIWANG', 1, 96, '2020-08-30', '43194671.28', '2020-11-12', '13277568.79', '2020-11-10'),
(115, '91002593', 2, '7036647487', 'LD1333231106', 'RUSLI', 1, 96, '2020-08-30', '43194671.28', '2020-11-12', '13277568.79', '2020-11-10'),
(116, '91002593', 2, '7036647487', 'LD1333200795', 'NAYAN', 1, 96, '2020-08-30', '43194671.28', '2020-11-12', '13277568.79', '2020-11-10'),
(117, '91002593', 2, '7036647487', 'LD1333270888', 'SIINGAU', 1, 96, '2020-08-30', '43194671.28', '2020-11-12', '13277568.79', '2020-11-10'),
(118, '91002593', 2, '7036647487', 'LD1333296784', 'SINUHUI', 1, 96, '2020-08-30', '43194671.28', '2020-11-12', '13277568.79', '2020-11-10'),
(119, '91002593', 2, '7036647487', 'LD1333243827', 'SUGITO', 1, 96, '2020-08-30', '43194671.28', '2020-11-12', '13277568.79', '2020-11-10'),
(120, '91002593', 2, '7036647487', 'LD1333220167', 'TATING', 1, 96, '2020-08-30', '43194671.28', '2020-11-12', '13277568.79', '2020-11-10'),
(121, '91002593', 2, '7036647487', 'LD1333256811', 'TURI', 1, 96, '2020-08-30', '43194671.28', '2020-11-12', '13277568.79', '2020-11-10'),
(122, '91002593', 2, '7036647487', 'LD1333248529', 'TUTIK', 1, 96, '2020-08-30', '43194671.28', '2020-11-12', '13277568.79', '2020-11-10'),
(123, '91002593', 2, '7036647487', 'LD1333268400', 'USUP', 1, 96, '2020-08-30', '43194671.28', '2020-11-12', '13277568.79', '2020-11-10'),
(124, '91002593', 2, '7036647487', 'LD1333247358', 'YANI', 1, 96, '2020-08-30', '43194671.28', '2020-11-12', '13277568.79', '2020-11-10'),
(125, '91002593', 2, '7036647487', 'LD1333217036', 'IIS', 1, 96, '2020-08-30', '43194671.28', '2020-11-12', '13277568.79', '2020-11-10'),
(126, '91002593', 2, '7036647487', 'LD1333280074', 'ILAU', 1, 96, '2020-08-30', '43194671.28', '2020-11-12', '13277568.79', '2020-11-10'),
(127, '91002593', 2, '7036647487', 'LD1333297740', 'YUNUS', 1, 96, '2020-08-30', '43194671.28', '2020-11-12', '13277568.79', '2020-11-10'),
(128, '91002593', 2, '7036647487', 'LD1333214815', 'AMENG', 1, 96, '2020-08-30', '43194671.28', '2020-11-12', '13277568.79', '2020-11-10'),
(129, '91002593', 2, '7036647487', 'LD1333296091', 'RUSMAYA', 1, 96, '2020-08-30', '43194671.28', '2020-11-12', '13277568.79', '2020-11-10'),
(130, '91002593', 2, '7036647487', 'LD1333278529', 'ALUH', 1, 96, '2020-08-30', '43194671.28', '2020-11-12', '13277568.79', '2020-11-10'),
(131, '91002593', 2, '7036647487', 'LD1333293297', 'RITA', 1, 96, '2020-08-30', '43194671.28', '2020-11-12', '13277568.79', '2020-11-10'),
(132, '91002593', 2, '7036647487', 'LD1333284203', 'HASTUTI', 1, 96, '2020-08-30', '43194671.28', '2020-11-12', '13277568.79', '2020-11-10'),
(133, '91002593', 2, '7036647487', 'LD1333279472', 'EMAN', 1, 96, '2020-08-30', '43194671.28', '2020-11-12', '13277568.79', '2020-11-10'),
(134, '91002593', 2, '7036647487', 'LD1333267144', 'MEGAWATI', 1, 96, '2020-08-30', '43194671.28', '2020-11-12', '13277568.79', '2020-11-10'),
(135, '91002593', 2, '7036647487', 'LD1333240720', 'KARTIRAT', 1, 96, '2020-08-30', '43194671.28', '2020-11-12', '13277568.79', '2020-11-10'),
(136, '91002593', 2, '7036647487', 'LD1333236042', 'NAOMI ADE EKA', 1, 96, '2020-08-30', '43194671.28', '2020-11-12', '13277568.79', '2020-11-10'),
(137, '91002593', 2, '7036647487', 'LD1333299129', 'DESMAN', 1, 96, '2020-08-30', '43194671.28', '2020-11-12', '13277568.79', '2020-11-10'),
(138, '91002593', 2, '7036647487', 'LD1333228065', 'M SUWANDI', 1, 96, '2020-08-30', '43194671.28', '2020-11-12', '13277568.79', '2020-11-10'),
(139, '91002593', 2, '7036647487', 'LD1333200810', 'NENENG YUNINGSIH', 1, 96, '2020-08-30', '43194671.28', '2020-11-12', '13277568.79', '2020-11-10'),
(140, '91002593', 2, '7036647487', 'LD1333201620', 'NURUL', 1, 96, '2020-08-30', '43194671.28', '2020-11-12', '13277568.79', '2020-11-10'),
(141, '91002593', 2, '7036647487', 'LD1333221797', 'FLORIDA', 1, 96, '2020-08-30', '43194671.28', '2020-11-12', '13277568.79', '2020-11-10'),
(142, '91002593', 2, '7036647487', 'LD1333209986', 'PURIDA', 1, 96, '2020-08-30', '43194671.28', '2020-11-12', '13277568.79', '2020-11-10'),
(143, '91002593', 2, '7036647487', 'LD1333257332', 'OPRIE', 1, 96, '2020-08-30', '43194671.28', '2020-11-12', '13277568.79', '2020-11-10'),
(144, '91002593', 2, '7036647487', 'LD1333209207', 'ANA', 1, 96, '2020-08-30', '43194671.28', '2020-11-12', '13277568.79', '2020-11-10'),
(145, '91002593', 2, '7036647487', 'LD1333298060', 'SINARI', 1, 96, '2020-08-30', '43194671.28', '2020-11-12', '13277568.79', '2020-11-10'),
(146, '91002593', 2, '7036647487', 'LD1333219612', 'KARIM', 1, 96, '2020-08-30', '43194671.28', '2020-11-12', '13277568.79', '2020-11-10'),
(147, '91002593', 2, '7036647487', 'LD1333201160', 'HERA', 1, 96, '2020-08-30', '43194671.28', '2020-11-12', '13277568.79', '2020-11-10'),
(148, '91002593', 2, '7036647487', 'LD1333269160', 'HENI', 1, 96, '2020-08-30', '43194671.28', '2020-11-12', '13277568.79', '2020-11-10'),
(149, '91002593', 2, '7036647487', 'LD1333236081', 'MUHAMMAD BUSTANI', 1, 96, '2020-08-30', '43194671.28', '2020-11-12', '13277568.79', '2020-11-10'),
(150, '91002593', 2, '7036647487', 'LD1333211003', 'HARSONO', 1, 96, '2020-08-30', '43194671.28', '2020-11-12', '13277568.79', '2020-11-10'),
(151, '91002593', 2, '7036647487', 'LD1333280004', 'FATIMAH', 1, 96, '2020-08-30', '43194671.28', '2020-11-12', '13277568.79', '2020-11-10'),
(152, '91002593', 2, '7036647487', 'LD1333261808', 'SURIAWATI', 1, 96, '2020-08-30', '43194671.28', '2020-11-12', '13277568.79', '2020-11-10'),
(153, '91002593', 2, '7036647487', 'LD1333200207', 'GUNCING', 1, 96, '2020-08-30', '43194671.28', '2020-11-12', '13277568.79', '2020-11-10'),
(154, '91002593', 2, '7036647487', 'LD1333215637', 'GUTAU', 1, 96, '2020-08-30', '43194671.28', '2020-11-12', '13277568.79', '2020-11-10'),
(155, '91002593', 2, '7036647487', 'LD1333228203', 'KIYAN', 1, 96, '2020-08-30', '43194671.28', '2020-11-12', '13277568.79', '2020-11-10'),
(156, '91002593', 2, '7036647487', 'LD1333282033', 'TIUN', 1, 96, '2020-08-30', '43194671.28', '2020-11-12', '13277568.79', '2020-11-10'),
(157, '91002593', 2, '7036647487', 'LD1333224300', 'BULEH', 1, 96, '2020-08-30', '43194671.28', '2020-11-12', '13277568.79', '2020-11-10'),
(158, '91002593', 2, '7036647487', 'LD1333220029', 'MUHAMMAD MAHMUDIN', 1, 96, '2020-08-30', '43194671.28', '2020-11-12', '13277568.79', '2020-11-10'),
(159, '91002593', 2, '7036647487', 'LD1333243820', 'LINA', 1, 96, '2020-08-30', '43194671.28', '2020-11-12', '13277568.79', '2020-11-10'),
(160, '91002593', 2, '7036647487', 'LD1333239312', 'MAHIYAU', 1, 96, '2020-08-30', '43194671.28', '2020-11-12', '13277568.79', '2020-11-10'),
(161, '91002593', 2, '7036647487', 'LD1333224399', 'MULYANI', 1, 96, '2020-08-30', '43194671.28', '2020-11-12', '13277568.79', '2020-11-10'),
(162, '91002593', 2, '7036647487', 'LD1333219894', 'SIAM', 1, 96, '2020-08-30', '43194671.28', '2020-11-12', '13277568.79', '2020-11-10'),
(163, '91002593', 2, '7036647487', 'LD1333203879', 'SIGUNTUI', 1, 96, '2020-08-30', '43194671.28', '2020-11-12', '13277568.79', '2020-11-10'),
(164, '91002593', 2, '7036647487', 'LD1333207038', 'TAIPUH', 1, 96, '2020-08-30', '43194671.28', '2020-11-12', '13277568.79', '2020-11-10'),
(165, '91002593', 2, '7036647487', 'LD1333287691', 'USID', 1, 96, '2020-08-30', '43194671.28', '2020-11-12', '13277568.79', '2020-11-10'),
(166, '91002593', 2, '7036647487', 'LD1333222013', 'IYUS', 1, 96, '2020-08-30', '43194671.28', '2020-11-12', '13277568.79', '2020-11-10'),
(167, '91002593', 2, '7036647487', 'LD1333241871', 'AMAH', 1, 96, '2020-08-30', '43194671.28', '2020-11-12', '13277568.79', '2020-11-10'),
(168, '91002593', 2, '7036647487', 'LD1333284324', 'CABE', 1, 96, '2020-08-30', '43194671.28', '2020-11-12', '13277568.79', '2020-11-10'),
(169, '91002593', 2, '7036647487', 'LD1333230428', 'ASONG', 1, 96, '2020-08-30', '43194671.28', '2020-11-12', '13277568.79', '2020-11-10'),
(170, '91002593', 2, '7036647487', 'LD1333213599', 'MUTAN', 1, 96, '2020-08-30', '43194671.28', '2020-11-12', '13277568.79', '2020-11-10'),
(171, '91002593', 2, '7036647487', 'LD1333200533', 'SIILAS', 1, 96, '2020-08-30', '43194671.28', '2020-11-12', '13277568.79', '2020-11-10'),
(172, '91002593', 2, '7036647487', 'LD1333292964', 'KIUNG', 1, 96, '2020-08-30', '43194671.28', '2020-11-12', '13277568.79', '2020-11-10'),
(173, '91002593', 2, '7036647487', 'LD1333243013', 'ANTING', 1, 96, '2020-08-30', '43194671.28', '2020-11-12', '13277568.79', '2020-11-10'),
(174, '91002593', 2, '7036647487', 'LD1333250303', 'RUSTAM', 1, 96, '2020-08-30', '43194671.28', '2020-11-12', '13277568.79', '2020-11-10'),
(175, '91002593', 2, '7036647487', 'LD1333216506', 'YANTO', 1, 96, '2020-08-30', '43194671.28', '2020-11-12', '13277568.79', '2020-11-10'),
(176, '91002593', 2, '7036647487', 'LD1333296614', 'RINA', 1, 96, '2020-08-30', '43194671.28', '2020-11-12', '13277568.79', '2020-11-10'),
(177, '91002593', 2, '7036647487', 'LD1333274852', 'IKUS', 1, 96, '2020-08-30', '43194671.28', '2020-11-12', '13277568.79', '2020-11-10'),
(178, '91002593', 2, '7036647487', 'LD1333240644', 'MUHAMMAD ABDULLAH YUSNI', 1, 96, '2020-08-30', '43194671.28', '2020-11-12', '13277568.79', '2020-11-10'),
(179, '91002593', 2, '7036647487', 'LD1333264814', 'BAIN', 1, 96, '2020-08-30', '43194671.28', '2020-11-12', '13277568.79', '2020-11-10'),
(180, '91002593', 2, '7036647487', 'LD1333285649', 'IYAT NODIN', 1, 96, '2020-08-30', '43194671.28', '2020-11-12', '13277568.79', '2020-11-10'),
(181, '91002593', 2, '7036647487', 'LD1333270754', 'YANI', 1, 96, '2020-08-30', '43194671.28', '2020-11-12', '13277568.79', '2020-11-10'),
(182, '91002593', 2, '7036647487', 'LD1333263000', 'BOGOR', 1, 96, '2020-08-30', '43194671.28', '2020-11-12', '13277568.79', '2020-11-10'),
(183, '91002593', 2, '7036647487', 'LD1333204200', 'IRUS', 1, 96, '2020-08-30', '43194671.28', '2020-11-12', '13277568.79', '2020-11-10'),
(184, '91002593', 2, '7036647487', 'LD1333260560', 'IRA SULASTRI', 1, 96, '2020-08-30', '43194671.28', '2020-11-12', '13277568.79', '2020-11-10'),
(185, '91002593', 2, '7036647487', 'LD1333260868', 'YUPIANA', 1, 96, '2020-08-30', '43194671.28', '2020-11-12', '13277568.79', '2020-11-10'),
(186, '91002593', 2, '7036647487', 'LD1333209098', 'IPUL', 1, 96, '2020-08-30', '43194671.28', '2020-11-12', '13277568.79', '2020-11-10'),
(187, '91002593', 2, '7036647487', 'LD1333269801', 'AGUS', 1, 96, '2020-08-30', '43194671.28', '2020-11-12', '13277568.79', '2020-11-10'),
(188, '91002593', 2, '7036647487', 'LD1333296302', 'FERNANDO HARIS PURBA', 1, 96, '2020-08-30', '43194671.28', '2020-11-12', '13277568.79', '2020-11-10'),
(189, '91002593', 2, '7036647487', 'LD1333291352', 'SERIYAH', 1, 96, '2020-08-30', '43194671.28', '2020-11-12', '13277568.79', '2020-11-10'),
(190, '91002593', 2, '7036647487', 'LD1333279226', 'SIIKIT', 1, 96, '2020-08-30', '43194671.28', '2020-11-12', '13277568.79', '2020-11-10'),
(191, '91002593', 2, '7036647487', 'LD1333200697', 'KIKI', 1, 96, '2020-08-30', '43194671.28', '2020-11-12', '13277568.79', '2020-11-10'),
(192, '91002593', 2, '7036647487', 'LD1333250101', 'YUNI', 1, 96, '2020-08-30', '43194671.28', '2020-11-12', '13277568.79', '2020-11-10'),
(193, '91002593', 2, '7036647487', 'LD1333286471', 'IDAMAYANTI', 1, 96, '2020-08-30', '43194671.28', '2020-11-12', '13277568.79', '2020-11-10'),
(194, '91002593', 2, '7036647487', 'LD1333255574', 'TAWULA', 1, 96, '2020-08-30', '43194671.28', '2020-11-12', '13277568.79', '2020-11-10'),
(195, '91002593', 2, '7036647487', 'LD1333262909', 'SALEH', 1, 96, '2020-08-30', '43194671.28', '2020-11-12', '13277568.79', '2020-11-10'),
(196, '91002593', 2, '7036647487', 'LD1333213913', 'FIRMAN', 1, 96, '2020-08-30', '43194671.28', '2020-11-12', '13277568.79', '2020-11-10'),
(197, '91002593', 2, '7036647487', 'LD1333200225', 'HARTI DWI WAHYUNI', 1, 96, '2020-08-30', '43194671.28', '2020-11-12', '13277568.79', '2020-11-10'),
(198, '91002593', 2, '7036647487', 'LD1333293509', 'RUSTATI', 1, 96, '2020-08-30', '43194671.28', '2020-11-12', '13277568.79', '2020-11-10'),
(199, '91002593', 2, '7036647487', 'LD1333220003', 'REMI ISANDI', 1, 96, '2020-08-30', '43194671.28', '2020-11-12', '13277568.79', '2020-11-10'),
(200, '91002593', 2, '7036647487', 'LD1333281436', 'HALIM', 1, 96, '2020-08-30', '43194671.28', '2020-11-12', '13277568.79', '2020-11-10'),
(201, '91002593', 2, '7036647487', 'LD1333259738', 'MAS DENDI', 1, 96, '2020-08-30', '43194671.28', '2020-11-12', '13277568.79', '2020-11-10'),
(202, '91002593', 2, '7036647487', 'LD1333204609', 'MUHAMMAD YUSUP', 1, 96, '2020-08-30', '43194671.28', '2020-11-12', '13277568.79', '2020-11-10'),
(203, '91002593', 1, '7081935337', 'LD1826138904', 'Hary Sudaryanto', 1, 12, '2019-10-12', '50000000.00', '2019-12-12', '99037645.71', '0000-00-00'),
(204, '91002593', 6, '7037973321', 'LD1925411696', 'KOPEG PELINDO III', 1, 20, '2019-09-11', '45000000.00', '2020-10-31', '20739720.16', '0000-00-00'),
(205, '91002593', 6, '7037973321', 'LD2010878875', 'KOPEG PELINDO III', 1, 97, '2020-04-17', '100000000.00', '2020-10-31', '95809035.07', '0000-00-00'),
(206, '91002593', 6, '7037973321', 'LD1913477367', 'KOPEG PELINDO III', 1, 109, '2019-05-14', '100000000.00', '2020-10-31', '89553820.53', '0000-00-00'),
(207, '91002593', 6, '7037973321', 'LD1911255090', 'KOPEG PELINDO III', 1, 48, '2019-04-22', '145000000.00', '2020-10-31', '97260974.45', '0000-00-00'),
(208, '91002593', 6, '7037973321', 'LD2010836485', 'KOPEG PELINDO III', 1, 73, '2020-04-17', '135000000.00', '2020-10-31', '126570149.81', '0000-00-00'),
(209, '91002593', 6, '7037973321', 'LD1913410064', 'KOPEG PELINDO III', 1, 25, '2019-05-14', '175000000.00', '2020-10-31', '54689426.20', '0000-00-00'),
(210, '91002593', 6, '7037973321', 'LD1914898093', 'KOPEG PELINDO III', 1, 36, '2019-05-28', '170000000.00', '2020-10-31', '96022043.42', '0000-00-00'),
(211, '91002593', 6, '7037973321', 'LD1925404375', 'KOPEG PELINDO III', 1, 73, '2019-09-11', '150000000.00', '2020-10-31', '129099839.77', '0000-00-00'),
(212, '91002593', 6, '7037973321', 'LD1911279532', 'KOPEG PELINDO III', 1, 24, '2019-04-22', '220000000.00', '2020-10-31', '59073474.57', '0000-00-00'),
(213, '91002593', 6, '7037973321', 'LD1925403749', 'KOPEG PELINDO III', 1, 37, '2019-09-11', '250000000.00', '2020-10-31', '168204372.12', '0000-00-00'),
(214, '91002593', 6, '7037973321', 'LD1913442463', 'KOPEG PELINDO III', 1, 97, '2019-05-14', '200000000.00', '2020-10-31', '175124053.33', '0000-00-00'),
(215, '91002593', 6, '7037973321', 'LD1920430402', 'KOPEG PELINDO III', 1, 48, '2019-07-23', '250000000.00', '2020-10-31', '182277218.91', '0000-00-00'),
(216, '91002593', 6, '7037973321', 'LD1911245490', 'KOPEG PELINDO III', 1, 72, '2019-04-22', '300000000.00', '2020-10-31', '240883027.07', '0000-00-00'),
(217, '91002593', 6, '7037973321', 'LD1925457453', 'KOPEG PELINDO III', 1, 97, '2019-09-11', '300000000.00', '2020-10-31', '271945176.04', '0000-00-00'),
(218, '91002593', 6, '7037973321', 'LD1913487254', 'KOPEG PELINDO III', 1, 73, '2019-05-14', '335000000.00', '2020-10-31', '272917886.81', '0000-00-00'),
(219, '91002593', 6, '7037973321', 'LD1913470713', 'KOPEG PELINDO III', 1, 37, '2019-05-14', '405000000.00', '2020-10-31', '228758397.57', '0000-00-00'),
(220, '91002593', 6, '7037973321', 'LD1914896283', 'KOPEG PELINDO III', 1, 96, '2019-05-28', '325000000.00', '2020-10-31', '284576586.65', '0000-00-00'),
(221, '91002593', 6, '7037973321', 'LD1920454687', 'KOPEG PELINDO III', 1, 84, '2019-07-23', '350000000.00', '2020-10-31', '303967991.84', '0000-00-00'),
(222, '91002593', 6, '7037973321', 'LD1920475204', 'KOPEG PELINDO III', 1, 72, '2019-07-23', '375000000.00', '2020-10-31', '314198901.01', '0000-00-00'),
(223, '91002593', 6, '7037973321', 'LD2010840157', 'KOPEG PELINDO III', 1, 109, '2020-04-17', '350000000.00', '2020-10-31', '337680589.37', '0000-00-00'),
(224, '91002593', 6, '7037973321', 'LD2010879918', 'KOPEG PELINDO III', 1, 85, '2020-04-17', '400000000.00', '2020-10-31', '379739143.75', '0000-00-00'),
(225, '91002593', 6, '7037973321', 'LD1914814341', 'KOPEG PELINDO III', 1, 72, '2019-05-28', '425000000.00', '2020-10-31', '346239110.15', '0000-00-00'),
(226, '91002593', 6, '7037973321', 'LD1911219299', 'KOPEG PELINDO III', 1, 36, '2019-04-22', '515000000.00', '2020-10-31', '276696792.48', '0000-00-00'),
(227, '91002593', 6, '7037973321', 'LD1913408036', 'KOPEG PELINDO III', 1, 49, '2019-05-14', '500000000.00', '2020-10-31', '345187400.54', '0000-00-00'),
(228, '91002593', 6, '7037973321', 'LD1914869837', 'KOPEG PELINDO III', 1, 84, '2019-05-28', '455000000.00', '2020-10-31', '386601780.48', '0000-00-00'),
(229, '91002593', 6, '7037973321', 'LD1911243037', 'KOPEG PELINDO III', 1, 96, '2019-04-22', '480000000.00', '2020-10-31', '416516610.31', '0000-00-00'),
(230, '91002593', 6, '7037973321', 'LD1920459556', 'KOPEG PELINDO III', 1, 36, '2019-07-23', '730000000.00', '2020-10-31', '452070435.45', '0000-00-00'),
(231, '91002593', 6, '7037973321', 'LD1914804096', 'KOPEG PELINDO III', 1, 48, '2019-05-28', '725000000.00', '2020-10-31', '500521730.77', '0000-00-00'),
(232, '91002593', 6, '7037973321', 'LD1925472838', 'KOPEG PELINDO III', 1, 85, '2019-09-11', '700000000.00', '2020-10-31', '620883309.49', '0000-00-00'),
(233, '91002593', 6, '7037973321', 'LD1911290307', 'KOPEG PELINDO III', 1, 84, '2019-04-22', '750000000.00', '2020-10-31', '630115258.11', '0000-00-00'),
(234, '91002593', 6, '7037973321', 'LD1913419316', 'KOPEG PELINDO III', 1, 85, '2019-05-14', '750000000.00', '2020-10-31', '637255682.11', '0000-00-00'),
(235, '91002593', 6, '7037973321', 'LD1920464408', 'KOPEG PELINDO III', 1, 108, '2019-07-23', '800000000.00', '2020-10-31', '726885090.38', '0000-00-00'),
(236, '91002593', 6, '7037973321', 'LD2010851497', 'KOPEG PELINDO III', 1, 61, '2020-04-17', '961000000.00', '2020-10-31', '884970936.31', '0000-00-00'),
(237, '91002593', 6, '7037973321', 'LD1925440412', 'KOPEG PELINDO III', 1, 121, '2019-09-11', '775000000.00', '2020-10-31', '723280558.50', '0000-00-00'),
(238, '91002593', 6, '7037973321', 'LD1914869201', 'KOPEG PELINDO III', 1, 60, '2019-05-28', '1157000000.00', '2020-10-31', '885340304.60', '0000-00-00'),
(239, '91002593', 6, '7037973321', 'LD1914837081', 'KOPEG PELINDO III', 1, 120, '2019-05-28', '965000000.00', '2020-10-31', '879346963.27', '0000-00-00'),
(240, '91002593', 6, '7037973321', 'LD1920474147', 'KOPEG PELINDO III', 1, 96, '2019-07-23', '1075000000.00', '2020-10-31', '958018667.83', '0000-00-00'),
(241, '91002593', 6, '7037973321', 'LD1925432809', 'KOPEG PELINDO III', 1, 61, '2019-09-11', '1970000000.00', '2020-10-31', '1622227891.26', '0000-00-00'),
(242, '91002593', 6, '7037973321', 'LD1911207706', 'KOPEG PELINDO III', 1, 60, '2019-04-22', '2009000000.00', '2020-10-31', '1507419046.86', '0000-00-00'),
(243, '91002593', 6, '7037973321', 'LD1911227158', 'KOPEG PELINDO III', 1, 120, '2019-04-22', '1960000000.00', '2020-10-31', '1775013186.21', '0000-00-00'),
(244, '91002593', 6, '7037973321', 'LD1913428172', 'KOPEG PELINDO III', 1, 61, '2019-05-14', '2596000000.00', '2020-10-31', '1986467960.82', '0000-00-00'),
(245, '91002593', 6, '7037973321', 'LD1920418309', 'KOPEG PELINDO III', 1, 120, '2019-07-23', '2615000000.00', '2020-10-31', '2411930068.63', '0000-00-00'),
(246, '91002593', 6, '7037973321', 'LD1920422587', 'KOPEG PELINDO III', 1, 60, '2019-07-23', '3546000000.00', '2020-10-31', '2817567928.19', '0000-00-00'),
(247, '91002593', 6, '7037973321', 'LD2010898881', 'KOPEG PELINDO III', 1, 121, '2020-04-17', '3995000000.00', '2020-10-31', '3875519607.87', '0000-00-00'),
(248, '91002593', 6, '7037973321', 'LD1913406908', 'KOPEG PELINDO III', 1, 121, '2019-05-14', '4340000000.00', '2020-10-31', '3954783233.73', '0000-00-00'),
(249, '91002593', 6, '7037973321', 'LD1617536415', 'KOPEG PELINDO III', 1, 60, '2016-06-23', '263392826.02', '2020-10-31', '60450140.22', '0000-00-00'),
(250, '91002593', 6, '7037973321', 'LD1617529104', 'KOPEG PELINDO III', 1, 96, '2016-06-23', '524769662.47', '2020-10-31', '346003608.85', '0000-00-00'),
(251, '91002593', 6, '7037973321', 'LD1617585192', 'KOPEG PELINDO III', 1, 84, '2016-06-23', '865932148.50', '2020-10-31', '494332277.15', '0000-00-00'),
(252, '91002593', 6, '7037973321', 'LD1611102196', 'KOPEG PELINDO III', 1, 96, '2016-04-20', '1219055673.02', '2020-10-31', '788307364.51', '0000-00-00'),
(253, '91002593', 6, '7037973321', 'LD1609576543', 'KOPEG PELINDO III', 1, 93, '2016-04-04', '1882943881.19', '2020-10-31', '1165577613.45', '0000-00-00'),
(254, '91002593', 6, '7037973321', 'LD1614195406', 'KOPEG PELINDO III', 1, 95, '2016-05-20', '2214441595.78', '2020-10-31', '1431977765.18', '0000-00-00'),
(255, '91002593', 6, '7037973321', 'LD1608153075', 'KOPEG PELINDO III', 1, 96, '2016-03-21', '4047140454.17', '2020-10-31', '2590327246.66', '0000-00-00'),
(256, '91002593', 6, '7037973321', 'LD1605067310', 'KOPEG PELINDO III', 1, 85, '2016-02-19', '479723243.87', '2020-10-31', '255816116.72', '0000-00-00'),
(257, '91002593', 6, '7037973321', 'LD1605095600', 'KOPEG PELINDO III', 1, 97, '2016-02-19', '2884362371.44', '2020-10-31', '1826474463.89', '0000-00-00'),
(258, '91002593', 6, '7037973321', 'LD1602105666', 'KOPEG PELINDO III', 1, 96, '2016-01-21', '4736579482.13', '2020-10-31', '2966185751.79', '0000-00-00'),
(259, '91002593', 6, '7037973321', 'LD1535267688', 'KOPEG PELINDO III', 1, 97, '2015-12-18', '5753563020.42', '2020-10-31', '3561563528.84', '0000-00-00'),
(260, '91002593', 6, '7037973321', 'LD1703996301', 'KOPEG PELINDO III', 1, 49, '2017-02-08', '12658420.09', '2020-10-31', '1600327.93', '0000-00-00'),
(261, '91002593', 6, '7037973321', 'LD1829893002', 'KOPEG PELINDO III', 1, 30, '2018-10-25', '30000000.00', '2020-10-31', '6611873.91', '0000-00-00'),
(262, '91002593', 6, '7037973321', 'LD1905904424', 'KOPEG PELINDO III', 1, 30, '2019-02-28', '30000000.00', '2020-10-31', '10840387.78', '0000-00-00'),
(263, '91002593', 6, '7037973321', 'LD1718800168', 'KOPEG PELINDO III', 1, 49, '2017-07-07', '35000000.00', '2020-10-31', '7780399.85', '0000-00-00'),
(264, '91002593', 6, '7037973321', 'LD1828475519', 'KOPEG PELINDO III', 1, 37, '2018-10-11', '50000000.00', '2020-10-31', '18351169.63', '0000-00-00'),
(265, '91002593', 6, '7037973321', 'LD1708896508', 'KOPEG PELINDO III', 1, 46, '2017-03-29', '58937430.25', '2020-10-31', '5749049.28', '0000-00-00'),
(266, '91002593', 6, '7037973321', 'LD1708882470', 'KOPEG PELINDO III', 1, 82, '2017-03-29', '60731215.26', '2020-10-31', '37926301.75', '0000-00-00'),
(267, '91002593', 6, '7037973321', 'LD1734261000', 'KOPEG PELINDO III', 1, 49, '2017-12-08', '85000000.00', '2020-10-31', '28741161.82', '0000-00-00'),
(268, '91002593', 6, '7037973321', 'LD1700921207', 'KOPEG PELINDO III', 1, 61, '2017-01-09', '91197657.50', '2020-10-31', '33050190.36', '0000-00-00'),
(269, '91002593', 6, '7037973321', 'LD1824280592', 'KOPEG PELINDO III', 1, 48, '2018-08-30', '105000000.00', '2020-10-31', '53328554.16', '0000-00-00'),
(270, '91002593', 6, '7037973321', 'LD1635838491', 'KOPEG PELINDO III', 1, 72, '2016-12-23', '85918971.25', '2020-10-31', '43902457.52', '0000-00-00'),
(271, '91002593', 6, '7037973321', 'LD1834080973', 'KOPEG PELINDO III', 1, 73, '2018-12-06', '100000000.00', '2020-10-31', '75785839.28', '0000-00-00'),
(272, '91002593', 6, '7037973321', 'LD1832011199', 'KOPEG PELINDO III', 1, 73, '2018-11-16', '100000000.00', '2020-10-31', '74571068.37', '0000-00-00'),
(273, '91002593', 6, '7037973321', 'LD1828402606', 'KOPEG PELINDO III', 1, 73, '2018-10-11', '100000000.00', '2020-10-31', '73345668.22', '0000-00-00'),
(274, '91002593', 6, '7037973321', 'LD1722083957', 'KOPEG PELINDO III', 1, 49, '2017-08-08', '110000000.00', '2020-10-31', '27047754.96', '0000-00-00'),
(275, '91002593', 6, '7037973321', 'LD2017773021', 'KOPEG PELINDO III', 1, 84, '2020-06-25', '100000000.00', '2020-10-31', '96651290.33', '0000-00-00'),
(276, '91002593', 6, '7037973321', 'LD1709740097', 'KOPEG PELINDO III', 1, 85, '2017-04-07', '92133699.48', '2020-10-31', '59415245.41', '0000-00-00'),
(277, '91002593', 6, '7037973321', 'LD1712991239', 'KOPEG PELINDO III', 1, 85, '2017-05-09', '92957515.87', '2020-10-31', '60543395.52', '0000-00-00'),
(278, '91002593', 6, '7037973321', 'LD1734293003', 'KOPEG PELINDO III', 1, 85, '2017-12-08', '100000000.00', '2020-10-31', '68620606.88', '0000-00-00'),
(279, '91002593', 6, '7037973321', 'LD1828475488', 'KOPEG PELINDO III', 1, 97, '2018-10-11', '100000000.00', '2020-10-31', '82219718.27', '0000-00-00'),
(280, '91002593', 6, '7037973321', 'LD1819017073', 'KOPEG PELINDO III', 1, 97, '2018-07-09', '100000000.00', '2020-10-31', '79724272.68', '0000-00-00'),
(281, '91002593', 6, '7037973321', 'LD1829853305', 'KOPEG PELINDO III', 1, 36, '2018-10-25', '130000000.00', '2020-10-31', '47713041.06', '0000-00-00'),
(282, '91002593', 6, '7037973321', 'LD1734257648', 'KOPEG PELINDO III', 1, 97, '2017-12-08', '100000000.00', '2020-10-31', '74238364.04', '0000-00-00'),
(283, '91002593', 6, '7037973321', 'LD1819051955', 'KOPEG PELINDO III', 1, 73, '2018-07-09', '120000000.00', '2020-10-31', '83525709.80', '0000-00-00'),
(284, '91002593', 6, '7037973321', 'LD1907927407', 'KOPEG PELINDO III', 1, 36, '2019-03-20', '140000000.00', '2020-10-31', '71327960.54', '0000-00-00'),
(285, '91002593', 6, '7037973321', 'LD2005585790', 'KOPEG PELINDO III', 1, 72, '2020-02-24', '125000000.00', '2020-10-31', '114505207.51', '0000-00-00'),
(286, '91002593', 6, '7037973321', 'LD1907904042', 'KOPEG PELINDO III', 1, 48, '2019-03-20', '140000000.00', '2020-10-31', '91138945.63', '0000-00-00'),
(287, '91002593', 6, '7037973321', 'LD1632968739', 'KOPEG PELINDO III', 1, 84, '2016-11-24', '109855119.00', '2020-10-31', '66999106.82', '0000-00-00'),
(288, '91002593', 6, '7037973321', 'LD1831634770', 'KOPEG PELINDO III', 1, 85, '2018-11-12', '125000000.00', '2020-10-31', '99293751.85', '0000-00-00'),
(289, '91002593', 6, '7037973321', 'LD1905913075', 'KOPEG PELINDO III', 1, 24, '2019-02-28', '165000000.00', '2020-10-31', '29831581.32', '0000-00-00'),
(290, '91002593', 6, '7037973321', 'LD1627763240', 'KOPEG PELINDO III', 1, 72, '2016-10-03', '123939789.15', '2020-10-31', '59114264.11', '0000-00-00'),
(291, '91002593', 6, '7037973321', 'LD2017700061', 'KOPEG PELINDO III', 1, 36, '2020-06-25', '165000000.00', '2020-10-31', '149005102.89', '0000-00-00'),
(292, '91002593', 6, '7037973321', 'LD1833245272', 'KOPEG PELINDO III', 1, 36, '2018-11-28', '200000000.00', '2020-10-31', '79198131.53', '0000-00-00'),
(293, '91002593', 6, '7037973321', 'LD1829804926', 'KOPEG PELINDO III', 1, 60, '2018-10-25', '185000000.00', '2020-10-31', '121817351.10', '0000-00-00'),
(294, '91002593', 6, '7037973321', 'LD1831611007', 'KOPEG PELINDO III', 1, 121, '2018-11-12', '150000000.00', '2020-10-31', '131958945.55', '0000-00-00'),
(295, '91002593', 6, '7037973321', 'LD1833285445', 'KOPEG PELINDO III', 1, 72, '2018-11-28', '180000000.00', '2020-10-31', '134227923.11', '0000-00-00'),
(296, '91002593', 6, '7037973321', 'LD1903005388', 'KOPEG PELINDO III', 1, 96, '2019-01-30', '175000000.00', '2020-10-31', '147650106.31', '0000-00-00'),
(297, '91002593', 6, '7037973321', 'LD1734257395', 'KOPEG PELINDO III', 1, 37, '2017-12-08', '220000000.00', '2020-10-31', '14209359.70', '0000-00-00'),
(298, '91002593', 6, '7037973321', 'LD1905917104', 'KOPEG PELINDO III', 1, 72, '2019-02-28', '200000000.00', '2020-10-31', '155835103.27', '0000-00-00'),
(299, '91002593', 6, '7037973321', 'LD1734220506', 'KOPEG PELINDO III', 1, 121, '2017-12-08', '160000000.00', '2020-10-31', '131058483.30', '0000-00-00'),
(300, '91002593', 6, '7037973321', 'LD1829819250', 'KOPEG PELINDO III', 1, 72, '2018-10-25', '200000000.00', '2020-10-31', '146691336.47', '0000-00-00'),
(301, '91002593', 6, '7037973321', 'LD1731230680', 'KOPEG PELINDO III', 1, 73, '2017-11-08', '200000000.00', '2020-10-31', '119353732.36', '0000-00-00'),
(302, '91002593', 6, '7037973321', 'LD1907980342', 'KOPEG PELINDO III', 1, 108, '2019-03-20', '182000000.00', '2020-10-31', '160569743.37', '0000-00-00'),
(303, '91002593', 6, '7037973321', 'LD2017716629', 'KOPEG PELINDO III', 1, 72, '2020-06-25', '210000000.00', '2020-10-31', '201330679.17', '0000-00-00'),
(304, '91002593', 6, '7037973321', 'LD1811797120', 'KOPEG PELINDO III', 1, 60, '2018-04-27', '220000000.00', '2020-10-31', '123622732.25', '0000-00-00'),
(305, '91002593', 6, '7037973321', 'LD1829804729', 'KOPEG PELINDO III', 1, 84, '2018-10-25', '200000000.00', '2020-10-31', '156887980.81', '0000-00-00'),
(306, '91002593', 6, '7037973321', 'LD1731243048', 'KOPEG PELINDO III', 1, 37, '2017-11-08', '245000000.00', '2020-10-31', '7948127.85', '0000-00-00'),
(307, '91002593', 6, '7037973321', 'LD1728217128', 'KOPEG PELINDO III', 1, 85, '2017-10-09', '200000000.00', '2020-10-31', '132892530.42', '0000-00-00'),
(308, '91002593', 6, '7037973321', 'LD1725102709', 'KOPEG PELINDO III', 1, 85, '2017-09-08', '200000000.00', '2020-10-31', '130687564.54', '0000-00-00'),
(309, '91002593', 6, '7037973321', 'LD1907998041', 'KOPEG PELINDO III', 1, 96, '2019-03-20', '200000000.00', '2020-10-31', '171959993.03', '0000-00-00'),
(310, '91002593', 6, '7037973321', 'LD1905995737', 'KOPEG PELINDO III', 1, 48, '2019-02-28', '240000000.00', '2020-10-31', '151453157.39', '0000-00-00'),
(311, '91002593', 6, '7037973321', 'LD1828479606', 'KOPEG PELINDO III', 1, 61, '2018-10-11', '230000000.00', '2020-10-31', '151448598.65', '0000-00-00'),
(312, '91002593', 6, '7037973321', 'LD1832060381', 'KOPEG PELINDO III', 1, 97, '2018-11-16', '200000000.00', '2020-10-31', '166074289.80', '0000-00-00'),
(313, '91002593', 6, '7037973321', 'LD1834069026', 'KOPEG PELINDO III', 1, 97, '2018-12-06', '200000000.00', '2020-10-31', '167694962.10', '0000-00-00'),
(314, '91002593', 6, '7037973321', 'LD1715800161', 'KOPEG PELINDO III', 1, 49, '2017-06-07', '233128707.70', '2020-10-31', '53012627.56', '0000-00-00'),
(315, '91002593', 6, '7037973321', 'LD1634395438', 'KOPEG PELINDO III', 1, 49, '2016-12-08', '229957681.20', '2020-10-31', '15396792.83', '0000-00-00'),
(316, '91002593', 6, '7037973321', 'LD1728255753', 'KOPEG PELINDO III', 1, 49, '2017-10-09', '250000000.00', '2020-10-31', '73107709.91', '0000-00-00'),
(317, '91002593', 6, '7037973321', 'LD1709792927', 'KOPEG PELINDO III', 1, 49, '2017-04-07', '240015651.99', '2020-10-31', '43104238.70', '0000-00-00'),
(318, '91002593', 6, '7037973321', 'LD1907953488', 'KOPEG PELINDO III', 1, 24, '2019-03-20', '285000000.00', '2020-10-31', '64144047.13', '0000-00-00'),
(319, '91002593', 6, '7037973321', 'LD1832088805', 'KOPEG PELINDO III', 1, 121, '2018-11-16', '200000000.00', '2020-10-31', '175945260.71', '0000-00-00'),
(320, '91002593', 6, '7037973321', 'LD1706879104', 'KOPEG PELINDO III', 1, 49, '2017-03-09', '250939643.86', '2020-10-31', '38577131.24', '0000-00-00'),
(321, '91002593', 6, '7037973321', 'LD1718808073', 'KOPEG PELINDO III', 1, 73, '2017-07-07', '232515008.77', '2020-10-31', '134367951.81', '0000-00-00'),
(322, '91002593', 6, '7037973321', 'LD1819080661', 'KOPEG PELINDO III', 1, 61, '2018-07-09', '283000000.00', '2020-10-31', '172855763.05', '0000-00-00'),
(323, '91002593', 6, '7037973321', 'LD1731249418', 'KOPEG PELINDO III', 1, 85, '2017-11-08', '250000000.00', '2020-10-31', '168846270.93', '0000-00-00'),
(324, '91002593', 6, '7037973321', 'LD1829806959', 'KOPEG PELINDO III', 1, 108, '2018-10-25', '235000000.00', '2020-10-31', '200018845.48', '0000-00-00'),
(325, '91002593', 6, '7037973321', 'LD1709746392', 'KOPEG PELINDO III', 1, 73, '2017-04-07', '247919820.44', '2020-10-31', '136630075.17', '0000-00-00'),
(326, '91002593', 6, '7037973321', 'LD1831657970', 'KOPEG PELINDO III', 1, 49, '2018-11-12', '300000000.00', '2020-10-31', '171071835.54', '0000-00-00'),
(327, '91002593', 6, '7037973321', 'LD1631480176', 'KOPEG PELINDO III', 1, 49, '2016-11-09', '271985537.69', '2020-10-31', '9383023.22', '0000-00-00'),
(328, '91002593', 6, '7037973321', 'LD1627446011', 'KOPEG PELINDO III', 1, 96, '2016-09-30', '221741709.76', '2020-10-31', '149743042.77', '0000-00-00'),
(329, '91002593', 6, '7037973321', 'LD1703900420', 'KOPEG PELINDO III', 1, 73, '2017-02-08', '264173256.73', '2020-10-31', '140467393.66', '0000-00-00'),
(330, '91002593', 6, '7037973321', 'LD1634338056', 'KOPEG PELINDO III', 1, 61, '2016-12-08', '285257789.85', '2020-10-31', '98601626.63', '0000-00-00'),
(331, '91002593', 6, '7037973321', 'LD1700941078', 'KOPEG PELINDO III', 1, 49, '2017-01-09', '309057645.29', '2020-10-31', '30147015.63', '0000-00-00'),
(332, '91002593', 6, '7037973321', 'LD1808000605', 'KOPEG PELINDO III', 1, 96, '2018-03-21', '295000000.00', '2020-10-31', '225067061.69', '0000-00-00'),
(333, '91002593', 6, '7037973321', 'LD1812480229', 'KOPEG PELINDO III', 1, 61, '2018-05-04', '344000000.00', '2020-10-31', '198952049.23', '0000-00-00'),
(334, '91002593', 6, '7037973321', 'LD1812402823', 'KOPEG PELINDO III', 1, 97, '2018-05-04', '300000000.00', '2020-10-31', '234072114.24', '0000-00-00'),
(335, '91002593', 6, '7037973321', 'LD2008776435', 'KOPEG PELINDO III', 1, 72, '2020-03-27', '350000000.00', '2020-10-31', '324395329.89', '0000-00-00'),
(336, '91002593', 6, '7037973321', 'LD1832070011', 'KOPEG PELINDO III', 1, 49, '2018-11-16', '400000000.00', '2020-10-31', '228095780.71', '0000-00-00'),
(337, '91002593', 6, '7037973321', 'LD2017720300', 'KOPEG PELINDO III', 1, 48, '2020-06-25', '400000000.00', '2020-10-31', '372410718.75', '0000-00-00'),
(338, '91002593', 6, '7037973321', 'LD1627406787', 'KOPEG PELINDO III', 1, 71, '2016-09-30', '327182733.64', '2020-10-31', '152062828.59', '0000-00-00'),
(339, '91002593', 6, '7037973321', 'LD1812403438', 'KOPEG PELINDO III', 1, 85, '2018-05-04', '350000000.00', '2020-10-31', '256750681.07', '0000-00-00'),
(340, '91002593', 6, '7037973321', 'LD1834010575', 'KOPEG PELINDO III', 1, 85, '2018-12-06', '350000000.00', '2020-10-31', '281460957.28', '0000-00-00'),
(341, '91002593', 6, '7037973321', 'LD2008733097', 'KOPEG PELINDO III', 1, 36, '2020-03-27', '432000000.00', '2020-10-31', '357789285.55', '0000-00-00'),
(342, '91002593', 6, '7037973321', 'LD2005576291', 'KOPEG PELINDO III', 1, 96, '2020-02-24', '350000000.00', '2020-10-31', '330277597.26', '0000-00-00'),
(343, '91002593', 6, '7037973321', 'LD1631493552', 'KOPEG PELINDO III', 1, 61, '2016-11-09', '380399132.67', '2020-10-31', '124832083.00', '0000-00-00'),
(344, '91002593', 6, '7037973321', 'LD2005524917', 'KOPEG PELINDO III', 1, 36, '2020-02-24', '480000000.00', '2020-10-31', '385368264.53', '0000-00-00'),
(345, '91002593', 6, '7037973321', 'LD1722065040', 'KOPEG PELINDO III', 1, 85, '2017-08-08', '380818039.71', '2020-10-31', '254973955.75', '0000-00-00'),
(346, '91002593', 6, '7037973321', 'LD1811725725', 'KOPEG PELINDO III', 1, 84, '2018-04-27', '400000000.00', '2020-10-31', '289252587.34', '0000-00-00'),
(347, '91002593', 6, '7037973321', 'LD1708805012', 'KOPEG PELINDO III', 1, 93, '2017-03-29', '359802182.79', '2020-10-31', '248879391.30', '0000-00-00'),
(348, '91002593', 6, '7037973321', 'LD1907908330', 'KOPEG PELINDO III', 1, 84, '2019-03-20', '420000000.00', '2020-10-31', '348832585.14', '0000-00-00'),
(349, '91002593', 6, '7037973321', 'LD1712908047', 'KOPEG PELINDO III', 1, 49, '2017-05-09', '456637650.81', '2020-10-31', '93204807.49', '0000-00-00'),
(350, '91002593', 6, '7037973321', 'LD2008700456', 'KOPEG PELINDO III', 1, 84, '2020-03-27', '440000000.00', '2020-10-31', '413889479.29', '0000-00-00'),
(351, '91002593', 6, '7037973321', 'LD2008745691', 'KOPEG PELINDO III', 1, 120, '2020-03-27', '390000000.00', '2020-10-31', '376335003.82', '0000-00-00'),
(352, '91002593', 6, '7037973321', 'LD1725126805', 'KOPEG PELINDO III', 1, 73, '2017-09-08', '450000000.00', '2020-10-31', '256277759.92', '0000-00-00'),
(353, '91002593', 6, '7037973321', 'LD1734252911', 'KOPEG PELINDO III', 1, 73, '2017-12-08', '450000000.00', '2020-10-31', '274594640.53', '0000-00-00'),
(354, '91002593', 6, '7037973321', 'LD2017725697', 'KOPEG PELINDO III', 1, 108, '2020-06-25', '410000000.00', '2020-10-31', '400459185.84', '0000-00-00'),
(355, '91002593', 6, '7037973321', 'LD1834001503', 'KOPEG PELINDO III', 1, 61, '2018-12-06', '495000000.00', '2020-10-31', '341353019.49', '0000-00-00'),
(356, '91002593', 6, '7037973321', 'LD2005571029', 'KOPEG PELINDO III', 1, 84, '2020-02-24', '475000000.00', '2020-10-31', '442650381.20', '0000-00-00'),
(357, '91002593', 6, '7037973321', 'LD1833293999', 'KOPEG PELINDO III', 1, 96, '2018-11-28', '450000000.00', '2020-10-31', '373667151.97', '0000-00-00'),
(358, '91002593', 6, '7037973321', 'LD1627448690', 'KOPEG PELINDO III', 1, 83, '2016-09-30', '428062817.46', '2020-10-31', '250957135.90', '0000-00-00'),
(359, '91002593', 6, '7037973321', 'LD1734230598', 'KOPEG PELINDO III', 1, 61, '2017-12-08', '525000000.00', '2020-10-31', '263001384.99', '0000-00-00'),
(360, '91002593', 6, '7037973321', 'LD1824293451', 'KOPEG PELINDO III', 1, 36, '2018-08-30', '590000000.00', '2020-10-31', '181933974.86', '0000-00-00'),
(361, '91002593', 6, '7037973321', 'LD1725142740', 'KOPEG PELINDO III', 1, 49, '2017-09-08', '555000000.00', '2020-10-31', '149442592.84', '0000-00-00'),
(362, '91002593', 6, '7037973321', 'LD1824213000', 'KOPEG PELINDO III', 1, 96, '2018-08-30', '465000000.00', '2020-10-31', '374619554.44', '0000-00-00'),
(363, '91002593', 6, '7037973321', 'LD1811798458', 'KOPEG PELINDO III', 1, 48, '2018-04-27', '570000000.00', '2020-10-31', '240715541.86', '0000-00-00'),
(364, '91002593', 6, '7037973321', 'LD1832072461', 'KOPEG PELINDO III', 1, 61, '2018-11-16', '551000000.00', '2020-10-31', '371430035.97', '0000-00-00'),
(365, '91002593', 6, '7037973321', 'LD1824207493', 'KOPEG PELINDO III', 1, 84, '2018-08-30', '500000000.00', '2020-10-31', '382179391.88', '0000-00-00'),
(366, '91002593', 6, '7037973321', 'LD1700910189', 'KOPEG PELINDO III', 1, 97, '2017-01-09', '457690663.69', '2020-10-31', '318967702.79', '0000-00-00'),
(367, '91002593', 6, '7037973321', 'LD1903020697', 'KOPEG PELINDO III', 1, 120, '2019-01-30', '490000000.00', '2020-10-31', '435351341.72', '0000-00-00'),
(368, '91002593', 6, '7037973321', 'LD1831607752', 'KOPEG PELINDO III', 1, 97, '2018-11-12', '540000000.00', '2020-10-31', '448400582.37', '0000-00-00'),
(369, '91002593', 6, '7037973321', 'LD2017782402', 'KOPEG PELINDO III', 1, 60, '2020-06-25', '647000000.00', '2020-10-31', '613159230.67', '0000-00-00'),
(370, '91002593', 6, '7037973321', 'LD1832009337', 'KOPEG PELINDO III', 1, 109, '2018-11-16', '550000000.00', '2020-10-31', '471893121.61', '0000-00-00'),
(371, '91002593', 6, '7037973321', 'LD1628106701', 'KOPEG PELINDO III', 1, 61, '2016-10-07', '608375069.64', '2020-10-31', '188510416.66', '0000-00-00'),
(372, '91002593', 6, '7037973321', 'LD1812409477', 'KOPEG PELINDO III', 1, 121, '2018-05-04', '550000000.00', '2020-10-31', '464299710.54', '0000-00-00'),
(373, '91002593', 6, '7037973321', 'LD1905960358', 'KOPEG PELINDO III', 1, 36, '2019-02-28', '770000000.00', '2020-10-31', '370727247.00', '0000-00-00'),
(374, '91002593', 6, '7037973321', 'LD1708824301', 'KOPEG PELINDO III', 1, 60, '2017-03-29', '677701562.11', '2020-10-31', '266888153.17', '0000-00-00'),
(375, '91002593', 6, '7037973321', 'LD1627480444', 'KOPEG PELINDO III', 1, 84, '2016-09-30', '602851434.19', '2020-10-31', '358322083.56', '0000-00-00'),
(376, '91002593', 6, '7037973321', 'LD1824202805', 'KOPEG PELINDO III', 1, 72, '2018-08-30', '712000000.00', '2020-10-31', '504541764.41', '0000-00-00'),
(377, '91002593', 6, '7037973321', 'LD2005534401', 'KOPEG PELINDO III', 1, 48, '2020-02-24', '791000000.00', '2020-10-31', '680042940.25', '0000-00-00'),
(378, '91002593', 6, '7037973321', 'LD1828467750', 'KOPEG PELINDO III', 1, 121, '2018-10-11', '600000000.00', '2020-10-31', '524358245.43', '0000-00-00'),
(379, '91002593', 6, '7037973321', 'LD1731212640', 'KOPEG PELINDO III', 1, 49, '2017-11-08', '785000000.00', '2020-10-31', '247577484.12', '0000-00-00'),
(380, '91002593', 6, '7037973321', 'LD1907925432', 'KOPEG PELINDO III', 1, 72, '2019-03-20', '800000000.00', '2020-10-31', '632887024.78', '0000-00-00'),
(381, '91002593', 6, '7037973321', 'LD1715896005', 'KOPEG PELINDO III', 1, 85, '2017-06-07', '694856739.27', '2020-10-31', '456901650.85', '0000-00-00'),
(382, '91002593', 6, '7037973321', 'LD1903041598', 'KOPEG PELINDO III', 1, 60, '2019-01-30', '840000000.00', '2020-10-31', '592178427.39', '0000-00-00'),
(383, '91002593', 6, '7037973321', 'LD1703912701', 'KOPEG PELINDO III', 1, 61, '2017-02-08', '788189692.06', '2020-10-31', '298281907.66', '0000-00-00'),
(384, '91002593', 6, '7037973321', 'LD1722021509', 'KOPEG PELINDO III', 1, 73, '2017-08-08', '775780172.78', '2020-10-31', '454810748.11', '0000-00-00'),
(385, '91002593', 6, '7037973321', 'LD1709700338', 'KOPEG PELINDO III', 1, 61, '2017-04-07', '803394595.11', '2020-10-31', '328238821.99', '0000-00-00'),
(386, '91002593', 6, '7037973321', 'LD1629861709', 'KOPEG PELINDO III', 1, 84, '2016-10-24', '717811296.69', '2020-10-31', '432301674.34', '0000-00-00'),
(387, '91002593', 6, '7037973321', 'LD1829821890', 'KOPEG PELINDO III', 1, 120, '2018-10-25', '750000000.00', '2020-10-31', '655447806.82', '0000-00-00'),
(388, '91002593', 6, '7037973321', 'LD1728227062', 'KOPEG PELINDO III', 1, 97, '2017-10-09', '800000000.00', '2020-10-31', '579626305.33', '0000-00-00'),
(389, '91002593', 6, '7037973321', 'LD2008715070', 'KOPEG PELINDO III', 1, 48, '2020-03-27', '1035000000.00', '2020-10-31', '908495462.11', '0000-00-00'),
(390, '91002593', 6, '7037973321', 'LD1905958044', 'KOPEG PELINDO III', 1, 108, '2019-02-28', '850000000.00', '2020-10-31', '744196033.71', '0000-00-00'),
(391, '91002593', 6, '7037973321', 'LD1731251827', 'KOPEG PELINDO III', 1, 97, '2017-11-08', '850000000.00', '2020-10-31', '623474918.08', '0000-00-00'),
(392, '91002593', 6, '7037973321', 'LD1708803862', 'KOPEG PELINDO III', 1, 94, '2017-03-29', '811618324.55', '2020-10-31', '565622270.83', '0000-00-00'),
(393, '91002593', 6, '7037973321', 'LD1629880875', 'KOPEG PELINDO III', 1, 96, '2016-10-24', '813704946.14', '2020-10-31', '554064287.05', '0000-00-00'),
(394, '91002593', 6, '7037973321', 'LD1831638242', 'KOPEG PELINDO III', 1, 61, '2018-11-12', '1110000000.00', '2020-10-31', '748252885.55', '0000-00-00'),
(395, '91002593', 6, '7037973321', 'LD1833255202', 'KOPEG PELINDO III', 1, 60, '2018-11-28', '1143000000.00', '2020-10-31', '770498241.61', '0000-00-00'),
(396, '91002593', 6, '7037973321', 'LD1811718170', 'KOPEG PELINDO III', 1, 120, '2018-04-27', '965000000.00', '2020-10-31', '808741775.28', '0000-00-00'),
(397, '91002593', 6, '7037973321', 'LD1712918278', 'KOPEG PELINDO III', 1, 97, '2017-05-09', '999200604.48', '2020-10-31', '715868860.90', '0000-00-00'),
(398, '91002593', 6, '7037973321', 'LD1728229656', 'KOPEG PELINDO III', 1, 61, '2017-10-09', '1275000000.00', '2020-10-31', '594783849.46', '0000-00-00'),
(399, '91002593', 6, '7037973321', 'LD1833224897', 'KOPEG PELINDO III', 1, 120, '2018-11-28', '1050000000.00', '2020-10-31', '923712618.78', '0000-00-00'),
(400, '91002593', 6, '7037973321', 'LD1905975026', 'KOPEG PELINDO III', 1, 96, '2019-02-28', '1170000000.00', '2020-10-31', '996595236.95', '0000-00-00'),
(401, '91002593', 6, '7037973321', 'LD2017760074', 'KOPEG PELINDO III', 1, 120, '2020-06-25', '1194000000.00', '2020-10-31', '1170391745.69', '0000-00-00'),
(402, '91002593', 6, '7037973321', 'LD1725170083', 'KOPEG PELINDO III', 1, 61, '2017-09-08', '1456000000.00', '2020-10-31', '653789045.00', '0000-00-00'),
(403, '91002593', 6, '7037973321', 'LD1834039682', 'KOPEG PELINDO III', 1, 121, '2018-12-06', '1200000000.00', '2020-10-31', '1062566308.72', '0000-00-00'),
(404, '91002593', 6, '7037973321', 'LD1728235759', 'KOPEG PELINDO III', 1, 121, '2017-10-09', '1305000000.00', '2020-10-31', '1052589078.40', '0000-00-00'),
(405, '91002593', 6, '7037973321', 'LD1731200600', 'KOPEG PELINDO III', 1, 61, '2017-11-08', '1819000000.00', '2020-10-31', '880040719.54', '0000-00-00'),
(406, '91002593', 6, '7037973321', 'LD1635863500', 'KOPEG PELINDO III', 1, 96, '2016-12-23', '1480672017.67', '2020-10-31', '1024198207.05', '0000-00-00'),
(407, '91002593', 6, '7037973321', 'LD1905908890', 'KOPEG PELINDO III', 1, 120, '2019-02-28', '1567572698.00', '2020-10-31', '1401778746.79', '0000-00-00'),
(408, '91002593', 6, '7037973321', 'LD1632940288', 'KOPEG PELINDO III', 1, 96, '2016-11-24', '1559285856.88', '2020-10-31', '1070267285.78', '0000-00-00'),
(409, '91002593', 6, '7037973321', 'LD1715855259', 'KOPEG PELINDO III', 1, 97, '2017-06-07', '1635613796.88', '2020-10-31', '1179335233.09', '0000-00-00'),
(410, '91002593', 6, '7037973321', 'LD1819028421', 'KOPEG PELINDO III', 1, 121, '2018-07-09', '1665000000.00', '2020-10-31', '1425634042.51', '0000-00-00'),
(411, '91002593', 6, '7037973321', 'LD1731283216', 'KOPEG PELINDO III', 1, 121, '2017-11-08', '1650000000.00', '2020-10-31', '1341248426.53', '0000-00-00'),
(412, '91002593', 6, '7037973321', 'LD1725121673', 'KOPEG PELINDO III', 1, 97, '2017-09-08', '1820000000.00', '2020-10-31', '1302176864.77', '0000-00-00'),
(413, '91002593', 6, '7037973321', 'LD1703906889', 'KOPEG PELINDO III', 1, 97, '2017-02-08', '1699804088.15', '2020-10-31', '1193216161.62', '0000-00-00'),
(414, '91002593', 6, '7037973321', 'LD1722013941', 'KOPEG PELINDO III', 1, 97, '2017-08-08', '1801298424.87', '2020-10-31', '1314770829.15', '0000-00-00'),
(415, '91002593', 6, '7037973321', 'LD1907979623', 'KOPEG PELINDO III', 1, 120, '2019-03-20', '1772000000.00', '2020-10-31', '1594712682.28', '0000-00-00'),
(416, '91002593', 6, '7037973321', 'LD1722038951', 'KOPEG PELINDO III', 1, 61, '2017-08-08', '2158200000.00', '2020-10-31', '931057475.43', '0000-00-00'),
(417, '91002593', 6, '7037973321', 'LD1907972069', 'KOPEG PELINDO III', 1, 60, '2019-03-20', '2213000000.00', '2020-10-31', '1627304665.52', '0000-00-00'),
(418, '91002593', 6, '7037973321', 'LD1824201464', 'KOPEG PELINDO III', 1, 60, '2018-08-30', '2325000000.00', '2020-10-31', '1457359483.85', '0000-00-00'),
(419, '91002593', 6, '7037973321', 'LD1718857255', 'KOPEG PELINDO III', 1, 97, '2017-07-07', '1931687505.59', '2020-10-31', '1401479424.35', '0000-00-00'),
(420, '91002593', 6, '7037973321', 'LD2008706724', 'KOPEG PELINDO III', 1, 60, '2020-03-27', '2390000000.00', '2020-10-31', '2168476804.49', '0000-00-00'),
(421, '91002593', 6, '7037973321', 'LD1808003451', 'KOPEG PELINDO III', 1, 120, '2018-03-21', '1935000000.00', '2020-10-31', '1609753647.40', '0000-00-00'),
(422, '91002593', 6, '7037973321', 'LD1824299732', 'KOPEG PELINDO III', 1, 120, '2018-08-30', '1969000000.00', '2020-10-31', '1697644301.01', '0000-00-00'),
(423, '91002593', 6, '7037973321', 'LD1718838031', 'KOPEG PELINDO III', 1, 61, '2017-07-07', '2473500000.00', '2020-10-31', '1023081032.98', '0000-00-00'),
(424, '91002593', 6, '7037973321', 'LD1706858734', 'KOPEG PELINDO III', 1, 97, '2017-03-09', '2216029779.00', '2020-10-31', '1566543311.96', '0000-00-00'),
(425, '91002593', 6, '7037973321', 'LD1709710601', 'KOPEG PELINDO III', 1, 97, '2017-04-07', '2272444011.34', '2020-10-31', '1617380067.39', '0000-00-00'),
(426, '91002593', 6, '7037973321', 'LD2005556738', 'KOPEG PELINDO III', 1, 120, '2020-02-24', '2370000000.00', '2020-10-31', '2274697135.26', '0000-00-00'),
(427, '91002593', 6, '7037973321', 'LD1715807106', 'KOPEG PELINDO III', 1, 61, '2017-06-07', '2940554977.46', '2020-10-31', '1283085779.31', '0000-00-00'),
(428, '91002593', 6, '7037973321', 'LD1905970864', 'KOPEG PELINDO III', 1, 60, '2019-02-28', '3316000000.00', '2020-10-31', '2388247973.28', '0000-00-00'),
(429, '91002593', 6, '7037973321', 'LD2005560840', 'KOPEG PELINDO III', 1, 60, '2020-02-24', '3410000000.00', '2020-10-31', '3047265897.97', '0000-00-00'),
(430, '91002593', 6, '7037973321', 'LD1712943305', 'KOPEG PELINDO III', 1, 61, '2017-05-09', '3429680263.65', '2020-10-31', '1449827012.56', '0000-00-00'),
(431, '91002593', 6, '7037973321', 'LD1833374636', 'KOPEG PELINDO III', 1, 36, '2018-11-29', '155250000.00', '2020-10-31', '61477549.59', '0000-00-00'),
(432, '91002593', 6, '7037973321', 'LD1908068504', 'KOPEG PELINDO III', 1, 36, '2019-03-21', '290775000.00', '2020-10-31', '148145626.54', '0000-00-00'),
(433, '91002593', 6, '7037973321', 'LD1826866705', 'KOPEG PELINDO III', 1, 36, '2018-09-25', '314961000.00', '2020-10-31', '106398466.21', '0000-00-00'),
(434, '91002593', 6, '7037973321', 'LD1811795553', 'KOPEG PELINDO III', 1, 40, '2018-04-27', '280166666.00', '2020-10-31', '78986120.90', '0000-00-00'),
(435, '91002593', 6, '7037973321', 'LD1811720401', 'KOPEG PELINDO III', 1, 38, '2018-04-27', '763750000.00', '2020-10-31', '181384905.68', '0000-00-00'),
(436, '91002593', 6, '7037973321', 'LD1811775085', 'KOPEG PELINDO III', 1, 33, '2018-04-27', '881166663.00', '2020-10-31', '90444494.96', '0000-00-00');
INSERT INTO `tbl_rekon_channeling` (`no`, `kode_ao`, `id_koperasi`, `rek_pembayaran`, `noloan`, `nm_anggota`, `batch`, `tenor`, `tgl_pencairan`, `plafond`, `tgl_ospokok`, `ospokok`, `rekon_date`) VALUES
(437, '91002593', 6, '7037973321', 'LD1811704631', 'KOPEG PELINDO III', 1, 32, '2018-04-27', '1100000001.00', '2020-10-31', '77636177.56', '0000-00-00'),
(438, '91002593', 6, '7037973321', 'LD1811772905', 'KOPEG PELINDO III', 1, 37, '2018-04-27', '1161611110.00', '2020-10-31', '247956346.38', '0000-00-00'),
(439, '91002593', 6, '7037973321', 'LD1811768412', 'KOPEG PELINDO III', 1, 35, '2018-04-27', '1356520832.00', '2020-10-31', '218723711.72', '0000-00-00'),
(440, '91002593', 6, '7037973321', 'LD1811776002', 'KOPEG PELINDO III', 1, 35, '2018-04-27', '1635314500.00', '2020-10-31', '263676051.86', '0000-00-00'),
(441, '91002593', 6, '7037973321', 'LD1811724990', 'KOPEG PELINDO III', 1, 34, '2018-04-27', '1998969139.00', '2020-10-31', '265478442.45', '0000-00-00'),
(442, '91002593', 6, '7037973321', 'LD1811796003', 'KOPEG PELINDO III', 1, 41, '2018-04-27', '1979880000.00', '2020-10-31', '598918079.63', '0000-00-00'),
(443, '91002593', 6, '7037973321', 'LD1833364554', 'KOPEG PELINDO III', 1, 36, '2018-11-29', '124575000.00', '2020-10-31', '49330536.17', '0000-00-00'),
(444, '91002593', 6, '7037973321', 'LD1920437809', 'KOPEG PELINDO III', 1, 36, '2019-07-23', '307800000.00', '2020-10-31', '190612712.38', '0000-00-00'),
(445, '91002593', 6, '7037973321', 'LD1914891198', 'KOPEG PELINDO III', 1, 36, '2019-05-28', '825167450.00', '2020-10-31', '466083910.05', '0000-00-00'),
(446, '91002593', 6, '7037973321', 'LD1834032093', 'KOPEG PELINDO III', 1, 37, '2018-12-06', '960000000.00', '2020-10-31', '407729782.86', '0000-00-00'),
(447, '91002593', 6, '7037973321', 'LD1908120900', 'KOPEG PELINDO III', 1, 36, '2019-03-22', '898710745.19', '2020-10-31', '327829290.18', '0000-00-00'),
(448, '91002593', 6, '7037973321', 'LD1829806670', 'KOPEG PELINDO III', 1, 36, '2018-10-25', '1287434387.10', '2020-10-31', '496378016.29', '0000-00-00'),
(449, '91002593', 6, '7037973321', 'LD1834804868', 'KOPEG PELINDO III', 1, 37, '2018-12-14', '1064872004.14', '2020-10-31', '763646039.50', '0000-00-00');

-- --------------------------------------------------------

--
-- Table structure for table `tbl_role_user`
--

CREATE TABLE `tbl_role_user` (
  `id` int(11) NOT NULL,
  `role` varchar(50) NOT NULL
) ENGINE=InnoDB DEFAULT CHARSET=latin1;

--
-- Dumping data for table `tbl_role_user`
--

INSERT INTO `tbl_role_user` (`id`, `role`) VALUES
(1, 'Admin'),
(2, 'KP'),
(3, 'Region'),
(4, 'Area'),
(5, 'Cabang');

-- --------------------------------------------------------

--
-- Table structure for table `tbl_user`
--

CREATE TABLE `tbl_user` (
  `id_user` int(11) NOT NULL,
  `nip` varchar(15) NOT NULL,
  `kode_ao` char(15) DEFAULT NULL,
  `nama` varchar(125) NOT NULL,
  `email` varchar(125) NOT NULL,
  `jabatan` varchar(125) NOT NULL,
  `outlet` varchar(15) NOT NULL,
  `password` text NOT NULL,
  `role_id` char(25) NOT NULL,
  `status` int(1) NOT NULL DEFAULT '0',
  `is_active` int(1) NOT NULL,
  `last_login` datetime DEFAULT NULL,
  `CreateDate` date NOT NULL,
  `UpdateDate` datetime DEFAULT NULL,
  `UpdateBy` varchar(15) NOT NULL,
  `IsDelete` int(1) NOT NULL,
  `cookies` varchar(255) DEFAULT NULL
) ENGINE=InnoDB DEFAULT CHARSET=latin1;

--
-- Dumping data for table `tbl_user`
--

INSERT INTO `tbl_user` (`id_user`, `nip`, `kode_ao`, `nama`, `email`, `jabatan`, `outlet`, `password`, `role_id`, `status`, `is_active`, `last_login`, `CreateDate`, `UpdateDate`, `UpdateBy`, `IsDelete`, `cookies`) VALUES
(1, '108074909', '91002593', 'JUNAIDI', 'junaidi4909@bsm.co.id', 'BBRM', 'ID0010011', 'b1ae3b5e23f3c2aa55b795faadbbb3f6', '3', 0, 1, '2020-12-01 16:12:25', '2019-07-10', '2020-03-10 08:40:24', '1910061236', 0, NULL),
(2, '159114775', NULL, 'SEPTIAN NUGRAHA', '', 'BBRM', 'ID0010011', '2ea70af615a66806fea207791e2cad42', '3', 1, 0, NULL, '2019-07-10', NULL, '', 0, NULL),
(4, '169315348', '91019077', 'ADITYA DAVID BAGUS SETYAWAN', 'adavid@bsm.co.id', 'BBRM', 'ID0010029', 'c01d504d4e78c0e8e4117c883668c309', '3', 0, 0, '2020-02-27 10:55:36', '2019-07-10', '2020-02-03 16:04:28', '1910061236', 0, NULL),
(5, '128212085', NULL, 'AGUNG CANDRA KUSUMA', '', 'Jr. BBRM', 'ID0010023', '630c605cdcf0693f8e1f2b42bd3c3e89', '3', 1, 0, '2020-03-13 08:58:40', '2019-07-10', NULL, '', 0, NULL),
(6, '128912065', NULL, 'ZULFIKAR IQBAL HILFANDI', '', 'Jr. BBRM', 'ID0010023', '3f386686ae134556cc704d8c65123ba7', '3', 1, 0, '2020-03-09 14:17:46', '2019-07-10', NULL, '', 0, NULL),
(7, '149014142', '91018125', 'ANGGEL DWI SATRIA', 'adwi14142@bsm.co.id', 'BBRM', 'ID0010037', '351d1378061e19076b843f9a5878efee', '3', 0, 0, NULL, '2019-07-10', NULL, '', 0, NULL),
(8, '118710310', '91004507', 'ARIF PARULIAN SIMANUNGKALIT', 'aparulian@bsm.co.id', 'BBRM', 'ID0010037', '422c54ae9a0fb3cd5037b7e0396679b7', '3', 0, 0, '2020-07-17 10:47:10', '2019-07-10', NULL, '', 0, NULL),
(9, '118778880', NULL, 'DESY ANGGRAINI', '', 'Jr. BBRM', 'ID0010037', '8fe10042ac41370fa60178b2e4d003ea', '3', 1, 0, NULL, '2019-07-10', NULL, '', 0, NULL),
(11, '108875539', '91009859', 'SYAMSU FIQRAN', 'sfiqran@bsm.co.id', 'BBRM', 'ID0010009', 'c19cfac6ac14a70d11f24f23ec354e56', '3', 0, 0, '2020-07-07 13:50:51', '2019-07-10', NULL, '', 0, NULL),
(13, '118378231', '91004437', 'ARI FURGHANA', 'afurghana@bsm.co.id', 'BBRM', 'ID0010357', '5fe65053eda807c2a06ff35872da0877', '3', 0, 0, '2020-07-02 19:42:31', '2019-07-10', NULL, '', 0, NULL),
(14, '048072008', '91001175', 'AS AS DWI ASTUTI', 'adastuti@bsm.co.id', 'BBRM', 'ID0010357', '80fba666b862d619d5313836362c2d88', '3', 0, 0, '2020-03-17 07:59:57', '2019-07-10', NULL, '', 0, NULL),
(15, '149214327', '91018361', 'FIRMAN MULYAWAN AKBAR SYUHADA', 'fmulyawan@bsm.co.id', 'BBRM', 'ID0010357', 'a5e45110440884258b19feb94adaf021', '3', 0, 0, NULL, '2019-07-10', NULL, '', 0, NULL),
(16, '169415315', '91019054', 'PUTRI APRILIA MULYANI', 'paprilia@bsm.co.id', 'BBRM', 'ID0010357', 'deadd6f22c7b1108c356e252512619a6', '3', 0, 0, '2020-03-19 11:34:01', '2019-07-10', NULL, '', 0, NULL),
(18, '159114754', '91018601', 'DIMAS DWI SANDY', 'ddwi14754@bsm.co.id', 'BBRM', 'ID0010016', 'ccc43da72c86d8610a765e3f9d991545', '3', 0, 0, '2020-07-03 15:27:52', '2019-07-10', NULL, '', 0, NULL),
(20, '108475212', '91002539', 'RAFLI WINALDY', 'rwinaldy@bsm.co.id', 'BBRM', 'ID0010034', 'a7929a7f8a73ad301b4baa519a70f0de', '3', 0, 0, '2020-11-12 10:18:17', '2019-07-10', NULL, '', 0, NULL),
(23, '098573774', '91004904', 'CAHYADI PRATOMO', 'cpratomo@bsm.co.id', 'BBRM', 'ID0010007', 'acda1e5dd55adac34f42a613380116bc', '3', 0, 0, '2020-06-22 17:03:28', '2019-07-10', NULL, '', 0, NULL),
(25, '108676486', '91006586', 'HILMAN SAIFUL RAHMAN', 'hsrahman@bsm.co.id', 'BBRM', 'ID0010357', '76da3b04242767ab17bffe8c8c302286', '3', 0, 0, '2020-07-28 16:31:43', '2019-07-10', '2020-06-23 10:53:53', '1910061236', 0, NULL),
(26, '098474233', '91002693', 'RIYANTO ARIA PANTORO', 'rapantoro@bsm.co.id', 'BBRM', 'ID0010007', '9a60c0646a93d9d53b03e56de7338c94', '3', 0, 0, '2020-06-22 16:56:39', '2019-07-10', NULL, '', 0, NULL),
(27, '159214417', '91018549', 'RIZKY ASTIANTI SUGITA', 'rastianti@bsm.co.id', 'BBRM', 'ID0010007', '2e797eaa71f0789515144903d2ae049a', '3', 0, 0, '2020-07-03 11:00:55', '2019-07-10', NULL, '', 0, NULL),
(29, '098684400', '91002654', 'ANIS HAMLATIL FARAH', 'ahfarah@bsm.co.id', 'BBRM', 'ID0010017', 'ad091987ae70bf0a3c0e14ba8e24528f', '3', 0, 0, '2020-03-10 15:59:09', '2019-07-10', NULL, '', 0, NULL),
(30, '108775697', '91008757', 'RANGGA YUDHATAMA', 'ryudhatama@bsm.co.id', 'BBRM', 'ID0010017', '53716b5db562fe4656dc526a069b06b3', '3', 0, 0, '2020-06-19 16:45:51', '2019-07-10', NULL, '', 0, NULL),
(31, '128610946', '91011777', 'RUSTAMAJI', 'rustamaji@bsm.co.id', 'BBRM', 'ID0010017', '2335739cdcaba0fbba8d92f295311b42', '3', 0, 0, '2020-03-26 11:39:43', '2019-07-10', NULL, '', 0, NULL),
(33, '118610459', '91012314', 'CARDIWAN EKA NUGRAHA', 'cenugraha@bsm.co.id', 'BBRM', 'ID0010024', '7c0262bd8f09d0a98152a8bf4e34273f', '3', 0, 0, '2020-07-09 16:35:51', '2019-07-10', NULL, '', 0, NULL),
(34, '128911653', NULL, 'ERWIN ZAINUDIN', '', 'BBRM', 'ID0010024', 'c8fe3827f5b0285c4d7b2dec04c80095', '3', 1, 0, NULL, '2019-07-10', NULL, '', 0, NULL),
(35, '078073061', '91006701', 'IMAM MARUBI', 'imarubi@bsm.co.id', 'BBRM', 'ID0010024', '41f454ce677ef4eca7a59947cc8fb1dd', '3', 0, 0, '2020-07-28 16:47:57', '2019-07-10', NULL, '', 0, NULL),
(36, '118677417', '91008369', 'NURI PRATIWI', 'npratiwi@bsm.co.id', 'BBRM', 'ID0010024', 'ff4465a905a0bf49a8afce292cc4a815', '3', 0, 0, '2020-07-03 11:20:35', '2019-07-10', NULL, '', 0, NULL),
(37, '169115353', '91019067', 'GAGAS ARIASAKTI WINATA', 'gariasakti@bsm.co.id', 'BBRM', 'ID0010053', '65c7fae0f77eea131fcb5abdcddc04d0', '3', 0, 0, '2020-07-17 10:51:29', '2019-07-10', NULL, '', 0, NULL),
(39, '118789507', NULL, 'MUHAMMAD TAUFAN PUTRA', '', 'BBRM', 'ID0010045', '077497b86d9cbc0f8b207bf3497fbdd9', '3', 1, 0, '2020-02-19 13:45:19', '2019-07-10', NULL, '', 0, NULL),
(40, '108574573', '91014816', 'TAUFIK AGUNG MAHARDIKA', 'tamahardhika@bsm.co.id', 'BBRM', 'ID0010045', 'e7e0da5a0c3f5cc5fe41dd0cb3b90a39', '3', 0, 0, '2020-06-19 14:41:21', '2019-07-10', NULL, '', 0, NULL),
(41, '077472979', '91009951', 'TEGUH IMAM SANTOSO', 'tisantoso@bsm.co.id', 'BBRM', 'ID0010045', '100f992442e96608799f2dc94558932d', '3', 0, 0, '2020-03-30 13:40:24', '2019-07-10', NULL, '', 0, NULL),
(43, '149013860', NULL, 'ACHMAD KURNIAWAN', '', 'BBRM', 'ID0010058', 'a6d76dad4906c6a659f02ee777d02297', '3', 1, 0, NULL, '2019-07-10', NULL, '', 0, NULL),
(44, '108474540', '91001632', 'ADITYA SUKMANA', 'asukmana@bsm.co.id', 'BBRM', 'ID0010058', 'dc96eda1fee6f839be4b93e2d15b4485', '3', 0, 0, '2020-03-09 17:17:01', '2019-07-10', NULL, '', 0, NULL),
(45, '047472168', '91002421', 'MUHAMAD HERRY', 'mherry@bsm.co.id', 'BBRM', 'ID0010058', '896756f388a949a22e35c224d980a23f', '3', 0, 0, '2020-03-09 14:18:51', '2019-07-10', NULL, '', 0, NULL),
(47, '108674895', '91013402', 'AHMAD DJUNAEDI', 'adjunaedi@bsm.co.id', 'BBRM', 'ID0010004', '411ea5ff655fe995c293cf20d67a9172', '3', 0, 0, '2020-03-09 14:14:57', '2019-07-10', NULL, '', 0, NULL),
(48, '108774965', '91002206', 'DIAN PERMANA', 'dpermana@bsm.co.id', 'BBRM', 'ID0010004', 'c2c13ed568fcfb9889c9127bca812e22', '3', 0, 0, '2020-07-17 10:47:41', '2019-07-10', NULL, '', 0, NULL),
(49, '147813629', NULL, 'DYAH PUSPITA RUM', '', 'BBRM', 'ID0010004', '387ccaafc79479cdc50d13f06766d268', '3', 1, 0, NULL, '2019-07-10', NULL, '', 0, NULL),
(50, '149013877', '91018090', 'RIDWAN ARIEF TRIANSYAH', 'rarief13877@bsm.co.id', 'BBRM', 'ID0010004', '5250fdffc519ac81a03dc30ef2716706', '3', 0, 0, '2020-03-09 14:12:58', '2019-07-10', NULL, '', 0, NULL),
(52, '159014493', '91018564', 'ADIPTA NUR PRATAMA', 'anur14493@bsm.co.id', 'BBRM', 'ID0010002', '3ef75b70ca277eabf9635fc191282474', '3', 0, 0, '2020-03-10 10:12:11', '2019-07-10', NULL, '', 0, NULL),
(53, '128611652', '91012546', 'IRWAN SUYATNA', 'isuyatna@bsm.co.id', 'BBRM', 'ID0010002', '619b3a94b40f792e4f148813b4faca91', '3', 0, 0, '2020-07-17 10:48:04', '2019-07-10', NULL, '', 0, NULL),
(54, '118477960', '91007358', 'MOCHAMAD HENRY KURNIAWAHYUDI', 'mhkurniawahyudi@bsm.co.id', 'BBRM', 'ID0010002', '01e644020e8fb0a0f1c1eabe8a7d4f88', '3', 0, 0, NULL, '2019-07-10', NULL, '', 0, NULL),
(55, '088173632', '91002372', 'MUHAMMAD ABROR', 'mabror@bsm.co.id', 'BBRM', 'ID0010002', 'dfd12a79f0c811b60e5a8501db913a0a', '3', 0, 1, '2020-09-23 09:43:16', '2019-07-10', NULL, '1910061236', 0, NULL),
(57, '107576254', '91015664', 'ABDUL ROHMAN', 'arohman@bsm.co.id', 'BBRM', 'ID0010005', '9d097612add499932db0d6db7921d1b0', '3', 0, 0, '2020-06-24 15:06:31', '2019-07-10', NULL, '', 0, NULL),
(58, '149013862', '91018272', 'AGUNG AROHMAN', 'aarohman@bsm.co.id', 'BBRM', 'ID0010005', 'f17792456c66e7aad13e099cde0a5a6f', '3', 0, 0, '2020-04-01 15:35:46', '2019-07-10', NULL, '', 0, NULL),
(59, '108575478', '91005918', 'FAIZAL SASTRAJAYA WIHARJA', 'fsastrajaya@bsm.co.id', 'BBRM', 'ID0010005', '2fca5c30e97ecb3fa1bcf95ec215ea95', '3', 0, 0, '2020-06-24 15:16:42', '2019-07-10', NULL, '', 0, NULL),
(60, '107875556', NULL, 'BOY DANI ARIANATA', '', 'BBRM', 'ID0010032', '91e268f203f84c1266d22d739598e323', '3', 1, 0, NULL, '2019-07-10', NULL, '', 0, NULL),
(62, '138612831', '91012430', 'SUGITO', 'sugito@bsm.co.id', 'BBRM', 'ID0010054', '7821e7b46dd6fb1ec571f459eefb62b6', '3', 0, 0, '2020-03-09 14:16:58', '2019-07-10', NULL, '', 0, NULL),
(63, '149114274', '91018326', 'RIZKY PRATAMA PUTRA', 'rpratama14274@bsm.co.id', 'BBRM', 'ID0010051', '293ec1c3bf412cea32571bc668b405e3', '3', 0, 0, '2020-07-16 14:30:11', '2019-07-10', NULL, '', 0, NULL),
(64, '138713313', '91016706', 'EKA PRASTYANTO', 'eprastyanto@bsm.co.id', 'BBRM', 'ID0010015', '17945654a88597dacfbf9a7375860fbf', '3', 0, 0, NULL, '2019-07-10', NULL, '', 0, NULL),
(65, '168915349', NULL, 'INDRA ARYADI ABDULLAH', '', 'BBRM', 'ID0010015', '1e2fca1de9d4f9474ccb56dfed4d3131', '3', 1, 0, NULL, '2019-07-10', NULL, '', 0, NULL),
(67, '169415295', '91019062', 'FIEKA KURNIA AVISTASARI', 'fkurnia15295@bsm.co.id', 'BBRM', 'ID0010028', '3041b373613da60bd661f8f2cdb1f3f0', '3', 0, 0, NULL, '2019-07-10', NULL, '', 0, NULL),
(69, '159114751', NULL, 'AHMAD ROZI TANJUNG', '', 'BBRM', 'ID0010008', '647c27b4295f9919485520d118d99cc0', '3', 1, 0, '2020-03-12 11:03:17', '2019-07-10', NULL, '', 0, NULL),
(70, '108774528', '91009891', 'T RUDI ARIANSYAH', 'trariansyah@bsm.co.id', 'BBRM', 'ID0010353', '89d52c433eeb27acb25a46202cf4aa23', '3', 0, 0, '2020-07-03 11:05:42', '2019-07-10', NULL, '', 0, NULL),
(72, '118577862', '91005146', 'DENI SUWANDHANI', 'dsuwandhani@bsm.co.id', 'BBRM', 'ID0010027', '1a52063be7151d086f5a7ea2acac8fc9', '3', 0, 0, NULL, '2019-07-10', NULL, '', 0, NULL),
(73, '108475410', '91011809', 'DONNY KURNIAWAN', 'dkurniawan84@bsm.co.id', 'BBRM', 'ID0010027', '72f412c9ce5de3eb12e067a77be2bd9c', '3', 0, 0, '2020-03-09 14:15:26', '2019-07-10', NULL, '', 0, NULL),
(75, '169115351', '91019113', 'AIDIL PUTRASYAH', 'aputrasyah@bsm.co.id', 'BBRM', 'ID0010019', 'e2dda59b6ecbf5871f0228a9c9ce8950', '3', 0, 0, NULL, '2019-07-10', NULL, '', 0, NULL),
(76, '159114872', NULL, 'DJAKA PERKASA WIBOWO', '', 'BBRM', 'ID0010019', '6f7fb51486d59a43d53c3effc93349e8', '3', 1, 0, '2020-03-09 14:15:43', '2019-07-10', NULL, '', 0, NULL),
(77, '169315292', NULL, 'TIARA AMANDA YAZA PUTRI', '', 'BBRM', 'ID0010019', '89137ee99c75217ab68e2868cf2e28c8', '3', 1, 0, NULL, '2019-07-10', NULL, '', 0, NULL),
(78, '118479796', NULL, 'M. AIDER AKMAL THAHIR', '', 'BBRM', 'ID0010038', 'db10a17ca1c28a5b79e23cf22b7b69f2', '3', 1, 0, NULL, '2019-07-10', NULL, '', 0, NULL),
(80, '058272589', '91001969', 'GESI UNTARI', 'guntari@bsm.co.id', 'BBRM', 'ID0010022', '3fb84ffaecc6b8952b2357bb68dbe991', '3', 0, 0, '2020-11-12 13:45:21', '2019-07-10', NULL, '', 0, NULL),
(81, '159214511', '91018545', 'TRI AKBAR VELLAYATI', 'takbar14511@bsm.co.id', 'BBRM', 'ID0010022', '35e1c015b9c7238e19d7e5b1f5c3c158', '3', 0, 0, NULL, '2019-07-10', '2020-03-10 08:35:02', '1910061236', 0, NULL),
(82, '148914129', '91018204', 'REKI KURNIA', 'rkurnia14129@bsm.co.id', 'BBRM', 'ID0010049', '8a4607ef6c7e0a3d69401776567b668a', '3', 0, 0, '2020-03-24 08:42:56', '2019-07-10', NULL, '', 0, NULL),
(83, '138613257', '91014589', 'AGUS PRIYANTO', 'apriyanto13257@bsm.co.id', 'BBRM', 'ID0010026', '3613bb1ad8a85d37d3c2324be1204b43', '3', 0, 0, '2020-03-09 17:31:35', '2019-07-10', NULL, '', 0, NULL),
(85, '027680981', '91010246', 'WAWAN HARYANTO', 'wharyanto@bsm.co.id', 'BBRM', 'ID0010026', 'c62de30270ddd740a0e30b3907648304', '3', 0, 0, '2020-03-09 14:07:59', '2019-07-10', NULL, '', 0, NULL),
(87, '108677079', '91005019', 'DAMARNINGTYAS', 'damarningtyas@bsm.co.id', 'BBRM', 'ID0010040', 'f3a1e448ccdc106dfc8259d6e3003703', '3', 0, 0, '2020-07-09 10:13:45', '2019-07-10', NULL, '', 0, NULL),
(88, '118078048', '91009523', 'SIGIT YUGO NUGROHO', 'synugroho@bsm.co.id', 'BBRM', 'ID0010040', '4c42e1974601d6f6f7cc4ef10bbf1561', '3', 0, 0, '2020-07-09 09:47:42', '2019-07-10', NULL, '', 0, NULL),
(89, '108277313', '91009933', 'TAUFIQ FAULANA', 'tfaulana@bsm.co.id', 'BBRM', 'ID0010040', 'f337e53a5537fc77d1624c9ceb516bf1', '3', 0, 0, '2020-07-09 10:37:04', '2019-07-10', NULL, '', 0, NULL),
(90, '138812778', '91015029', 'VIERZA ARIFIANA ALI', 'vaali@bsm.co.id', 'BBRM', 'ID0010040', '40e316215f30dc43e87173e7567f9a10', '3', 0, 0, '2020-07-09 17:27:49', '2019-07-10', NULL, '', 0, NULL),
(92, '107875515', '91002551', 'FUAD DARMAWAN', 'fdharmawan@bsm.co.id', 'BBRM', 'ID0010013', 'bd6b9848c94a63231d2a5d888d04baa3', '3', 0, 0, NULL, '2019-07-10', NULL, '', 0, NULL),
(93, '108575512', NULL, 'LEXI KARTIKA', '', 'BBRM', 'ID0010013', 'ac54d0efb3a034dc836f2ec8c60e2fc2', '3', 1, 0, NULL, '2019-07-10', NULL, '', 0, NULL),
(94, '118587247', '91007844', 'MUH IQBAL TOBRANI', 'mitobrani@bsm.co.id', 'BBRM', 'ID0010013', '277baf95d692991db8e385bbbefc302a', '3', 0, 0, '2020-03-16 14:11:04', '2019-07-10', NULL, '', 0, NULL),
(95, '159114891', '91018710', 'PRAMITA AGUSTIN', 'pagustin@bsm.co.id', 'BBRM', 'ID0010013', '7214ffec8bc8f0ebd014ab86adf4d8fb', '3', 0, 0, '2020-07-17 10:50:51', '2019-07-10', NULL, '', 0, NULL),
(97, '128410520', NULL, 'ANDI PRASETIA', 'aprasetya0520@bsm.co.id', 'Jr. BBRM', 'ID0010010', '38f39b02eb8fb518f916d9b9c915f774', '3', 1, 0, '2020-06-19 15:07:21', '2019-07-10', NULL, '', 0, NULL),
(98, '169215272', '91019090', 'NURUL AINI HIJRIYAH', 'naini15272@bsm.co.id', 'BBRM', 'ID0010010', 'fab254a0f940c2bbf8e3b46374a73cfd', '3', 0, 0, '2020-07-02 09:16:55', '2019-07-10', NULL, '', 0, NULL),
(99, '159214762', '91018620', 'UMAR MARDONI', 'umardoni@bsm.co.id', 'BBRM', 'ID0010010', '3cfb2c87c650f043e801601d43fce241', '3', 0, 0, '2020-07-17 10:51:53', '2019-07-10', NULL, '', 0, NULL),
(101, '088273517', '91001760', 'HAMED BOGEY RIWA', 'hbriwa@bsm.co.id', 'BBRM', 'ID0010106', 'e52647663d4764b6a23df71731f07312', '3', 0, 0, '2020-02-04 10:14:21', '2019-07-10', NULL, '', 0, NULL),
(102, '038171391', '91001982', 'ISNAINI NUR ABIDAH', 'inur@bsm.co.id', 'BBRM', 'ID0010106', '0d226501b2debe3c2660c48185654975', '3', 0, 0, '2020-07-07 09:39:01', '2019-07-10', NULL, '', 0, NULL),
(104, '097873737', '91003923', 'AGUS SUHARJAYA', 'asuharjaya@bsm.co.id', 'BBRM', 'ID0010018', 'b44f3c834e3e2306da267f9308d34126', '3', 0, 0, '2020-03-17 09:31:14', '2019-07-10', NULL, '', 0, NULL),
(105, '108575788', '91007852', 'MUHAMAD DANI', 'mdani@bsm.co.id', 'BBRM', 'ID0010018', 'c74743ed1b819d1bac241674e5f88b2e', '3', 0, 0, NULL, '2019-07-10', NULL, '', 0, NULL),
(106, '117977647', NULL, 'MULYA WARMAN', '', 'BBRM', 'ID0010018', '7870b85bc637c9eec86076a415c83151', '3', 1, 0, NULL, '2019-07-10', NULL, '', 0, NULL),
(107, '149013884', '91018095', 'WORO RAHMAT HIDAYAT', 'wrahmat@bsm.co.id', 'BBRM', 'ID0010018', '622a5493f66a8fcb8b98aaf7c18d6e37', '3', 0, 0, NULL, '2019-07-10', NULL, '', 0, NULL),
(109, '118878046', '91005469', 'DODY PRASTYO', 'dprastyo@bsm.co.id', 'BBRM', 'ID0010029', 'b6b546abab8dcbd1fff0775851972ce9', '3', 0, 0, '2020-06-25 16:36:36', '2019-07-10', NULL, '', 0, NULL),
(110, '169315311', NULL, 'FUTSIA ANGGUN AIDILLAH ALWI', '', 'BBRM', 'ID0010029', 'd49e2f461ee1f91adbd42e40200986f8', '3', 1, 0, '2020-03-09 14:19:59', '2019-07-10', NULL, '', 0, NULL),
(111, '098474067', NULL, 'MUHAMAD SYAFIUDIN', '', 'BBRM', 'ID0010029', '369dc98c355d5c2b9eb5c3d2e2768da5', '3', 1, 0, '2020-03-09 14:19:04', '2019-07-10', NULL, '', 0, NULL),
(112, '088473573', NULL, 'MUHAMMAD ARDISTANI HASANI', '', 'BBRM', 'ID0010029', '7609f638f56fcaae8ae6f8091c280b75', '3', 1, 0, NULL, '2019-07-10', NULL, '', 0, NULL),
(113, '149013664', '93007015', 'RATNA PRADIPTA', 'rpradipta@bsm.co.id', 'BBRM', 'ID0010029', '87acecfb46804817fb67fbff2dc52432', '3', 0, 0, '2020-07-06 08:43:19', '2019-07-10', NULL, '', 0, NULL),
(114, '159114878', NULL, 'RIKI CAHYO EDY', '', 'BBRM', 'ID0010180', 'e08f8b481a454f0c699a183af34e0165', '3', 1, 0, NULL, '2019-07-10', NULL, '', 0, NULL),
(115, '098674164', NULL, 'HARSENO', '', 'Jr. BBRM', 'ID0010081', 'f5d53f7c951a35470c0a255be507a948', '3', 1, 0, '2020-03-26 10:33:36', '2019-07-10', NULL, '', 0, NULL),
(116, '108575134', '91011955', 'ROZALI ASTA FANCE', 'rafance@bsm.co.id', 'BBRM', 'ID0010027', '81633f21842f1a9ff19c8a22bb61b7fa', '3', 0, 0, '2020-07-28 21:38:50', '2019-07-10', NULL, '', 0, NULL),
(117, '128812101', NULL, 'NAILATUN MUBAROKAH', '', 'Jr. BBRM', 'ID0010091', 'dc56cb78fb2425937bd03f1d0e5f3b8d', '3', 1, 0, NULL, '2019-07-10', NULL, '', 0, NULL),
(118, '088473586', '91003485', 'AHMAD REZHA MAKKARENU', 'armakkarenu@bsm.co.id', 'BBRM', 'ID0010017', 'f99276e131dbd18a69ed16a912e934b0', '3', 0, 0, '2020-07-24 17:22:31', '2019-07-10', NULL, '', 0, NULL),
(119, '169415276', '91019031', 'MARYAM PUTRI ERADEWI', 'mputri15276@bsm.co.id', 'BBRM', 'ID0010106', '7fb71be107c72cab00702c94e915d4a6', '3', 0, 0, '2020-06-30 10:13:03', '2019-07-10', NULL, '', 0, NULL),
(120, '098374206', '91007527', 'MARIO BOGIE OKTAVIANTO', 'mbogie@bsm.co.id', 'BBRM', 'ID0010028', 'd38656fde64e5029749158a1592f2585', '3', 0, 0, '2020-07-02 15:55:39', '2019-07-10', '2020-06-23 10:50:44', '1910061236', 0, NULL),
(121, '078473176', NULL, 'PRADANA YUDHA KRISTIAWAN', '', 'BBRM', 'ID0010048', '2278ee7a7e4e2db228f1bea27ee5931f', '3', 1, 0, NULL, '2019-07-10', NULL, '', 0, NULL),
(123, '108676641', NULL, 'ELVA HESTIYANI', '', 'Jr. BBRM', 'ID0010378', '69927efc2368c5c2ff2926127d389e26', '3', 1, 0, NULL, '2019-07-10', NULL, '', 0, NULL),
(124, '118078272', '91003529', 'ABRIANUS TOHAMBA', 'atohamba@bsm.co.id', 'BBRM', 'ID0010015', '0b344cef6badd9f1d7c8af9b7a812c28', '3', 0, 0, NULL, '2019-07-10', NULL, '', 0, NULL),
(125, '159214884', '91018682', 'BIN BIOSA ARY HANDY', 'bbiosa@bsm.co.id', 'BBRM', 'ID0010026', 'a7e9da81902940b584b1b6b0f6422ed6', '3', 0, 0, NULL, '2019-07-10', '2020-06-23 10:56:27', '1910061236', 0, NULL),
(126, '159214760', '91018606', 'MUHAMMAD KHAIRMAN', 'mkhairman@bsm.co.id', 'BBRM', 'ID0010016', '286bae473bc619f69447e64b4dd3dc84', '3', 0, 0, '2020-07-03 15:45:52', '2019-07-10', '2020-02-11 14:07:10', '1910061236', 0, NULL),
(127, '098174496', NULL, 'RIZALDI', 'rizaldi@bsm.co.id', 'Jr. BBRM', 'ID0010011', '06c2120916539341d62472ce32c0e394', '3', 1, 0, NULL, '2019-07-10', '2020-03-10 08:41:07', '1910061236', 0, NULL),
(128, '159014773', NULL, 'HERY MAULANA', '', 'BBRM', 'ID0010203', 'c5371380f6bcef4ecacc63d3fd2af3e7', '3', 1, 0, NULL, '2019-07-10', NULL, '', 0, NULL),
(129, '108076387', NULL, 'MAHRUP SUPRIADI', '', 'BBRM', 'ID0010052', '6845c53949ad169f1e959d2823eff4c7', '3', 1, 0, NULL, '2019-07-10', NULL, '', 0, NULL),
(130, '118378853', NULL, 'YALA AWLYA PERKASA ZEN', '', 'BBRM', 'ID0010089', '457269788ad992b376cc6180e089f1f3', '3', 1, 0, NULL, '2019-07-10', NULL, '', 0, NULL),
(131, '158414892', NULL, 'WAHYU PAMUNGKAS', '', 'BBRM', 'ID0010181', '881ba58b2ff614af1060bfa43278a5b2', '3', 1, 0, NULL, '2019-07-10', NULL, '', 0, NULL),
(132, '098274033', NULL, 'PANGASIAN BATUBARA', '', 'BBRM', 'ID0010043', '29727d0657a9c6db141b5d0059193660', '3', 1, 0, NULL, '2019-07-10', NULL, '', 0, NULL),
(133, '108575917', '91002667', 'HENDRIANSYAH HARAHAP', 'hendriyansyah@bsm.co.id', 'BBRM', 'ID0010019', 'ac2721b53b06133962811a55f9f51b14', '3', 0, 0, '2020-03-04 10:43:12', '2019-07-10', '2020-06-23 10:52:01', '1910061236', 0, NULL),
(134, '108775137', NULL, 'TASNIM FIRDAUS', 'tfirdaus@bsm.co.id', 'BBRM', 'ID0010186', '9b42512dfa7e8665b1dcfc4ebf20adfe', '3', 1, 0, '2020-03-09 14:09:21', '2019-07-10', NULL, '', 0, NULL),
(135, '108575402', '91006565', 'HEYU ISKA RATUPUTRA', 'hsratuputra@bsm.co.id', 'BBRM', 'ID0010022', '35376b28f059968eea0ae01392cb9709', '3', 0, 0, '2020-07-21 10:22:49', '2019-07-10', NULL, '', 0, NULL),
(136, '118511015', NULL, 'RAHMAD PERDANA', 'rperdana@bsm.co.id', 'Jr. BBRM', 'ID0010147', 'f66d72ed9fb02b33213b0e4de9717004', '3', 1, 0, NULL, '2019-07-10', NULL, '', 0, NULL),
(137, '159014521', '91018577', 'FERRY ARIF MUSTOFA', 'farif@bsm.co.id', 'BBRM', 'ID0010023', '6078115ea6fc1fc880b0e73d9d4b569e', '3', 0, 0, NULL, '2019-07-10', '2020-06-23 10:55:52', '1910061236', 0, NULL),
(139, '118789572', '91011899', 'PRAMBODHO DWI UTOMO', 'pdutomo@bsm.co.id', 'BBRM', 'ID0010010', 'ebf340b9492ff1c9e2a9da6db11cf91c', '3', 0, 0, '2020-07-02 09:15:40', '2019-07-10', NULL, '', 0, NULL),
(140, '169015352', '91019013', 'ACHMAD SADDAM PATURUSI', 'asaddam@bsm.co.id', 'BBRM', 'ID0010015', '242a6ffa9be3735f8d2e1a593ba188d5', '3', 0, 0, '2020-07-06 08:40:33', '2019-07-10', '2020-02-11 11:50:07', '1910061236', 0, NULL),
(141, '149013874', '91017769', 'RANGGA REISDIAN', 'rreisdian@bsm.co.id', 'BBRM', 'ID0010038', '7406152d3fbd151ebe1cc77036262ed6', '3', 0, 0, NULL, '2019-07-10', NULL, '', 0, NULL),
(142, '118387259', NULL, 'WIWIT KUMALA DEWI', '', 'BBRM', 'ID0010538', 'f6c0b68a360add3af661cff6fd47673b', '3', 1, 0, NULL, '2019-07-10', NULL, '', 0, NULL),
(143, '108576547', NULL, 'BAYU PUTRA PRAYOGA', '', 'Jr. BBRM', 'ID0010245', 'fbc8399587620c653de368e2af493ea2', '3', 1, 0, '2020-03-09 14:19:12', '2019-07-10', NULL, '', 0, NULL),
(144, '118778586', '91005094', 'DEDI ASYIKIN', 'dasyikin@bsm.co.id', 'BBRM', 'ID0010026', '5479bf7f5bd721989773403e8ea2225d', '3', 0, 0, '2020-03-19 09:57:27', '2019-07-10', '2020-06-23 10:54:43', '1910061236', 0, NULL),
(145, '129011581', NULL, 'MUHAMMAD HAMZAH', 'mhamzah@bsm.co.id', 'Jr. BBRM', 'ID0010220', '96294c7481cee1a7c8c1c27b73d18370', '3', 1, 0, NULL, '2019-07-10', NULL, '', 0, NULL),
(146, '118587369', '91004498', 'ARIF AHMET', 'aahmet@bsm.co.id', 'BBRM', 'ID0010008', 'b2e50b1a845beb1a4b3c7d96d209bfaa', '3', 0, 0, '2020-06-24 12:43:17', '2019-07-10', '2020-02-04 15:59:24', '1910061236', 0, NULL),
(147, '108674858', NULL, 'ESTIADY YANUAR', '', 'BBRM', 'ID0010182', '386a1b4c59d5a1d888ab02e00df662b3', '3', 1, 0, NULL, '2019-07-10', NULL, '', 0, NULL),
(148, '118678507', NULL, 'AGUS JUMHANA', '', 'Jr. BBRM', 'ID0010525', '5558dad7c709bf2a48d7d17343a819a8', '3', 1, 0, NULL, '2019-07-10', NULL, '', 0, NULL),
(149, '078373262', '91005518', 'DWI KRISDIYANTO', 'dkrisdiyanto@bsm.co.id', 'BBRM', 'ID0010106', 'e68db169fb8e0ba282c02474f01a5c94', '3', 0, 0, '2020-07-09 14:24:25', '2019-07-10', NULL, '', 0, NULL),
(150, '158714658', NULL, 'RINO FAJRI', '', 'Jr. BBRM', 'ID0010291', '1a356d98ce12874d8ab2c0cc8c3aeb02', '3', 1, 0, NULL, '2019-07-10', NULL, '', 0, NULL),
(151, '118977908', NULL, 'MUZAYYAN NUGROHO', 'mnugroho@bsm.co.id', 'Jr. BBRM', 'ID0010454', '019bd78b1b4b647936bdf2bdd27b492f', '3', 1, 0, '2020-03-19 12:46:27', '2019-07-10', NULL, '', 0, NULL),
(152, '118579587', NULL, 'RIA BETA ROSELINA PURWANTO', '', 'Jr. BBRM', 'ID0010105', '1a1fbb17371b84076ff220f88e0ef972', '3', 1, 0, NULL, '2019-07-10', NULL, '', 0, NULL),
(153, '128711647', '91014655', 'FAZLI SOFYANDORI', 'fsofyandori@bsm.co.id', 'BBRM', 'ID0010028', 'e6b52a45962825cb02fd7b14b5c321a5', '3', 0, 0, NULL, '2019-07-10', '2020-03-06 11:04:44', '1910061236', 0, NULL),
(189, '1910061236', NULL, 'IMAM MAULANA IBRAHIM', 'imibrahim@bsm.co.id', 'Admin', 'ID0010002', '1448f449caabae5c01d9aba7b3ae3583', '1', 0, 0, '2020-12-02 11:39:26', '2020-01-17', NULL, '', 0, NULL),
(200, '078383358', '91020139', 'NURHAYATI', 'nurhayati358@bsm.co.id', 'BBRM', 'ID0010357', '5081def659aef1de752f7b08f39ee112', '3', 0, 0, '2020-03-09 14:20:05', '2020-01-28', NULL, '', 0, NULL),
(201, '149213863', '91017748', 'ALALA MULIBA', 'amuliba@bsm.co.id', 'BBRM', 'ID0010009', 'ede651b69165ae788099c551e88f701d', '3', 0, 0, '2020-07-03 11:32:10', '2020-01-28', NULL, '', 0, NULL),
(202, '169015355', '91019041', 'SEPTRA ARMIDEON', 'sarmideon@bsm.co.id', 'BBRM', 'ID0010032', '1113df5b1892cfc18212881fc4eb51ef', '3', 0, 0, NULL, '2020-01-28', NULL, '', 0, NULL),
(203, '118578115', NULL, 'RADEN BAGUS ABDURAHMAN CATUR PUTERA', 'rbabdurahman@bsm.co.id', 'Jr. BBRM', 'ID0010058', '5998494b1d61cb3b3a66119617a3a5be', '3', 1, 0, NULL, '2020-01-28', NULL, '', 0, NULL),
(206, '118579233', '17001226', 'ARMAN SAPUTRA SINAGA', 'assinaga@bsm.co.id', 'BBRM', 'ID0010008', '4bad4f2e0ca48be1cd145fc20c6a3cf2', '3', 0, 0, NULL, '2020-02-04', NULL, '', 0, NULL),
(213, '108475317', '91019082', 'PUTRA BAGUS WAHYU WIDODO', 'pbwidodo@bsm.co.id', 'BBRM', 'ID0010034', '71b810fe3ef139d760d767fa372da4d3', '3', 0, 0, '2020-06-24 12:35:59', '2020-06-18', NULL, '', 0, NULL),
(214, '148213699', 'BSM01885', 'SAPTA YULIANDRI', 'syuliandri@bsm.co.id', 'BBRM', 'ID0010019', '22cbdb3182065653db90ec7eb3261e64', '3', 0, 0, NULL, '2020-06-18', '2020-06-23 10:55:19', '1910061236', 0, NULL),
(215, '169315308', '91019029', 'ENDAH SUSILOWATI', 'esusilowati15308@bsm.co.id', 'BBRM', 'ID0010009', '1ada7fdfafa46a2510f098098dbe9d8f', '3', 0, 0, NULL, '2020-06-18', NULL, '', 0, NULL);

--
-- Indexes for dumped tables
--

--
-- Indexes for table `tbl_anggota_channeling`
--
ALTER TABLE `tbl_anggota_channeling`
  ADD PRIMARY KEY (`id`);

--
-- Indexes for table `tbl_area`
--
ALTER TABLE `tbl_area`
  ADD PRIMARY KEY (`kd_area`);

--
-- Indexes for table `tbl_cabang`
--
ALTER TABLE `tbl_cabang`
  ADD PRIMARY KEY (`kd_cabang`);

--
-- Indexes for table `tbl_koperasi`
--
ALTER TABLE `tbl_koperasi`
  ADD PRIMARY KEY (`id`);

--
-- Indexes for table `tbl_region`
--
ALTER TABLE `tbl_region`
  ADD PRIMARY KEY (`id_region`);

--
-- Indexes for table `tbl_rekon_channeling`
--
ALTER TABLE `tbl_rekon_channeling`
  ADD PRIMARY KEY (`no`);

--
-- Indexes for table `tbl_role_user`
--
ALTER TABLE `tbl_role_user`
  ADD PRIMARY KEY (`id`);

--
-- Indexes for table `tbl_user`
--
ALTER TABLE `tbl_user`
  ADD PRIMARY KEY (`id_user`);

--
-- AUTO_INCREMENT for dumped tables
--

--
-- AUTO_INCREMENT for table `tbl_anggota_channeling`
--
ALTER TABLE `tbl_anggota_channeling`
  MODIFY `id` int(11) NOT NULL AUTO_INCREMENT, AUTO_INCREMENT=851;

--
-- AUTO_INCREMENT for table `tbl_koperasi`
--
ALTER TABLE `tbl_koperasi`
  MODIFY `id` int(11) NOT NULL AUTO_INCREMENT, AUTO_INCREMENT=7;

--
-- AUTO_INCREMENT for table `tbl_region`
--
ALTER TABLE `tbl_region`
  MODIFY `id_region` int(11) NOT NULL AUTO_INCREMENT, AUTO_INCREMENT=9;

--
-- AUTO_INCREMENT for table `tbl_rekon_channeling`
--
ALTER TABLE `tbl_rekon_channeling`
  MODIFY `no` int(11) NOT NULL AUTO_INCREMENT, AUTO_INCREMENT=450;

--
-- AUTO_INCREMENT for table `tbl_role_user`
--
ALTER TABLE `tbl_role_user`
  MODIFY `id` int(11) NOT NULL AUTO_INCREMENT, AUTO_INCREMENT=6;

--
-- AUTO_INCREMENT for table `tbl_user`
--
ALTER TABLE `tbl_user`
  MODIFY `id_user` int(11) NOT NULL AUTO_INCREMENT, AUTO_INCREMENT=216;
COMMIT;

/*!40101 SET CHARACTER_SET_CLIENT=@OLD_CHARACTER_SET_CLIENT */;
/*!40101 SET CHARACTER_SET_RESULTS=@OLD_CHARACTER_SET_RESULTS */;
/*!40101 SET COLLATION_CONNECTION=@OLD_COLLATION_CONNECTION */;
