-- phpMyAdmin SQL Dump
-- version 4.8.5
-- https://www.phpmyadmin.net/
--
-- Host: 127.0.0.1
-- Generation Time: Nov 30, 2020 at 02:23 AM
-- Server version: 10.1.38-MariaDB
-- PHP Version: 7.3.2

SET SQL_MODE = "NO_AUTO_VALUE_ON_ZERO";
SET AUTOCOMMIT = 0;
START TRANSACTION;
SET time_zone = "+00:00";


/*!40101 SET @OLD_CHARACTER_SET_CLIENT=@@CHARACTER_SET_CLIENT */;
/*!40101 SET @OLD_CHARACTER_SET_RESULTS=@@CHARACTER_SET_RESULTS */;
/*!40101 SET @OLD_COLLATION_CONNECTION=@@COLLATION_CONNECTION */;
/*!40101 SET NAMES utf8mb4 */;

--
-- Database: `db_simkopsyah`
--

-- --------------------------------------------------------

--
-- Table structure for table `tbl_anggota_channeling`
--

CREATE TABLE `tbl_anggota_channeling` (
  `id` int(11) NOT NULL,
  `id_koperasi` int(11) NOT NULL,
  `fk_rek_pembayaran` varchar(25) NOT NULL,
  `nocif_anggota` varchar(15) NOT NULL,
  `noloan_anggota` varchar(15) NOT NULL,
  `nm_anggota` varchar(50) NOT NULL,
  `tenor` int(11) NOT NULL,
  `tgl_pencairan` date NOT NULL,
  `tgl_ospokok` date NOT NULL,
  `tgl_tunggakan` date DEFAULT NULL,
  `nom_pencairan` decimal(50,2) NOT NULL,
  `tunggakan` decimal(50,2) NOT NULL,
  `os_pokok` decimal(50,2) NOT NULL,
  `ficmisDate` date NOT NULL,
  `createDate` datetime NOT NULL DEFAULT CURRENT_TIMESTAMP,
  `updateDate` datetime DEFAULT NULL,
  `isDelete` int(11) NOT NULL DEFAULT '0'
) ENGINE=InnoDB DEFAULT CHARSET=latin1;

--
-- Dumping data for table `tbl_anggota_channeling`
--

INSERT INTO `tbl_anggota_channeling` (`id`, `id_koperasi`, `fk_rek_pembayaran`, `nocif_anggota`, `noloan_anggota`, `nm_anggota`, `tenor`, `tgl_pencairan`, `tgl_ospokok`, `tgl_tunggakan`, `nom_pencairan`, `tunggakan`, `os_pokok`, `ficmisDate`, `createDate`, `updateDate`, `isDelete`) VALUES
(303, 2, '7036647487', '77950430', 'LD1333290116', 'FIRMANSYAH', 96, '2020-08-30', '2020-11-12', NULL, '43194671.28', '0.00', '14277568.79', '2020-10-31', '2020-11-25 10:04:15', NULL, 0),
(304, 2, '7036647487', '77950510', 'LD1333281341', 'DIKMIN', 96, '2020-08-30', '2020-11-12', NULL, '43194671.28', '0.00', '14277568.79', '2020-10-31', '2020-11-25 10:04:15', NULL, 0),
(305, 2, '7036647487', '77950566', 'LD1333233191', 'SITUAS', 96, '2020-08-30', '2020-11-12', NULL, '43194671.28', '0.00', '14277568.79', '2020-10-31', '2020-11-25 10:04:15', NULL, 0),
(306, 2, '7036647487', '77950668', 'LD1333254153', 'SIGATIN', 96, '2020-08-30', '2020-11-12', NULL, '43194671.28', '0.00', '14277568.79', '2020-10-31', '2020-11-25 10:04:15', NULL, 0),
(307, 2, '7036647487', '77950796', 'LD1333257403', 'NUR HIKMAH', 96, '2020-08-30', '2020-11-12', NULL, '43194671.28', '0.00', '14277568.79', '2020-10-31', '2020-11-25 10:04:15', NULL, 0),
(308, 2, '7036647487', '77950832', 'LD1333276113', 'KIANG', 96, '2020-08-30', '2020-11-12', NULL, '43194671.28', '0.00', '14277568.79', '2020-10-31', '2020-11-25 10:04:15', NULL, 0),
(309, 2, '7036647487', '77950895', 'LD1333242457', 'KUYU', 96, '2020-08-30', '2020-11-12', NULL, '43194671.28', '0.00', '14277568.79', '2020-10-31', '2020-11-25 10:04:15', NULL, 0),
(310, 2, '7036647487', '77950936', 'LD1333227087', 'SAPAO', 96, '2020-08-30', '2020-11-12', NULL, '43194671.28', '0.00', '14277568.79', '2020-10-31', '2020-11-25 10:04:16', NULL, 0),
(311, 2, '7036647487', '77959492', 'LD1333201208', 'MUHAMMAD SOOD', 96, '2020-08-30', '2020-11-12', NULL, '43194671.28', '0.00', '14277568.79', '2020-10-31', '2020-11-25 10:04:16', NULL, 0),
(312, 2, '7036647487', '77959551', 'LD1333213684', 'NURHASANAH', 96, '2020-08-30', '2020-11-12', NULL, '43194671.28', '0.00', '14277568.79', '2020-10-31', '2020-11-25 10:04:16', NULL, 0),
(313, 2, '7036647487', '77959571', 'LD1333206475', 'ROHMAT', 96, '2020-08-30', '2020-11-12', NULL, '43194671.28', '0.00', '14277568.79', '2020-10-31', '2020-11-25 10:04:16', NULL, 0),
(314, 2, '7036647487', '77959624', 'LD1333273389', 'ITIN', 96, '2020-08-30', '2020-11-12', NULL, '43194671.28', '0.00', '14277568.79', '2020-10-31', '2020-11-25 10:04:16', NULL, 0),
(315, 2, '7036647487', '77959666', 'LD1333291553', 'SIWANG', 96, '2020-08-30', '2020-11-12', NULL, '43194671.28', '0.00', '14277568.79', '2020-10-31', '2020-11-25 10:04:16', NULL, 0),
(316, 2, '7036647487', '77959745', 'LD1333231106', 'RUSLI', 96, '2020-08-30', '2020-11-12', NULL, '43194671.28', '0.00', '14277568.79', '2020-10-31', '2020-11-25 10:04:16', NULL, 0),
(317, 2, '7036647487', '77959786', 'LD1333200795', 'NAYAN', 96, '2020-08-30', '2020-11-12', NULL, '43194671.28', '0.00', '14277568.79', '2020-10-31', '2020-11-25 10:04:16', NULL, 0),
(318, 2, '7036647487', '77959812', 'LD1333270888', 'SIINGAU', 96, '2020-08-30', '2020-11-12', NULL, '43194671.28', '0.00', '14277568.79', '2020-10-31', '2020-11-25 10:04:16', NULL, 0),
(319, 2, '7036647487', '77959885', 'LD1333296784', 'SINUHUI', 96, '2020-08-30', '2020-11-12', NULL, '43194671.28', '0.00', '14277568.79', '2020-10-31', '2020-11-25 10:04:17', NULL, 0),
(320, 2, '7036647487', '77961484', 'LD1333243827', 'SUGITO', 96, '2020-08-30', '2020-11-12', NULL, '43194671.28', '0.00', '14277568.79', '2020-10-31', '2020-11-25 10:04:17', NULL, 0),
(321, 2, '7036647487', '77961601', 'LD1333220167', 'TATING', 96, '2020-08-30', '2020-11-12', NULL, '43194671.28', '0.00', '14277568.79', '2020-10-31', '2020-11-25 10:04:17', NULL, 0),
(322, 2, '7036647487', '77961617', 'LD1333256811', 'TURI', 96, '2020-08-30', '2020-11-12', NULL, '43194671.28', '0.00', '14277568.79', '2020-10-31', '2020-11-25 10:04:17', NULL, 0),
(323, 2, '7036647487', '77961623', 'LD1333248529', 'TUTIK', 96, '2020-08-30', '2020-11-12', NULL, '43194671.28', '0.00', '14277568.79', '2020-10-31', '2020-11-25 10:04:17', NULL, 0),
(324, 2, '7036647487', '77961644', 'LD1333268400', 'USUP', 96, '2020-08-30', '2020-11-12', NULL, '43194671.28', '0.00', '14277568.79', '2020-10-31', '2020-11-25 10:04:17', NULL, 0),
(325, 2, '7036647487', '77967139', 'LD1333247358', 'YANI', 96, '2020-08-30', '2020-11-12', NULL, '43194671.28', '0.00', '14277568.79', '2020-10-31', '2020-11-25 10:04:17', NULL, 0),
(326, 2, '7036647487', '77967172', 'LD1333217036', 'IIS', 96, '2020-08-30', '2020-11-12', NULL, '43194671.28', '0.00', '14277568.79', '2020-10-31', '2020-11-25 10:04:17', NULL, 0),
(327, 2, '7036647487', '77967198', 'LD1333280074', 'ILAU', 96, '2020-08-30', '2020-11-12', NULL, '43194671.28', '0.00', '14277568.79', '2020-10-31', '2020-11-25 10:04:17', NULL, 0),
(328, 2, '7036647487', '77967256', 'LD1333297740', 'YUNUS', 96, '2020-08-30', '2020-11-12', NULL, '43194671.28', '0.00', '14277568.79', '2020-10-31', '2020-11-25 10:04:17', NULL, 0),
(329, 2, '7036647487', '77970602', 'LD1333214815', 'AMENG', 96, '2020-08-30', '2020-11-12', NULL, '43194671.28', '0.00', '14277568.79', '2020-10-31', '2020-11-25 10:04:17', NULL, 0),
(330, 2, '7036647487', '77980511', 'LD1333296091', 'RUSMAYA', 96, '2020-08-30', '2020-11-12', NULL, '43194671.28', '0.00', '14277568.79', '2020-10-31', '2020-11-25 10:04:17', NULL, 0),
(331, 2, '7036647487', '77980512', 'LD1333278529', 'ALUH', 96, '2020-08-30', '2020-11-12', NULL, '43194671.28', '0.00', '14277568.79', '2020-10-31', '2020-11-25 10:04:18', NULL, 0),
(332, 2, '7036647487', '77980513', 'LD1333293297', 'RITA', 96, '2020-08-30', '2020-11-12', NULL, '43194671.28', '0.00', '14277568.79', '2020-10-31', '2020-11-25 10:04:18', NULL, 0),
(333, 2, '7036647487', '77980514', 'LD1333284203', 'HASTUTI', 96, '2020-08-30', '2020-11-12', NULL, '43194671.28', '0.00', '14277568.79', '2020-10-31', '2020-11-25 10:04:18', NULL, 0),
(334, 2, '7036647487', '77980515', 'LD1333279472', 'EMAN', 96, '2020-08-30', '2020-11-12', NULL, '43194671.28', '0.00', '14277568.79', '2020-10-31', '2020-11-25 10:04:18', NULL, 0),
(335, 2, '7036647487', '77980516', 'LD1333267144', 'MEGAWATI', 96, '2020-08-30', '2020-11-12', NULL, '43194671.28', '0.00', '14277568.79', '2020-10-31', '2020-11-25 10:04:18', NULL, 0),
(336, 2, '7036647487', '77980517', 'LD1333240720', 'KARTIRAT', 96, '2020-08-30', '2020-11-12', NULL, '43194671.28', '0.00', '14277568.79', '2020-10-31', '2020-11-25 10:04:18', NULL, 0),
(337, 2, '7036647487', '77980518', 'LD1333236042', 'NAOMI ADE EKA', 96, '2020-08-30', '2020-11-12', NULL, '43194671.28', '0.00', '14277568.79', '2020-10-31', '2020-11-25 10:04:18', NULL, 0),
(338, 2, '7036647487', '77980519', 'LD1333299129', 'DESMAN', 96, '2020-08-30', '2020-11-12', NULL, '43194671.28', '0.00', '14277568.79', '2020-10-31', '2020-11-25 10:04:18', NULL, 0),
(339, 2, '7036647487', '77980520', 'LD1333228065', 'M SUWANDI', 96, '2020-08-30', '2020-11-12', NULL, '43194671.28', '0.00', '14277568.79', '2020-10-31', '2020-11-25 10:04:18', NULL, 0),
(340, 2, '7036647487', '77980522', 'LD1333200810', 'NENENG YUNINGSIH', 96, '2020-08-30', '2020-11-12', NULL, '43194671.28', '0.00', '14277568.79', '2020-10-31', '2020-11-25 10:04:18', NULL, 0),
(341, 2, '7036647487', '77980523', 'LD1333201620', 'NURUL', 96, '2020-08-30', '2020-11-12', NULL, '43194671.28', '0.00', '14277568.79', '2020-10-31', '2020-11-25 10:04:18', NULL, 0),
(342, 2, '7036647487', '77980524', 'LD1333221797', 'FLORIDA', 96, '2020-08-30', '2020-11-12', NULL, '43194671.28', '0.00', '14277568.79', '2020-10-31', '2020-11-25 10:04:18', NULL, 0),
(343, 2, '7036647487', '77980525', 'LD1333209986', 'PURIDA', 96, '2020-08-30', '2020-11-12', NULL, '43194671.28', '0.00', '14277568.79', '2020-10-31', '2020-11-25 10:04:18', NULL, 0),
(344, 2, '7036647487', '77980531', 'LD1333257332', 'OPRIE', 96, '2020-08-30', '2020-11-12', NULL, '43194671.28', '0.00', '14277568.79', '2020-10-31', '2020-11-25 10:04:19', NULL, 0),
(345, 2, '7036647487', '77980533', 'LD1333209207', 'ANA', 96, '2020-08-30', '2020-11-12', NULL, '43194671.28', '0.00', '14277568.79', '2020-10-31', '2020-11-25 10:04:19', NULL, 0),
(346, 2, '7036647487', '77980535', 'LD1333298060', 'SINARI', 96, '2020-08-30', '2020-11-12', NULL, '43194671.28', '0.00', '14277568.79', '2020-10-31', '2020-11-25 10:04:19', NULL, 0),
(347, 2, '7036647487', '77980538', 'LD1333219612', 'KARIM', 96, '2020-08-30', '2020-11-12', NULL, '43194671.28', '0.00', '14277568.79', '2020-10-31', '2020-11-25 10:04:19', NULL, 0),
(348, 2, '7036647487', '77980539', 'LD1333201160', 'HERA', 96, '2020-08-30', '2020-11-12', NULL, '43194671.28', '0.00', '14277568.79', '2020-10-31', '2020-11-25 10:04:19', NULL, 0),
(349, 2, '7036647487', '77980541', 'LD1333269160', 'HENI', 96, '2020-08-30', '2020-11-12', NULL, '43194671.28', '0.00', '14277568.79', '2020-10-31', '2020-11-25 10:04:19', NULL, 0),
(350, 2, '7036647487', '77980543', 'LD1333236081', 'MUHAMMAD BUSTANI', 96, '2020-08-30', '2020-11-12', NULL, '43194671.28', '0.00', '14277568.79', '2020-10-31', '2020-11-25 10:04:19', NULL, 0),
(351, 2, '7036647487', '77980549', 'LD1333211003', 'HARSONO', 96, '2020-08-30', '2020-11-12', NULL, '43194671.28', '0.00', '14277568.79', '2020-10-31', '2020-11-25 10:04:19', NULL, 0),
(352, 2, '7036647487', '77980601', 'LD1333280004', 'FATIMAH', 96, '2020-08-30', '2020-11-12', NULL, '43194671.28', '0.00', '14277568.79', '2020-10-31', '2020-11-25 10:04:19', NULL, 0),
(353, 2, '7036647487', '77980637', 'LD1333261808', 'SURIAWATI', 96, '2020-08-30', '2020-11-12', NULL, '43194671.28', '0.00', '14277568.79', '2020-10-31', '2020-11-25 10:04:20', NULL, 0),
(354, 2, '7036647487', '78008643', 'LD1333200207', 'GUNCING', 96, '2020-08-30', '2020-11-12', NULL, '43194671.28', '0.00', '14277568.79', '2020-10-31', '2020-11-25 10:04:20', NULL, 0),
(355, 2, '7036647487', '78008787', 'LD1333215637', 'GUTAU', 96, '2020-08-30', '2020-11-12', NULL, '43194671.28', '0.00', '14277568.79', '2020-10-31', '2020-11-25 10:04:20', NULL, 0),
(356, 2, '7036647487', '78008818', 'LD1333228203', 'KIYAN', 96, '2020-08-30', '2020-11-12', NULL, '43194671.28', '0.00', '14277568.79', '2020-10-31', '2020-11-25 10:04:20', NULL, 0),
(357, 2, '7036647487', '78008870', 'LD1333282033', 'TIUN', 96, '2020-08-30', '2020-11-12', NULL, '43194671.28', '0.00', '14277568.79', '2020-10-31', '2020-11-25 10:04:20', NULL, 0),
(358, 2, '7036647487', '78008892', 'LD1333224300', 'BULEH', 96, '2020-08-30', '2020-11-12', NULL, '43194671.28', '0.00', '14277568.79', '2020-10-31', '2020-11-25 10:04:20', NULL, 0),
(359, 2, '7036647487', '78009543', 'LD1333220029', 'MUHAMMAD MAHMUDIN', 96, '2020-08-30', '2020-11-12', NULL, '43194671.28', '0.00', '14277568.79', '2020-10-31', '2020-11-25 10:04:20', NULL, 0),
(360, 2, '7036647487', '78009560', 'LD1333243820', 'LINA', 96, '2020-08-30', '2020-11-12', NULL, '43194671.28', '0.00', '14277568.79', '2020-10-31', '2020-11-25 10:04:21', NULL, 0),
(361, 2, '7036647487', '78009661', 'LD1333239312', 'MAHIYAU', 96, '2020-08-30', '2020-11-12', NULL, '43194671.28', '0.00', '14277568.79', '2020-10-31', '2020-11-25 10:04:21', NULL, 0),
(362, 2, '7036647487', '78009742', 'LD1333224399', 'MULYANI', 96, '2020-08-30', '2020-11-12', NULL, '43194671.28', '0.00', '14277568.79', '2020-10-31', '2020-11-25 10:04:21', NULL, 0),
(363, 2, '7036647487', '78009773', 'LD1333219894', 'SIAM', 96, '2020-08-30', '2020-11-12', NULL, '43194671.28', '0.00', '14277568.79', '2020-10-31', '2020-11-25 10:04:21', NULL, 0),
(364, 2, '7036647487', '78009793', 'LD1333203879', 'SIGUNTUI', 96, '2020-08-30', '2020-11-12', NULL, '43194671.28', '0.00', '14277568.79', '2020-10-31', '2020-11-25 10:04:21', NULL, 0),
(365, 2, '7036647487', '78009852', 'LD1333207038', 'TAIPUH', 96, '2020-08-30', '2020-11-12', NULL, '43194671.28', '0.00', '14277568.79', '2020-10-31', '2020-11-25 10:04:21', NULL, 0),
(366, 2, '7036647487', '78009925', 'LD1333287691', 'USID', 96, '2020-08-30', '2020-11-12', NULL, '43194671.28', '0.00', '14277568.79', '2020-10-31', '2020-11-25 10:04:21', NULL, 0),
(367, 2, '7036647487', '78009977', 'LD1333222013', 'IYUS', 96, '2020-08-30', '2020-11-12', NULL, '43194671.28', '0.00', '14277568.79', '2020-10-31', '2020-11-25 10:04:21', NULL, 0),
(368, 2, '7036647487', '78010040', 'LD1333241871', 'AMAH', 96, '2020-08-30', '2020-11-12', NULL, '43194671.28', '0.00', '14277568.79', '2020-10-31', '2020-11-25 10:04:21', NULL, 0),
(369, 2, '7036647487', '78010068', 'LD1333284324', 'CABE', 96, '2020-08-30', '2020-11-12', NULL, '43194671.28', '0.00', '14277568.79', '2020-10-31', '2020-11-25 10:04:21', NULL, 0),
(370, 2, '7036647487', '78010095', 'LD1333230428', 'ASONG', 96, '2020-08-30', '2020-11-12', NULL, '43194671.28', '0.00', '14277568.79', '2020-10-31', '2020-11-25 10:04:21', NULL, 0),
(371, 2, '7036647487', '78010142', 'LD1333213599', 'MUTAN', 96, '2020-08-30', '2020-11-12', NULL, '43194671.28', '0.00', '14277568.79', '2020-10-31', '2020-11-25 10:04:21', NULL, 0),
(372, 2, '7036647487', '78010171', 'LD1333200533', 'SIILAS', 96, '2020-08-30', '2020-11-12', NULL, '43194671.28', '0.00', '14277568.79', '2020-10-31', '2020-11-25 10:04:22', NULL, 0),
(373, 2, '7036647487', '78010194', 'LD1333292964', 'KIUNG', 96, '2020-08-30', '2020-11-12', NULL, '43194671.28', '0.00', '14277568.79', '2020-10-31', '2020-11-25 10:04:22', NULL, 0),
(374, 2, '7036647487', '78010234', 'LD1333243013', 'ANTING', 96, '2020-08-30', '2020-11-12', NULL, '43194671.28', '0.00', '14277568.79', '2020-10-31', '2020-11-25 10:04:22', NULL, 0),
(375, 2, '7036647487', '78010246', 'LD1333250303', 'RUSTAM', 96, '2020-08-30', '2020-11-12', NULL, '43194671.28', '0.00', '14277568.79', '2020-10-31', '2020-11-25 10:04:22', NULL, 0),
(376, 2, '7036647487', '78010266', 'LD1333216506', 'YANTO', 96, '2020-08-30', '2020-11-12', NULL, '43194671.28', '0.00', '14277568.79', '2020-10-31', '2020-11-25 10:04:22', NULL, 0),
(377, 2, '7036647487', '78010321', 'LD1333296614', 'RINA', 96, '2020-08-30', '2020-11-12', NULL, '43194671.28', '0.00', '14277568.79', '2020-10-31', '2020-11-25 10:04:22', NULL, 0),
(378, 2, '7036647487', '78010349', 'LD1333274852', 'IKUS', 96, '2020-08-30', '2020-11-12', NULL, '43194671.28', '0.00', '14277568.79', '2020-10-31', '2020-11-25 10:04:22', NULL, 0),
(379, 2, '7036647487', '78010372', 'LD1333240644', 'MUHAMMAD ABDULLAH YUSNI', 96, '2020-08-30', '2020-11-12', NULL, '43194671.28', '0.00', '14277568.79', '2020-10-31', '2020-11-25 10:04:22', NULL, 0),
(380, 2, '7036647487', '78010395', 'LD1333264814', 'BAIN', 96, '2020-08-30', '2020-11-12', NULL, '43194671.28', '0.00', '14277568.79', '2020-10-31', '2020-11-25 10:04:22', NULL, 0),
(381, 2, '7036647487', '78010407', 'LD1333285649', 'IYAT NODIN', 96, '2020-08-30', '2020-11-12', NULL, '43194671.28', '0.00', '14277568.79', '2020-10-31', '2020-11-25 10:04:22', NULL, 0),
(382, 2, '7036647487', '78010429', 'LD1333270754', 'YANI', 96, '2020-08-30', '2020-11-12', NULL, '43194671.28', '0.00', '14277568.79', '2020-10-31', '2020-11-25 10:04:22', NULL, 0),
(383, 2, '7036647487', '78010450', 'LD1333263000', 'BOGOR', 96, '2020-08-30', '2020-11-12', NULL, '43194671.28', '0.00', '14277568.79', '2020-10-31', '2020-11-25 10:04:22', NULL, 0),
(384, 2, '7036647487', '78011254', 'LD1333204200', 'IRUS', 96, '2020-08-30', '2020-11-12', NULL, '43194671.28', '0.00', '14277568.79', '2020-10-31', '2020-11-25 10:04:23', NULL, 0),
(385, 2, '7036647487', '78011417', 'LD1333260560', 'IRA SULASTRI', 96, '2020-08-30', '2020-11-12', NULL, '43194671.28', '0.00', '14277568.79', '2020-10-31', '2020-11-25 10:04:23', NULL, 0),
(386, 2, '7036647487', '78011436', 'LD1333260868', 'YUPIANA', 96, '2020-08-30', '2020-11-12', NULL, '43194671.28', '0.00', '14277568.79', '2020-10-31', '2020-11-25 10:04:23', NULL, 0),
(387, 2, '7036647487', '78011524', 'LD1333209098', 'IPUL', 96, '2020-08-30', '2020-11-12', NULL, '43194671.28', '0.00', '14277568.79', '2020-10-31', '2020-11-25 10:04:23', NULL, 0),
(388, 2, '7036647487', '78011559', 'LD1333269801', 'AGUS', 96, '2020-08-30', '2020-11-12', NULL, '43194671.28', '0.00', '14277568.79', '2020-10-31', '2020-11-25 10:04:23', NULL, 0),
(389, 2, '7036647487', '78011595', 'LD1333296302', 'FERNANDO HARIS PURBA', 96, '2020-08-30', '2020-11-12', NULL, '43194671.28', '0.00', '14277568.79', '2020-10-31', '2020-11-25 10:04:23', NULL, 0),
(390, 2, '7036647487', '78011620', 'LD1333291352', 'SERIYAH', 96, '2020-08-30', '2020-11-12', NULL, '43194671.28', '0.00', '14277568.79', '2020-10-31', '2020-11-25 10:04:23', NULL, 0),
(391, 2, '7036647487', '78011649', 'LD1333279226', 'SIIKIT', 96, '2020-08-30', '2020-11-12', NULL, '43194671.28', '0.00', '14277568.79', '2020-10-31', '2020-11-25 10:04:23', NULL, 0),
(392, 2, '7036647487', '78011779', 'LD1333200697', 'KIKI', 96, '2020-08-30', '2020-11-12', NULL, '43194671.28', '0.00', '14277568.79', '2020-10-31', '2020-11-25 10:04:23', NULL, 0),
(393, 2, '7036647487', '78011804', 'LD1333250101', 'YUNI', 96, '2020-08-30', '2020-11-12', NULL, '43194671.28', '0.00', '14277568.79', '2020-10-31', '2020-11-25 10:04:23', NULL, 0),
(394, 2, '7036647487', '78011814', 'LD1333286471', 'IDAMAYANTI', 96, '2020-08-30', '2020-11-12', NULL, '43194671.28', '0.00', '14277568.79', '2020-10-31', '2020-11-25 10:04:23', NULL, 0),
(395, 2, '7036647487', '78011857', 'LD1333255574', 'TAWULA', 96, '2020-08-30', '2020-11-12', NULL, '43194671.28', '0.00', '14277568.79', '2020-10-31', '2020-11-25 10:04:23', NULL, 0),
(396, 2, '7036647487', '78011872', 'LD1333262909', 'SALEH', 96, '2020-08-30', '2020-11-12', NULL, '43194671.28', '0.00', '14277568.79', '2020-10-31', '2020-11-25 10:04:23', NULL, 0),
(397, 2, '7036647487', '78011883', 'LD1333213913', 'FIRMAN', 96, '2020-08-30', '2020-11-12', NULL, '43194671.28', '0.00', '14277568.79', '2020-10-31', '2020-11-25 10:04:24', NULL, 0),
(398, 2, '7036647487', '78011894', 'LD1333200225', 'HARTI DWI WAHYUNI', 96, '2020-08-30', '2020-11-12', NULL, '43194671.28', '0.00', '14277568.79', '2020-10-31', '2020-11-25 10:04:24', NULL, 0),
(399, 2, '7036647487', '78011930', 'LD1333293509', 'RUSTATI', 96, '2020-08-30', '2020-11-12', NULL, '43194671.28', '0.00', '14277568.79', '2020-10-31', '2020-11-25 10:04:24', NULL, 0),
(400, 2, '7036647487', '78011986', 'LD1333220003', 'REMI ISANDI', 96, '2020-08-30', '2020-11-12', NULL, '43194671.28', '0.00', '14277568.79', '2020-10-31', '2020-11-25 10:04:24', NULL, 0),
(401, 2, '7036647487', '78012000', 'LD1333281436', 'HALIM', 96, '2020-08-30', '2020-11-12', NULL, '43194671.28', '0.00', '14277568.79', '2020-10-31', '2020-11-25 10:04:24', NULL, 0),
(402, 2, '7036647487', '78012019', 'LD1333259738', 'MAS DENDI', 96, '2020-08-30', '2020-11-12', NULL, '43194671.28', '0.00', '14277568.79', '2020-10-31', '2020-11-25 10:04:24', NULL, 0),
(403, 2, '7036647487', '78012026', 'LD1333204609', 'MUHAMMAD YUSUP', 96, '2020-08-30', '2020-11-12', NULL, '43194671.28', '0.00', '14277568.79', '2020-10-31', '2020-11-25 10:04:24', NULL, 0),
(404, 1, '7081935337', '77950430', 'LD1333290116', 'FIRMANSYAH', 96, '2020-08-30', '2020-11-12', NULL, '43194671.28', '0.00', '14277568.79', '2020-10-31', '2020-11-25 13:56:32', NULL, 0),
(405, 1, '7081935337', '77950510', 'LD1333281341', 'DIKMIN', 96, '2020-08-30', '2020-11-12', NULL, '43194671.28', '0.00', '14277568.79', '2020-10-31', '2020-11-25 13:56:32', NULL, 0),
(406, 1, '7081935337', '77950566', 'LD1333233191', 'SITUAS', 96, '2020-08-30', '2020-11-12', NULL, '43194671.28', '0.00', '14277568.79', '2020-10-31', '2020-11-25 13:56:32', NULL, 0),
(407, 1, '7081935337', '77950668', 'LD1333254153', 'SIGATIN', 96, '2020-08-30', '2020-11-12', NULL, '43194671.28', '0.00', '14277568.79', '2020-10-31', '2020-11-25 13:56:32', NULL, 0),
(408, 1, '7081935337', '77950796', 'LD1333257403', 'NUR HIKMAH', 96, '2020-08-30', '2020-11-12', NULL, '43194671.28', '0.00', '14277568.79', '2020-10-31', '2020-11-25 13:56:32', NULL, 0),
(409, 1, '7081935337', '77950832', 'LD1333276113', 'KIANG', 96, '2020-08-30', '2020-11-12', NULL, '43194671.28', '0.00', '14277568.79', '2020-10-31', '2020-11-25 13:56:32', NULL, 0),
(410, 1, '7081935337', '77950895', 'LD1333242457', 'KUYU', 96, '2020-08-30', '2020-11-12', NULL, '43194671.28', '0.00', '14277568.79', '2020-10-31', '2020-11-25 13:56:32', NULL, 0),
(411, 1, '7081935337', '77950936', 'LD1333227087', 'SAPAO', 96, '2020-08-30', '2020-11-12', NULL, '43194671.28', '0.00', '14277568.79', '2020-10-31', '2020-11-25 13:56:33', NULL, 0),
(412, 1, '7081935337', '77959492', 'LD1333201208', 'MUHAMMAD SOOD', 96, '2020-08-30', '2020-11-12', NULL, '43194671.28', '0.00', '14277568.79', '2020-10-31', '2020-11-25 13:56:33', NULL, 0),
(413, 1, '7081935337', '77959551', 'LD1333213684', 'NURHASANAH', 96, '2020-08-30', '2020-11-12', NULL, '43194671.28', '0.00', '14277568.79', '2020-10-31', '2020-11-25 13:56:33', NULL, 0),
(414, 1, '7081935337', '77959571', 'LD1333206475', 'ROHMAT', 96, '2020-08-30', '2020-11-12', NULL, '43194671.28', '0.00', '14277568.79', '2020-10-31', '2020-11-25 13:56:33', NULL, 0),
(415, 1, '7081935337', '77959624', 'LD1333273389', 'ITIN', 96, '2020-08-30', '2020-11-12', NULL, '43194671.28', '0.00', '14277568.79', '2020-10-31', '2020-11-25 13:56:33', NULL, 0),
(416, 1, '7081935337', '77959666', 'LD1333291553', 'SIWANG', 96, '2020-08-30', '2020-11-12', NULL, '43194671.28', '0.00', '14277568.79', '2020-10-31', '2020-11-25 13:56:33', NULL, 0),
(417, 1, '7081935337', '77959745', 'LD1333231106', 'RUSLI', 96, '2020-08-30', '2020-11-12', NULL, '43194671.28', '0.00', '14277568.79', '2020-10-31', '2020-11-25 13:56:33', NULL, 0),
(418, 1, '7081935337', '77959786', 'LD1333200795', 'NAYAN', 96, '2020-08-30', '2020-11-12', NULL, '43194671.28', '0.00', '14277568.79', '2020-10-31', '2020-11-25 13:56:33', NULL, 0),
(419, 1, '7081935337', '77959812', 'LD1333270888', 'SIINGAU', 96, '2020-08-30', '2020-11-12', NULL, '43194671.28', '0.00', '14277568.79', '2020-10-31', '2020-11-25 13:56:33', NULL, 0),
(420, 1, '7081935337', '77959885', 'LD1333296784', 'SINUHUI', 96, '2020-08-30', '2020-11-12', NULL, '43194671.28', '0.00', '14277568.79', '2020-10-31', '2020-11-25 13:56:34', NULL, 0),
(421, 1, '7081935337', '77961484', 'LD1333243827', 'SUGITO', 96, '2020-08-30', '2020-11-12', NULL, '43194671.28', '0.00', '14277568.79', '2020-10-31', '2020-11-25 13:56:34', NULL, 0),
(422, 1, '7081935337', '77961601', 'LD1333220167', 'TATING', 96, '2020-08-30', '2020-11-12', NULL, '43194671.28', '0.00', '14277568.79', '2020-10-31', '2020-11-25 13:56:34', NULL, 0),
(423, 1, '7081935337', '77961617', 'LD1333256811', 'TURI', 96, '2020-08-30', '2020-11-12', NULL, '43194671.28', '0.00', '14277568.79', '2020-10-31', '2020-11-25 13:56:34', NULL, 0),
(424, 1, '7081935337', '77961623', 'LD1333248529', 'TUTIK', 96, '2020-08-30', '2020-11-12', NULL, '43194671.28', '0.00', '14277568.79', '2020-10-31', '2020-11-25 13:56:34', NULL, 0),
(425, 1, '7081935337', '77961644', 'LD1333268400', 'USUP', 96, '2020-08-30', '2020-11-12', NULL, '43194671.28', '0.00', '14277568.79', '2020-10-31', '2020-11-25 13:56:34', NULL, 0),
(426, 1, '7081935337', '77967139', 'LD1333247358', 'YANI', 96, '2020-08-30', '2020-11-12', NULL, '43194671.28', '0.00', '14277568.79', '2020-10-31', '2020-11-25 13:56:35', NULL, 0),
(427, 1, '7081935337', '77967172', 'LD1333217036', 'IIS', 96, '2020-08-30', '2020-11-12', NULL, '43194671.28', '0.00', '14277568.79', '2020-10-31', '2020-11-25 13:56:35', NULL, 0),
(428, 1, '7081935337', '77967198', 'LD1333280074', 'ILAU', 96, '2020-08-30', '2020-11-12', NULL, '43194671.28', '0.00', '14277568.79', '2020-10-31', '2020-11-25 13:56:35', NULL, 0),
(429, 1, '7081935337', '77967256', 'LD1333297740', 'YUNUS', 96, '2020-08-30', '2020-11-12', NULL, '43194671.28', '0.00', '14277568.79', '2020-10-31', '2020-11-25 13:56:35', NULL, 0),
(430, 1, '7081935337', '77970602', 'LD1333214815', 'AMENG', 96, '2020-08-30', '2020-11-12', NULL, '43194671.28', '0.00', '14277568.79', '2020-10-31', '2020-11-25 13:56:35', NULL, 0),
(431, 1, '7081935337', '77980511', 'LD1333296091', 'RUSMAYA', 96, '2020-08-30', '2020-11-12', NULL, '43194671.28', '0.00', '14277568.79', '2020-10-31', '2020-11-25 13:56:35', NULL, 0),
(432, 1, '7081935337', '77980512', 'LD1333278529', 'ALUH', 96, '2020-08-30', '2020-11-12', NULL, '43194671.28', '0.00', '14277568.79', '2020-10-31', '2020-11-25 13:56:35', NULL, 0),
(433, 1, '7081935337', '77980513', 'LD1333293297', 'RITA', 96, '2020-08-30', '2020-11-12', NULL, '43194671.28', '0.00', '14277568.79', '2020-10-31', '2020-11-25 13:56:35', NULL, 0),
(434, 1, '7081935337', '77980514', 'LD1333284203', 'HASTUTI', 96, '2020-08-30', '2020-11-12', NULL, '43194671.28', '0.00', '14277568.79', '2020-10-31', '2020-11-25 13:56:35', NULL, 0),
(435, 1, '7081935337', '77980515', 'LD1333279472', 'EMAN', 96, '2020-08-30', '2020-11-12', NULL, '43194671.28', '0.00', '14277568.79', '2020-10-31', '2020-11-25 13:56:36', NULL, 0),
(436, 1, '7081935337', '77980516', 'LD1333267144', 'MEGAWATI', 96, '2020-08-30', '2020-11-12', NULL, '43194671.28', '0.00', '14277568.79', '2020-10-31', '2020-11-25 13:56:36', NULL, 0),
(437, 1, '7081935337', '77980517', 'LD1333240720', 'KARTIRAT', 96, '2020-08-30', '2020-11-12', NULL, '43194671.28', '0.00', '14277568.79', '2020-10-31', '2020-11-25 13:56:36', NULL, 0),
(438, 1, '7081935337', '77980518', 'LD1333236042', 'NAOMI ADE EKA', 96, '2020-08-30', '2020-11-12', NULL, '43194671.28', '0.00', '14277568.79', '2020-10-31', '2020-11-25 13:56:36', NULL, 0),
(439, 1, '7081935337', '77980519', 'LD1333299129', 'DESMAN', 96, '2020-08-30', '2020-11-12', NULL, '43194671.28', '0.00', '14277568.79', '2020-10-31', '2020-11-25 13:56:36', NULL, 0),
(440, 1, '7081935337', '77980520', 'LD1333228065', 'M SUWANDI', 96, '2020-08-30', '2020-11-12', NULL, '43194671.28', '0.00', '14277568.79', '2020-10-31', '2020-11-25 13:56:36', NULL, 0),
(441, 1, '7081935337', '77980522', 'LD1333200810', 'NENENG YUNINGSIH', 96, '2020-08-30', '2020-11-12', NULL, '43194671.28', '0.00', '14277568.79', '2020-10-31', '2020-11-25 13:56:36', NULL, 0),
(442, 1, '7081935337', '77980523', 'LD1333201620', 'NURUL', 96, '2020-08-30', '2020-11-12', NULL, '43194671.28', '0.00', '14277568.79', '2020-10-31', '2020-11-25 13:56:36', NULL, 0),
(443, 1, '7081935337', '77980524', 'LD1333221797', 'FLORIDA', 96, '2020-08-30', '2020-11-12', NULL, '43194671.28', '0.00', '14277568.79', '2020-10-31', '2020-11-25 13:56:36', NULL, 0),
(444, 1, '7081935337', '77980525', 'LD1333209986', 'PURIDA', 96, '2020-08-30', '2020-11-12', NULL, '43194671.28', '0.00', '14277568.79', '2020-10-31', '2020-11-25 13:56:36', NULL, 0),
(445, 1, '7081935337', '77980531', 'LD1333257332', 'OPRIE', 96, '2020-08-30', '2020-11-12', NULL, '43194671.28', '0.00', '14277568.79', '2020-10-31', '2020-11-25 13:56:37', NULL, 0),
(446, 1, '7081935337', '77980533', 'LD1333209207', 'ANA', 96, '2020-08-30', '2020-11-12', NULL, '43194671.28', '0.00', '14277568.79', '2020-10-31', '2020-11-25 13:56:37', NULL, 0),
(447, 1, '7081935337', '77980535', 'LD1333298060', 'SINARI', 96, '2020-08-30', '2020-11-12', NULL, '43194671.28', '0.00', '14277568.79', '2020-10-31', '2020-11-25 13:56:37', NULL, 0),
(448, 1, '7081935337', '77980538', 'LD1333219612', 'KARIM', 96, '2020-08-30', '2020-11-12', NULL, '43194671.28', '0.00', '14277568.79', '2020-10-31', '2020-11-25 13:56:37', NULL, 0),
(449, 1, '7081935337', '77980539', 'LD1333201160', 'HERA', 96, '2020-08-30', '2020-11-12', NULL, '43194671.28', '0.00', '14277568.79', '2020-10-31', '2020-11-25 13:56:37', NULL, 0),
(450, 1, '7081935337', '77980541', 'LD1333269160', 'HENI', 96, '2020-08-30', '2020-11-12', NULL, '43194671.28', '0.00', '14277568.79', '2020-10-31', '2020-11-25 13:56:37', NULL, 0),
(451, 1, '7081935337', '77980543', 'LD1333236081', 'MUHAMMAD BUSTANI', 96, '2020-08-30', '2020-11-12', NULL, '43194671.28', '0.00', '14277568.79', '2020-10-31', '2020-11-25 13:56:37', NULL, 0),
(452, 1, '7081935337', '77980549', 'LD1333211003', 'HARSONO', 96, '2020-08-30', '2020-11-12', NULL, '43194671.28', '0.00', '14277568.79', '2020-10-31', '2020-11-25 13:56:37', NULL, 0),
(453, 1, '7081935337', '77980601', 'LD1333280004', 'FATIMAH', 96, '2020-08-30', '2020-11-12', NULL, '43194671.28', '0.00', '14277568.79', '2020-10-31', '2020-11-25 13:56:37', NULL, 0),
(454, 1, '7081935337', '77980637', 'LD1333261808', 'SURIAWATI', 96, '2020-08-30', '2020-11-12', NULL, '43194671.28', '0.00', '14277568.79', '2020-10-31', '2020-11-25 13:56:37', NULL, 0),
(455, 1, '7081935337', '78008643', 'LD1333200207', 'GUNCING', 96, '2020-08-30', '2020-11-12', NULL, '43194671.28', '0.00', '14277568.79', '2020-10-31', '2020-11-25 13:56:38', NULL, 0),
(456, 1, '7081935337', '78008787', 'LD1333215637', 'GUTAU', 96, '2020-08-30', '2020-11-12', NULL, '43194671.28', '0.00', '14277568.79', '2020-10-31', '2020-11-25 13:56:38', NULL, 0),
(457, 1, '7081935337', '78008818', 'LD1333228203', 'KIYAN', 96, '2020-08-30', '2020-11-12', NULL, '43194671.28', '0.00', '14277568.79', '2020-10-31', '2020-11-25 13:56:38', NULL, 0),
(458, 1, '7081935337', '78008870', 'LD1333282033', 'TIUN', 96, '2020-08-30', '2020-11-12', NULL, '43194671.28', '0.00', '14277568.79', '2020-10-31', '2020-11-25 13:56:38', NULL, 0),
(459, 1, '7081935337', '78008892', 'LD1333224300', 'BULEH', 96, '2020-08-30', '2020-11-12', NULL, '43194671.28', '0.00', '14277568.79', '2020-10-31', '2020-11-25 13:56:38', NULL, 0),
(460, 1, '7081935337', '78009543', 'LD1333220029', 'MUHAMMAD MAHMUDIN', 96, '2020-08-30', '2020-11-12', NULL, '43194671.28', '0.00', '14277568.79', '2020-10-31', '2020-11-25 13:56:38', NULL, 0),
(461, 1, '7081935337', '78009560', 'LD1333243820', 'LINA', 96, '2020-08-30', '2020-11-12', NULL, '43194671.28', '0.00', '14277568.79', '2020-10-31', '2020-11-25 13:56:38', NULL, 0),
(462, 1, '7081935337', '78009661', 'LD1333239312', 'MAHIYAU', 96, '2020-08-30', '2020-11-12', NULL, '43194671.28', '0.00', '14277568.79', '2020-10-31', '2020-11-25 13:56:38', NULL, 0),
(463, 1, '7081935337', '78009742', 'LD1333224399', 'MULYANI', 96, '2020-08-30', '2020-11-12', NULL, '43194671.28', '0.00', '14277568.79', '2020-10-31', '2020-11-25 13:56:38', NULL, 0),
(464, 1, '7081935337', '78009773', 'LD1333219894', 'SIAM', 96, '2020-08-30', '2020-11-12', NULL, '43194671.28', '0.00', '14277568.79', '2020-10-31', '2020-11-25 13:56:39', NULL, 0),
(465, 1, '7081935337', '78009793', 'LD1333203879', 'SIGUNTUI', 96, '2020-08-30', '2020-11-12', NULL, '43194671.28', '0.00', '14277568.79', '2020-10-31', '2020-11-25 13:56:39', NULL, 0),
(466, 1, '7081935337', '78009852', 'LD1333207038', 'TAIPUH', 96, '2020-08-30', '2020-11-12', NULL, '43194671.28', '0.00', '14277568.79', '2020-10-31', '2020-11-25 13:56:39', NULL, 0),
(467, 1, '7081935337', '78009925', 'LD1333287691', 'USID', 96, '2020-08-30', '2020-11-12', NULL, '43194671.28', '0.00', '14277568.79', '2020-10-31', '2020-11-25 13:56:39', NULL, 0),
(468, 1, '7081935337', '78009977', 'LD1333222013', 'IYUS', 96, '2020-08-30', '2020-11-12', NULL, '43194671.28', '0.00', '14277568.79', '2020-10-31', '2020-11-25 13:56:39', NULL, 0),
(469, 1, '7081935337', '78010040', 'LD1333241871', 'AMAH', 96, '2020-08-30', '2020-11-12', NULL, '43194671.28', '0.00', '14277568.79', '2020-10-31', '2020-11-25 13:56:39', NULL, 0),
(470, 1, '7081935337', '78010068', 'LD1333284324', 'CABE', 96, '2020-08-30', '2020-11-12', NULL, '43194671.28', '0.00', '14277568.79', '2020-10-31', '2020-11-25 13:56:39', NULL, 0),
(471, 1, '7081935337', '78010095', 'LD1333230428', 'ASONG', 96, '2020-08-30', '2020-11-12', NULL, '43194671.28', '0.00', '14277568.79', '2020-10-31', '2020-11-25 13:56:39', NULL, 0),
(472, 1, '7081935337', '78010142', 'LD1333213599', 'MUTAN', 96, '2020-08-30', '2020-11-12', NULL, '43194671.28', '0.00', '14277568.79', '2020-10-31', '2020-11-25 13:56:39', NULL, 0),
(473, 1, '7081935337', '78010171', 'LD1333200533', 'SIILAS', 96, '2020-08-30', '2020-11-12', NULL, '43194671.28', '0.00', '14277568.79', '2020-10-31', '2020-11-25 13:56:39', NULL, 0),
(474, 1, '7081935337', '78010194', 'LD1333292964', 'KIUNG', 96, '2020-08-30', '2020-11-12', NULL, '43194671.28', '0.00', '14277568.79', '2020-10-31', '2020-11-25 13:56:40', NULL, 0),
(475, 1, '7081935337', '78010234', 'LD1333243013', 'ANTING', 96, '2020-08-30', '2020-11-12', NULL, '43194671.28', '0.00', '14277568.79', '2020-10-31', '2020-11-25 13:56:40', NULL, 0),
(476, 1, '7081935337', '78010246', 'LD1333250303', 'RUSTAM', 96, '2020-08-30', '2020-11-12', NULL, '43194671.28', '0.00', '14277568.79', '2020-10-31', '2020-11-25 13:56:40', NULL, 0),
(477, 1, '7081935337', '78010266', 'LD1333216506', 'YANTO', 96, '2020-08-30', '2020-11-12', NULL, '43194671.28', '0.00', '14277568.79', '2020-10-31', '2020-11-25 13:56:40', NULL, 0),
(478, 1, '7081935337', '78010321', 'LD1333296614', 'RINA', 96, '2020-08-30', '2020-11-12', NULL, '43194671.28', '0.00', '14277568.79', '2020-10-31', '2020-11-25 13:56:40', NULL, 0),
(479, 1, '7081935337', '78010349', 'LD1333274852', 'IKUS', 96, '2020-08-30', '2020-11-12', NULL, '43194671.28', '0.00', '14277568.79', '2020-10-31', '2020-11-25 13:56:40', NULL, 0),
(480, 1, '7081935337', '78010372', 'LD1333240644', 'MUHAMMAD ABDULLAH YUSNI', 96, '2020-08-30', '2020-11-12', NULL, '43194671.28', '0.00', '14277568.79', '2020-10-31', '2020-11-25 13:56:40', NULL, 0),
(481, 1, '7081935337', '78010395', 'LD1333264814', 'BAIN', 96, '2020-08-30', '2020-11-12', NULL, '43194671.28', '0.00', '14277568.79', '2020-10-31', '2020-11-25 13:56:40', NULL, 0),
(482, 1, '7081935337', '78010407', 'LD1333285649', 'IYAT NODIN', 96, '2020-08-30', '2020-11-12', NULL, '43194671.28', '0.00', '14277568.79', '2020-10-31', '2020-11-25 13:56:40', NULL, 0),
(483, 1, '7081935337', '78010429', 'LD1333270754', 'YANI', 96, '2020-08-30', '2020-11-12', NULL, '43194671.28', '0.00', '14277568.79', '2020-10-31', '2020-11-25 13:56:40', NULL, 0),
(484, 1, '7081935337', '78010450', 'LD1333263000', 'BOGOR', 96, '2020-08-30', '2020-11-12', NULL, '43194671.28', '0.00', '14277568.79', '2020-10-31', '2020-11-25 13:56:40', NULL, 0),
(485, 1, '7081935337', '78011254', 'LD1333204200', 'IRUS', 96, '2020-08-30', '2020-11-12', NULL, '43194671.28', '0.00', '14277568.79', '2020-10-31', '2020-11-25 13:56:40', NULL, 0),
(486, 1, '7081935337', '78011417', 'LD1333260560', 'IRA SULASTRI', 96, '2020-08-30', '2020-11-12', NULL, '43194671.28', '0.00', '14277568.79', '2020-10-31', '2020-11-25 13:56:40', NULL, 0),
(487, 1, '7081935337', '78011436', 'LD1333260868', 'YUPIANA', 96, '2020-08-30', '2020-11-12', NULL, '43194671.28', '0.00', '14277568.79', '2020-10-31', '2020-11-25 13:56:40', NULL, 0),
(488, 1, '7081935337', '78011524', 'LD1333209098', 'IPUL', 96, '2020-08-30', '2020-11-12', NULL, '43194671.28', '0.00', '14277568.79', '2020-10-31', '2020-11-25 13:56:41', NULL, 0),
(489, 1, '7081935337', '78011559', 'LD1333269801', 'AGUS', 96, '2020-08-30', '2020-11-12', NULL, '43194671.28', '0.00', '14277568.79', '2020-10-31', '2020-11-25 13:56:41', NULL, 0),
(490, 1, '7081935337', '78011595', 'LD1333296302', 'FERNANDO HARIS PURBA', 96, '2020-08-30', '2020-11-12', NULL, '43194671.28', '0.00', '14277568.79', '2020-10-31', '2020-11-25 13:56:41', NULL, 0),
(491, 1, '7081935337', '78011620', 'LD1333291352', 'SERIYAH', 96, '2020-08-30', '2020-11-12', NULL, '43194671.28', '0.00', '14277568.79', '2020-10-31', '2020-11-25 13:56:41', NULL, 0),
(492, 1, '7081935337', '78011649', 'LD1333279226', 'SIIKIT', 96, '2020-08-30', '2020-11-12', NULL, '43194671.28', '0.00', '14277568.79', '2020-10-31', '2020-11-25 13:56:41', NULL, 0),
(493, 1, '7081935337', '78011779', 'LD1333200697', 'KIKI', 96, '2020-08-30', '2020-11-12', NULL, '43194671.28', '0.00', '14277568.79', '2020-10-31', '2020-11-25 13:56:41', NULL, 0),
(494, 1, '7081935337', '78011804', 'LD1333250101', 'YUNI', 96, '2020-08-30', '2020-11-12', NULL, '43194671.28', '0.00', '14277568.79', '2020-10-31', '2020-11-25 13:56:41', NULL, 0),
(495, 1, '7081935337', '78011814', 'LD1333286471', 'IDAMAYANTI', 96, '2020-08-30', '2020-11-12', NULL, '43194671.28', '0.00', '14277568.79', '2020-10-31', '2020-11-25 13:56:41', NULL, 0),
(496, 1, '7081935337', '78011857', 'LD1333255574', 'TAWULA', 96, '2020-08-30', '2020-11-12', NULL, '43194671.28', '0.00', '14277568.79', '2020-10-31', '2020-11-25 13:56:41', NULL, 0),
(497, 1, '7081935337', '78011872', 'LD1333262909', 'SALEH', 96, '2020-08-30', '2020-11-12', NULL, '43194671.28', '0.00', '14277568.79', '2020-10-31', '2020-11-25 13:56:41', NULL, 0),
(498, 1, '7081935337', '78011883', 'LD1333213913', 'FIRMAN', 96, '2020-08-30', '2020-11-12', NULL, '43194671.28', '0.00', '14277568.79', '2020-10-31', '2020-11-25 13:56:41', NULL, 0),
(499, 1, '7081935337', '78011894', 'LD1333200225', 'HARTI DWI WAHYUNI', 96, '2020-08-30', '2020-11-12', NULL, '43194671.28', '0.00', '14277568.79', '2020-10-31', '2020-11-25 13:56:42', NULL, 0),
(500, 1, '7081935337', '78011930', 'LD1333293509', 'RUSTATI', 96, '2020-08-30', '2020-11-12', NULL, '43194671.28', '0.00', '14277568.79', '2020-10-31', '2020-11-25 13:56:42', NULL, 0),
(501, 1, '7081935337', '78011986', 'LD1333220003', 'REMI ISANDI', 96, '2020-08-30', '2020-11-12', NULL, '43194671.28', '0.00', '14277568.79', '2020-10-31', '2020-11-25 13:56:42', NULL, 0),
(502, 1, '7081935337', '78012000', 'LD1333281436', 'HALIM', 96, '2020-08-30', '2020-11-12', NULL, '43194671.28', '0.00', '14277568.79', '2020-10-31', '2020-11-25 13:56:42', NULL, 0),
(503, 1, '7081935337', '78012019', 'LD1333259738', 'MAS DENDI', 96, '2020-08-30', '2020-11-12', NULL, '43194671.28', '0.00', '14277568.79', '2020-10-31', '2020-11-25 13:56:42', NULL, 0);

-- --------------------------------------------------------

--
-- Table structure for table `tbl_area`
--

CREATE TABLE `tbl_area` (
  `kd_area` varchar(25) NOT NULL,
  `nm_area` char(125) NOT NULL,
  `fk_id_region` int(5) NOT NULL,
  `CreateDate` date NOT NULL,
  `UpdateDate` date DEFAULT NULL,
  `IsDelete` int(1) NOT NULL
) ENGINE=InnoDB DEFAULT CHARSET=latin1;

--
-- Dumping data for table `tbl_area`
--

INSERT INTO `tbl_area` (`kd_area`, `nm_area`, `fk_id_region`, `CreateDate`, `UpdateDate`, `IsDelete`) VALUES
('ID0010002a', 'AREA JAKARTA THAMRIN', 3, '2020-02-04', NULL, 0),
('ID0010004a', 'AREA JAKARTA MAYESTIK', 3, '2020-02-04', NULL, 0),
('ID0010005a', 'AREA JAKARTA WARUNG BUNCIT', 3, '2020-02-04', NULL, 0),
('ID0010007a', 'AREA BEKASI', 3, '2020-02-04', NULL, 0),
('ID0010008a', 'AREA MEDAN KOTA', 1, '2020-02-04', NULL, 0),
('ID0010009a', 'AREA BANDUNG KOTA', 4, '2020-02-04', NULL, 0),
('ID0010010a', 'AREA SURABAYA KOTA', 6, '2020-02-04', NULL, 0),
('ID0010011a', 'AREA ACEH', 1, '2020-02-04', NULL, 0),
('ID0010013a', 'AREA SOLO', 5, '2020-02-04', NULL, 0),
('ID0010015a', 'AREA MAKASSAR', 8, '2020-02-04', NULL, 0),
('ID0010016a', 'AREA BANJARMASIN', 7, '2020-02-04', NULL, 0),
('ID0010017a', 'AREA BOGOR', 3, '2020-02-04', NULL, 0),
('ID0010018a', 'AREA TANGERANG', 3, '2020-02-04', NULL, 0),
('ID0010019a', 'AREA PALEMBANG', 2, '2020-02-04', NULL, 0),
('ID0010022a', 'AREA PEKANBARU', 1, '2020-02-04', NULL, 0),
('ID0010023a', 'AREA BALIKPAPAN', 7, '2020-02-04', NULL, 0),
('ID0010024a', 'AREA CIREBON', 4, '2020-02-04', NULL, 0),
('ID0010026a', 'AREA PONTIANAK', 7, '2020-02-04', NULL, 0),
('ID0010027a', 'AREA PADANG', 2, '2020-02-04', NULL, 0),
('ID0010028a', 'AREA MALANG', 6, '2020-02-04', NULL, 0),
('ID0010029a', 'AREA YOGYAKARTA', 5, '2020-02-04', NULL, 0),
('ID0010032a', 'AREA JAMBI', 2, '2020-02-04', NULL, 0),
('ID0010034a', 'AREA BATAM', 1, '2020-02-04', NULL, 0),
('ID0010037a', 'AREA BANDAR LAMPUNG', 2, '2020-02-04', NULL, 0),
('ID0010038a', 'AREA PALU', 8, '2020-02-04', NULL, 0),
('ID0010040a', 'AREA SEMARANG', 5, '2020-02-04', NULL, 0),
('ID0010045a', 'AREA JAKARTA KEBON JERUK', 3, '2020-02-04', NULL, 0),
('ID0010049a', 'AREA PEMATANGSIANTAR', 1, '2020-02-04', NULL, 0),
('ID0010051a', 'AREA JEMBER', 6, '2020-02-04', NULL, 0),
('ID0010053a', 'AREA DENPASAR', 6, '2020-02-04', NULL, 0),
('ID0010054a', 'AREA JAYAPURA', 8, '2020-02-04', NULL, 0),
('ID0010058a', 'AREA JAKARTA KELAPA GADING', 3, '2020-02-04', NULL, 0),
('ID0010106a', 'AREA SURABAYA RAYA', 6, '2020-02-04', NULL, 0),
('ID0010353a', 'AREA MEDAN RAYA', 1, '2020-02-04', NULL, 0),
('ID0010357a', 'AREA BANDUNG RAYA', 4, '2020-02-04', NULL, 0);

-- --------------------------------------------------------

--
-- Table structure for table `tbl_cabang`
--

CREATE TABLE `tbl_cabang` (
  `kd_cabang` varchar(25) NOT NULL,
  `nm_cabang` varchar(125) NOT NULL,
  `fk_id_region` int(1) NOT NULL,
  `fk_kd_area` varchar(25) NOT NULL,
  `CreateDate` date NOT NULL,
  `UpdateDate` date DEFAULT NULL,
  `IsDelete` int(1) NOT NULL
) ENGINE=InnoDB DEFAULT CHARSET=latin1;

--
-- Dumping data for table `tbl_cabang`
--

INSERT INTO `tbl_cabang` (`kd_cabang`, `nm_cabang`, `fk_id_region`, `fk_kd_area`, `CreateDate`, `UpdateDate`, `IsDelete`) VALUES
('ID0010002', 'KC JAKARTA THAMRIN', 3, 'ID0010002a', '2020-02-04', NULL, 0),
('ID0010003', 'KC JAKARTA HASANUDIN', 3, 'ID0010004a', '2020-02-04', NULL, 0),
('ID0010004', 'KC JAKARTA MAYESTIK', 3, 'ID0010004a', '2020-02-04', NULL, 0),
('ID0010005', 'KC JAKARTA WARUNG BUNCIT', 3, 'ID0010005a', '2020-02-04', NULL, 0),
('ID0010006', 'KC JAKARTA PONDOK INDAH', 3, 'ID0010004a', '2020-02-04', NULL, 0),
('ID0010007', 'KC BEKASI', 3, 'ID0010007a', '2020-02-04', NULL, 0),
('ID0010008', 'KC MEDAN', 1, 'ID0010008a', '2020-02-04', NULL, 0),
('ID0010009', 'KC BANDUNG', 4, 'ID0010009a', '2020-02-04', NULL, 0),
('ID0010010', 'KC SURABAYA', 6, 'ID0010010a', '2020-02-04', NULL, 0),
('ID0010011', 'KC ACEH', 1, 'ID0010011a', '2020-02-04', NULL, 0),
('ID0010012', 'KC PEKALONGAN', 5, 'ID0010040a', '2020-02-04', NULL, 0),
('ID0010013', 'KC SOLO', 5, 'ID0010013a', '2020-02-04', NULL, 0),
('ID0010014', 'KC PAMEKASAN', 6, 'ID0010106a', '2020-02-04', NULL, 0),
('ID0010015', 'KC MAKASSAR', 8, 'ID0010015a', '2020-02-04', NULL, 0),
('ID0010016', 'KC BANJARMASIN', 7, 'ID0010016a', '2020-02-04', NULL, 0),
('ID0010017', 'KC BOGOR', 3, 'ID0010017a', '2020-02-04', NULL, 0),
('ID0010018', 'KC TANGERANG', 3, 'ID0010018a', '2020-02-04', NULL, 0),
('ID0010019', 'KC PALEMBANG', 2, 'ID0010019a', '2020-02-04', NULL, 0),
('ID0010020', 'KC CILEGON', 3, 'ID0010018a', '2020-02-04', NULL, 0),
('ID0010021', 'KC JAKARTA TANJUNG PRIOK', 3, 'ID0010058a', '2020-02-04', NULL, 0),
('ID0010022', 'KC PEKANBARU', 1, 'ID0010022a', '2020-02-04', NULL, 0),
('ID0010023', 'KC BALIKPAPAN', 7, 'ID0010023a', '2020-02-04', NULL, 0),
('ID0010024', 'KC CIREBON', 4, 'ID0010024a', '2020-02-04', NULL, 0),
('ID0010025', 'KC SIMEULUE', 1, 'ID0010011a', '2020-02-04', NULL, 0),
('ID0010026', 'KC PONTIANAK', 7, 'ID0010026a', '2020-02-04', NULL, 0),
('ID0010027', 'KC PADANG', 2, 'ID0010027a', '2020-02-04', NULL, 0),
('ID0010028', 'KC MALANG', 6, 'ID0010028a', '2020-02-04', NULL, 0),
('ID0010029', 'KC YOGYAKARTA', 5, 'ID0010029a', '2020-02-04', NULL, 0),
('ID0010030', 'KC RANTAU PRAPAT', 1, 'ID0010049a', '2020-02-04', NULL, 0),
('ID0010031', 'KC MATARAM', 6, 'ID0010053a', '2020-02-04', NULL, 0),
('ID0010032', 'KC JAMBI', 2, 'ID0010032a', '2020-02-04', NULL, 0),
('ID0010033', 'KC JAKARTA SAHARJO', 3, 'ID0010002a', '2020-02-04', NULL, 0),
('ID0010034', 'KC BATAM', 1, 'ID0010034a', '2020-02-04', NULL, 0),
('ID0010035', 'KC JAKARTA RAWAMANGUN', 3, 'ID0010058a', '2020-02-04', NULL, 0),
('ID0010036', 'KC SAMARINDA', 7, 'ID0010023a', '2020-02-04', NULL, 0),
('ID0010037', 'KC BANDAR LAMPUNG', 2, 'ID0010037a', '2020-02-04', NULL, 0),
('ID0010038', 'KC PALU', 8, 'ID0010038a', '2020-02-04', NULL, 0),
('ID0010039', 'KC BUKITTINGGI', 2, 'ID0010027a', '2020-02-04', NULL, 0),
('ID0010040', 'KC SEMARANG', 5, 'ID0010040a', '2020-02-04', NULL, 0),
('ID0010041', 'KC KUTAI KARTANEGARA', 7, 'ID0010023a', '2020-02-04', NULL, 0),
('ID0010042', 'KC TASIKMALAYA', 4, 'ID0010024a', '2020-02-04', NULL, 0),
('ID0010043', 'KC PADANGSIDEMPUAN', 1, 'ID0010049a', '2020-02-04', NULL, 0),
('ID0010044', 'KC DUMAI', 1, 'ID0010022a', '2020-02-04', NULL, 0),
('ID0010045', 'KC JAKARTA KEBON JERUK', 3, 'ID0010045a', '2020-02-04', NULL, 0),
('ID0010046', 'KC DEPOK', 3, 'ID0010017a', '2020-02-04', NULL, 0),
('ID0010047', 'KC BINJAI', 1, 'ID0010353a', '2020-02-04', NULL, 0),
('ID0010048', 'KC KEDIRI', 6, 'ID0010028a', '2020-02-04', NULL, 0),
('ID0010049', 'KC PEMATANGSIANTAR', 1, 'ID0010049a', '2020-02-04', NULL, 0),
('ID0010050', 'KC PURWAKARTA', 4, 'ID0010357a', '2020-02-04', NULL, 0),
('ID0010051', 'KC JEMBER', 6, 'ID0010051a', '2020-02-04', NULL, 0),
('ID0010052', 'KC MANADO', 8, 'ID0010038a', '2020-02-04', NULL, 0),
('ID0010053', 'KC DENPASAR', 6, 'ID0010053a', '2020-02-04', NULL, 0),
('ID0010054', 'KC JAYAPURA', 8, 'ID0010054a', '2020-02-04', NULL, 0),
('ID0010055', 'KC LANGSA', 1, 'ID0010011a', '2020-02-04', NULL, 0),
('ID0010056', 'KC BENGKULU', 2, 'ID0010032a', '2020-02-04', NULL, 0),
('ID0010057', 'KC PURWOKERTO', 5, 'ID0010029a', '2020-02-04', NULL, 0),
('ID0010058', 'KC JAKARTA KELAPA GADING', 3, 'ID0010058a', '2020-02-04', NULL, 0),
('ID0010059', 'KC TANJUNG PINANG', 1, 'ID0010034a', '2020-02-04', NULL, 0),
('ID0010060', 'KC BANYUWANGI', 6, 'ID0010051a', '2020-02-04', NULL, 0),
('ID0010061', 'KC JAKARTA PONDOK KELAPA', 3, 'ID0010007a', '2020-02-04', NULL, 0),
('ID0010062', 'KC GORONTALO', 8, 'ID0010038a', '2020-02-04', NULL, 0),
('ID0010063', 'KC PANGKAL PINANG', 2, 'ID0010019a', '2020-02-04', NULL, 0),
('ID0010064', 'KC TERNATE', 8, 'ID0010038a', '2020-02-04', NULL, 0),
('ID0010065', 'KC MAMUJU', 8, 'ID0010015a', '2020-02-04', NULL, 0),
('ID0010066', 'KC PALANGKARAYA', 7, 'ID0010016a', '2020-02-04', NULL, 0),
('ID0010067', 'KCP JAKARTA FATMAWATI', 3, 'ID0010004a', '2020-02-04', NULL, 0),
('ID0010068', 'KCP JAKARTA WOLTERMONGINSIDI', 3, 'ID0010004a', '2020-02-04', NULL, 0),
('ID0010069', 'KC JAKARTA CIPULIR', 3, 'ID0010045a', '2020-02-04', NULL, 0),
('ID0010071', 'KCP JAKARTA BENDUNGAN HILIR', 3, 'ID0010002a', '2020-02-04', NULL, 0),
('ID0010072', 'KC JAKARTA CIBUBUR', 3, 'ID0010005a', '2020-02-04', NULL, 0),
('ID0010073', 'KCP JAKARTA CILILITAN', 3, 'ID0010005a', '2020-02-04', NULL, 0),
('ID0010074', 'KCP JAKARTA PASAR MINGGU', 3, 'ID0010005a', '2020-02-04', NULL, 0),
('ID0010075', 'KC TANGERANG CIPUTAT', 3, 'ID0010005a', '2020-02-04', NULL, 0),
('ID0010076', 'KCP JAKARTA PONDOK LABU', 3, 'ID0010004a', '2020-02-04', NULL, 0),
('ID0010077', 'KC TANGERANG BINTARO', 3, 'ID0010018a', '2020-02-04', NULL, 0),
('ID0010078', 'KCP DEPOK CINERE', 3, 'ID0010005a', '2020-02-04', NULL, 0),
('ID0010079', 'KCP TANGERANG PAMULANG', 3, 'ID0010018a', '2020-02-04', NULL, 0),
('ID0010080', 'KCP JAKARTA CILANDAK', 3, 'ID0010004a', '2020-02-04', NULL, 0),
('ID0010081', 'KC BEKASI CIKARANG', 3, 'ID0010007a', '2020-02-04', NULL, 0),
('ID0010082', 'KC BEKASI PONDOK GEDE', 3, 'ID0010007a', '2020-02-04', NULL, 0),
('ID0010083', 'KCP KARAWANG', 4, 'ID0010357a', '2020-02-04', NULL, 0),
('ID0010084', 'KCP CIKAMPEK', 4, 'ID0010357a', '2020-02-04', NULL, 0),
('ID0010085', 'KCP BEKASI TIMUR', 3, 'ID0010007a', '2020-02-04', NULL, 0),
('ID0010086', 'KCP BEKASI TAMBUN', 3, 'ID0010007a', '2020-02-04', NULL, 0),
('ID0010087', 'KCP TEBING TINGGI', 1, 'ID0010008a', '2020-02-04', NULL, 0),
('ID0010088', 'KC MEDAN KAMPUNG BARU', 1, 'ID0010008a', '2020-02-04', NULL, 0),
('ID0010089', 'KC MEDAN AKSARA', 1, 'ID0010008a', '2020-02-04', NULL, 0),
('ID0010090', 'KCP MEDAN SETIA BUDI', 1, 'ID0010353a', '2020-02-04', NULL, 0),
('ID0010091', 'KC CIMAHI', 4, 'ID0010357a', '2020-02-04', NULL, 0),
('ID0010092', 'KC CIANJUR', 4, 'ID0010357a', '2020-02-04', NULL, 0),
('ID0010093', 'KC SUKABUMI', 4, 'ID0010357a', '2020-02-04', NULL, 0),
('ID0010094', 'KC GARUT', 4, 'ID0010009a', '2020-02-04', NULL, 0),
('ID0010095', 'KCP BANDUNG BUAH BATU', 4, 'ID0010009a', '2020-02-04', NULL, 0),
('ID0010096', 'KCP BANDUNG SETIA BUDI', 4, 'ID0010009a', '2020-02-04', NULL, 0),
('ID0010097', 'KCP SUMEDANG', 4, 'ID0010009a', '2020-02-04', NULL, 0),
('ID0010098', 'KC SIDOARJO', 6, 'ID0010010a', '2020-02-04', NULL, 0),
('ID0010099', 'KC GRESIK', 6, 'ID0010106a', '2020-02-04', NULL, 0),
('ID0010100', 'KC BOJONEGORO', 6, 'ID0010106a', '2020-02-04', NULL, 0),
('ID0010101', 'KCP MOJOKERTO', 6, 'ID0010010a', '2020-02-04', NULL, 0),
('ID0010102', 'KCP SURABAYA AMPEL', 6, 'ID0010010a', '2020-02-04', NULL, 0),
('ID0010103', 'KCP TUBAN', 6, 'ID0010106a', '2020-02-04', NULL, 0),
('ID0010104', 'KCP JOMBANG', 6, 'ID0010010a', '2020-02-04', NULL, 0),
('ID0010105', 'KCP SURABAYA SUNGKONO', 6, 'ID0010010a', '2020-02-04', NULL, 0),
('ID0010106', 'KC SURABAYA JEMUR HANDAYANI', 6, 'ID0010106a', '2020-02-04', NULL, 0),
('ID0010108', 'KCP JAKARTA TANAH ABANG', 3, 'ID0010002a', '2020-02-04', NULL, 0),
('ID0010109', 'KCP JAKARTA CEMPAKA PUTIH', 3, 'ID0010058a', '2020-02-04', NULL, 0),
('ID0010110', 'KCP JAKARTA PASAR BARU', 3, 'ID0010002a', '2020-02-04', NULL, 0),
('ID0010111', 'KC MEULABOH', 1, 'ID0010011a', '2020-02-04', NULL, 0),
('ID0010112', 'KC TEGAL', 5, 'ID0010040a', '2020-02-04', NULL, 0),
('ID0010113', 'KCP PEMALANG', 5, 'ID0010040a', '2020-02-04', NULL, 0),
('ID0010114', 'KCP KLATEN', 5, 'ID0010013a', '2020-02-04', NULL, 0),
('ID0010115', 'KCP SUKOHARJO SOLO BARU', 5, 'ID0010013a', '2020-02-04', NULL, 0),
('ID0010116', 'KCP SRAGEN', 5, 'ID0010013a', '2020-02-04', NULL, 0),
('ID0010117', 'KCP BANGKALAN', 6, 'ID0010106a', '2020-02-04', NULL, 0),
('ID0010118', 'KC BONE', 8, 'ID0010015a', '2020-02-04', NULL, 0),
('ID0010119', 'KCP MAKASSAR PANAKUKKANG', 8, 'ID0010015a', '2020-02-04', NULL, 0),
('ID0010120', 'KCP BULUKUMBA', 8, 'ID0010015a', '2020-02-04', NULL, 0),
('ID0010121', 'KCP PARE PARE', 8, 'ID0010015a', '2020-02-04', NULL, 0),
('ID0010122', 'KCP PALOPO', 8, 'ID0010015a', '2020-02-04', NULL, 0),
('ID0010123', 'KC MARTAPURA', 7, 'ID0010016a', '2020-02-04', NULL, 0),
('ID0010124', 'KCP BANJARMASIN A. YANI', 7, 'ID0010016a', '2020-02-04', NULL, 0),
('ID0010125', 'KCP BATULICIN', 7, 'ID0010016a', '2020-02-04', NULL, 0),
('ID0010126', 'KCP BARABAI', 7, 'ID0010016a', '2020-02-04', NULL, 0),
('ID0010127', 'KC CIBINONG', 3, 'ID0010017a', '2020-02-04', NULL, 0),
('ID0010128', 'KCP BOGOR TAJUR', 3, 'ID0010017a', '2020-02-04', NULL, 0),
('ID0010129', 'KCP BOGOR DRAMAGA', 3, 'ID0010017a', '2020-02-04', NULL, 0),
('ID0010130', 'KCP BOGOR MERDEKA', 3, 'ID0010017a', '2020-02-04', NULL, 0),
('ID0010131', 'KCP BOGOR JALAN BARU', 3, 'ID0010017a', '2020-02-04', NULL, 0),
('ID0010132', 'KCP BOGOR CITEUREUP', 3, 'ID0010017a', '2020-02-04', NULL, 0),
('ID0010133', 'KC TANGERANG CILEDUG', 3, 'ID0010045a', '2020-02-04', NULL, 0),
('ID0010134', 'KCP TANGERANG BSD', 3, 'ID0010018a', '2020-02-04', NULL, 0),
('ID0010135', 'KCP TANGERANG MALABAR', 3, 'ID0010018a', '2020-02-04', NULL, 0),
('ID0010136', 'KCP TANGERANG CIKUPA', 3, 'ID0010018a', '2020-02-04', NULL, 0),
('ID0010137', 'KC PRABUMULIH', 2, 'ID0010019a', '2020-02-04', NULL, 0),
('ID0010138', 'KC BATURAJA', 2, 'ID0010019a', '2020-02-04', NULL, 0),
('ID0010139', 'KC PALEMBANG PASAR 16 ILIR', 2, 'ID0010019a', '2020-02-04', NULL, 0),
('ID0010140', 'KC PALEMBANG SIMPANG PATAL', 2, 'ID0010019a', '2020-02-04', NULL, 0),
('ID0010141', 'KCP LUBUK LINGGAU', 2, 'ID0010019a', '2020-02-04', NULL, 0),
('ID0010142', 'KC SERANG', 3, 'ID0010018a', '2020-02-04', NULL, 0),
('ID0010143', 'KCP LEBAK BANTEN', 3, 'ID0010018a', '2020-02-04', NULL, 0),
('ID0010144', 'KC JAKARTA MANGGA DUA', 3, 'ID0010002a', '2020-02-04', NULL, 0),
('ID0010145', 'KCP JAKARTA KRAMAT JAYA', 3, 'ID0010058a', '2020-02-04', NULL, 0),
('ID0010146', 'KCP JAKARTA SUNTER', 3, 'ID0010058a', '2020-02-04', NULL, 0),
('ID0010147', 'KC PEKANBARU HARAPAN RAYA', 1, 'ID0010022a', '2020-02-04', NULL, 0),
('ID0010148', 'KCP PEKANBARU PANAM', 1, 'ID0010022a', '2020-02-04', NULL, 0),
('ID0010149', 'KCP PANGKALAN KERINCI', 1, 'ID0010022a', '2020-02-04', NULL, 0),
('ID0010150', 'KCP TEMBILAHAN', 1, 'ID0010022a', '2020-02-04', NULL, 0),
('ID0010151', 'KCP KUNINGAN', 4, 'ID0010024a', '2020-02-04', NULL, 0),
('ID0010152', 'KCP INDRAMAYU JATIBARANG', 4, 'ID0010024a', '2020-02-04', NULL, 0),
('ID0010153', 'KCP MAJALENGKA', 4, 'ID0010024a', '2020-02-04', NULL, 0),
('ID0010154', 'KCP BLANGPIDIE', 1, 'ID0010011a', '2020-02-04', NULL, 0),
('ID0010155', 'KC KETAPANG', 7, 'ID0010026a', '2020-02-04', NULL, 0),
('ID0010156', 'KCP SINTANG', 7, 'ID0010026a', '2020-02-04', NULL, 0),
('ID0010157', 'KCP SOLOK', 2, 'ID0010027a', '2020-02-04', NULL, 0),
('ID0010158', 'KCP STABAT', 1, 'ID0010353a', '2020-02-04', NULL, 0),
('ID0010159', 'KCP PANGKALAN BRANDAN', 1, 'ID0010353a', '2020-02-04', NULL, 0),
('ID0010160', 'KCP PASURUAN', 6, 'ID0010028a', '2020-02-04', NULL, 0),
('ID0010161', 'KCP PROBOLINGGO', 6, 'ID0010028a', '2020-02-04', NULL, 0),
('ID0010162', 'KCP MALANG BATU', 6, 'ID0010028a', '2020-02-04', NULL, 0),
('ID0010163', 'KCP YOGYAKARTA KALIURANG', 5, 'ID0010029a', '2020-02-04', NULL, 0),
('ID0010164', 'KCP WONOSARI', 5, 'ID0010029a', '2020-02-04', NULL, 0),
('ID0010165', 'KCP SUMBAWA', 6, 'ID0010053a', '2020-02-04', NULL, 0),
('ID0010166', 'KCP PANCOR', 6, 'ID0010053a', '2020-02-04', NULL, 0),
('ID0010167', 'KCP MUARA BUNGO', 2, 'ID0010032a', '2020-02-04', NULL, 0),
('ID0010168', 'KCP JAMBI SIPIN', 2, 'ID0010032a', '2020-02-04', NULL, 0),
('ID0010169', 'KC JAKARTA JATINEGARA', 3, 'ID0010002a', '2020-02-04', NULL, 0),
('ID0010170', 'KCP JAKARTA RASUNA SAID', 3, 'ID0010002a', '2020-02-04', NULL, 0),
('ID0010171', 'KCP JAKARTA TEBET', 3, 'ID0010002a', '2020-02-04', NULL, 0),
('ID0010172', 'KCP TANJUNG BALAI KARIMUN', 1, 'ID0010034a', '2020-02-04', NULL, 0),
('ID0010173', 'KCP JAKARTA CAKUNG', 3, 'ID0010058a', '2020-02-04', NULL, 0),
('ID0010174', 'KCP JAKARTA PONDOK BAMBU', 3, 'ID0010007a', '2020-02-04', NULL, 0),
('ID0010175', 'KCP JAKARTA KLENDER', 3, 'ID0010058a', '2020-02-04', NULL, 0),
('ID0010176', 'KCP JAKARTA UTAN KAYU', 3, 'ID0010058a', '2020-02-04', NULL, 0),
('ID0010177', 'KCP JAKARTA DEWI SARTIKA', 3, 'ID0010005a', '2020-02-04', NULL, 0),
('ID0010178', 'KC BONTANG', 7, 'ID0010023a', '2020-02-04', NULL, 0),
('ID0010179', 'KCP TARAKAN', 7, 'ID0010023a', '2020-02-04', NULL, 0),
('ID0010180', 'KC BANDAR JAYA', 2, 'ID0010037a', '2020-02-04', NULL, 0),
('ID0010181', 'KC METRO', 2, 'ID0010037a', '2020-02-04', NULL, 0),
('ID0010182', 'KCP PRINGSEWU', 2, 'ID0010037a', '2020-02-04', NULL, 0),
('ID0010183', 'KCP BANDAR LAMPUNG KEDATON', 2, 'ID0010037a', '2020-02-04', NULL, 0),
('ID0010184', 'KC LUWUK', 8, 'ID0010038a', '2020-02-04', NULL, 0),
('ID0010185', 'KCP PARIGI MOUTONG', 8, 'ID0010038a', '2020-02-04', NULL, 0),
('ID0010186', 'KC PAYAKUMBUH', 2, 'ID0010027a', '2020-02-04', NULL, 0),
('ID0010187', 'KC KUDUS', 5, 'ID0010040a', '2020-02-04', NULL, 0),
('ID0010188', 'KCP UNGARAN', 5, 'ID0010040a', '2020-02-04', NULL, 0),
('ID0010189', 'KCP MAGELANG', 5, 'ID0010040a', '2020-02-04', NULL, 0),
('ID0010190', 'KCP CIAMIS', 4, 'ID0010024a', '2020-02-04', NULL, 0),
('ID0010191', 'KCP PANYABUNGAN', 1, 'ID0010049a', '2020-02-04', NULL, 0),
('ID0010192', 'KCP SIBUHUAN', 1, 'ID0010049a', '2020-02-04', NULL, 0),
('ID0010193', 'KC DURI', 1, 'ID0010022a', '2020-02-04', NULL, 0),
('ID0010194', 'KCP BAGAN BATU', 1, 'ID0010022a', '2020-02-04', NULL, 0),
('ID0010195', 'KCP JAKARTA KEDOYA', 3, 'ID0010045a', '2020-02-04', NULL, 0),
('ID0010196', 'KCP JAKARTA TANJUNG DUREN', 3, 'ID0010045a', '2020-02-04', NULL, 0),
('ID0010197', 'KCP JAKARTA DURI KOSAMBI', 3, 'ID0010045a', '2020-02-04', NULL, 0),
('ID0010198', 'KCP DEPOK MARGONDA', 3, 'ID0010017a', '2020-02-04', NULL, 0),
('ID0010199', 'KCP DEPOK CIMANGGIS', 3, 'ID0010017a', '2020-02-04', NULL, 0),
('ID0010200', 'KCP DEPOK SAWANGAN', 3, 'ID0010017a', '2020-02-04', NULL, 0),
('ID0010201', 'KCP DEPOK DUA', 3, 'ID0010017a', '2020-02-04', NULL, 0),
('ID0010202', 'KCP TULUNGAGUNG', 6, 'ID0010028a', '2020-02-04', NULL, 0),
('ID0010203', 'KC MADIUN', 6, 'ID0010028a', '2020-02-04', NULL, 0),
('ID0010204', 'KCP KISARAN', 1, 'ID0010049a', '2020-02-04', NULL, 0),
('ID0010205', 'KCP SIMALUNGUN PERDAGANGAN', 1, 'ID0010049a', '2020-02-04', NULL, 0),
('ID0010206', 'KCP TANJUNG BALAI', 1, 'ID0010049a', '2020-02-04', NULL, 0),
('ID0010207', 'KCP SUBANG', 4, 'ID0010357a', '2020-02-04', NULL, 0),
('ID0010208', 'KCP BULELENG', 6, 'ID0010053a', '2020-02-04', NULL, 0),
('ID0010209', 'KCP CURUP', 2, 'ID0010032a', '2020-02-04', NULL, 0),
('ID0010210', 'KCP BIREUEN', 1, 'ID0010011a', '2020-02-04', NULL, 0),
('ID0010211', 'KC CILACAP', 5, 'ID0010029a', '2020-02-04', NULL, 0),
('ID0010212', 'KCP JAKARTA RAWASARI', 3, 'ID0010058a', '2020-02-04', NULL, 0),
('ID0010213', 'KCP MEDAN PETISAH', 1, 'ID0010353a', '2020-02-04', NULL, 0),
('ID0010214', 'KCP MEDAN SIMPANG LIMUN', 1, 'ID0010008a', '2020-02-04', NULL, 0),
('ID0010215', 'KCP SIGLI', 1, 'ID0010011a', '2020-02-04', NULL, 0),
('ID0010216', 'KCP ACEH DARUSSALAM', 1, 'ID0010011a', '2020-02-04', NULL, 0),
('ID0010217', 'KCP JANTHO', 1, 'ID0010011a', '2020-02-04', NULL, 0),
('ID0010218', 'KCP SUBULUSSALAM', 1, 'ID0010011a', '2020-02-04', NULL, 0),
('ID0010219', 'KCP RIMO', 1, 'ID0010011a', '2020-02-04', NULL, 0),
('ID0010220', 'KCP PADANG ULAK KARANG', 2, 'ID0010027a', '2020-02-04', NULL, 0),
('ID0010221', 'KCP PADANG BANDAR BUAT', 2, 'ID0010027a', '2020-02-04', NULL, 0),
('ID0010222', 'KCP PADANG PARIAMAN', 2, 'ID0010027a', '2020-02-04', NULL, 0),
('ID0010223', 'KCP KOTA PINANG', 1, 'ID0010049a', '2020-02-04', NULL, 0),
('ID0010224', 'KCP BATAMINDO', 1, 'ID0010034a', '2020-02-04', NULL, 0),
('ID0010225', 'KCP PADANG PANJANG', 2, 'ID0010027a', '2020-02-04', NULL, 0),
('ID0010226', 'KCP PASAMAN BARAT', 2, 'ID0010027a', '2020-02-04', NULL, 0),
('ID0010227', 'KCP BENGKALIS', 1, 'ID0010022a', '2020-02-04', NULL, 0),
('ID0010228', 'KCP TANJUNG UBAN', 1, 'ID0010034a', '2020-02-04', NULL, 0),
('ID0010229', 'KCP JAKARTA PANGLIMA POLIM', 3, 'ID0010004a', '2020-02-04', NULL, 0),
('ID0010230', 'KCP TANGERANG CIMONE', 3, 'ID0010018a', '2020-02-04', NULL, 0),
('ID0010231', 'KCP JAKARTA MUARA KARANG', 3, 'ID0010058a', '2020-02-04', NULL, 0),
('ID0010232', 'KCP JAKARTA KALIDERES', 3, 'ID0010045a', '2020-02-04', NULL, 0),
('ID0010233', 'KCP JAKARTA GADING ORCHARD', 3, 'ID0010058a', '2020-02-04', NULL, 0),
('ID0010234', 'KCP BOYOLALI', 5, 'ID0010013a', '2020-02-04', NULL, 0),
('ID0010235', 'KCP KARANGANYAR PALUR', 5, 'ID0010013a', '2020-02-04', NULL, 0),
('ID0010236', 'KCP SURAKARTA PASAR KLIWON', 5, 'ID0010013a', '2020-02-04', NULL, 0),
('ID0010237', 'KCP SUKOHARJO KARTASURA', 5, 'ID0010013a', '2020-02-04', NULL, 0),
('ID0010238', 'KCP WONOGIRI', 5, 'ID0010013a', '2020-02-04', NULL, 0),
('ID0010239', 'KCP PALEMBANG RADIAL', 2, 'ID0010019a', '2020-02-04', NULL, 0),
('ID0010240', 'KCP PALEMBANG KM 6', 2, 'ID0010019a', '2020-02-04', NULL, 0),
('ID0010241', 'KCP CIREBON PLERED', 4, 'ID0010024a', '2020-02-04', NULL, 0),
('ID0010242', 'KCP NANGA PINOH', 7, 'ID0010026a', '2020-02-04', NULL, 0),
('ID0010243', 'KCP YOGYAKARTA KATAMSO', 5, 'ID0010029a', '2020-02-04', NULL, 0),
('ID0010244', 'KCP AMBARUKMO', 5, 'ID0010029a', '2020-02-04', NULL, 0),
('ID0010245', 'KCP GODEAN', 5, 'ID0010029a', '2020-02-04', NULL, 0),
('ID0010246', 'KCP SEMARANG KARANGAYU', 5, 'ID0010040a', '2020-02-04', NULL, 0),
('ID0010247', 'KCP BANJAR', 4, 'ID0010024a', '2020-02-04', NULL, 0),
('ID0010248', 'KCP PURBALINGGA', 5, 'ID0010029a', '2020-02-04', NULL, 0),
('ID0010250', 'KCP SURABAYA WIYUNG', 6, 'ID0010010a', '2020-02-04', NULL, 0),
('ID0010251', 'KCP SURABAYA DHARMAHUSADA', 6, 'ID0010010a', '2020-02-04', NULL, 0),
('ID0010253', 'KCP BANJARMASIN PS. CEMPAKA', 7, 'ID0010016a', '2020-02-04', NULL, 0),
('ID0010254', 'KCP BANJARMASIN SENTRA ANTASARI', 7, 'ID0010016a', '2020-02-04', NULL, 0),
('ID0010255', 'KCP KEPANJEN', 6, 'ID0010028a', '2020-02-04', NULL, 0),
('ID0010256', 'KCP KEDIRI PARE', 6, 'ID0010028a', '2020-02-04', NULL, 0),
('ID0010257', 'KCP BITUNG', 8, 'ID0010038a', '2020-02-04', NULL, 0),
('ID0010258', 'KC SORONG', 8, 'ID0010054a', '2020-02-04', NULL, 0),
('ID0010259', 'KC KUPANG', 6, 'ID0010053a', '2020-02-04', NULL, 0),
('ID0010260', 'KCP JAKARTA KEMANG', 3, 'ID0010005a', '2020-02-04', NULL, 0),
('ID0010261', 'KCP JAKARTA CIRACAS', 3, 'ID0010005a', '2020-02-04', NULL, 0),
('ID0010262', 'KCP TANGERANG CIRENDEU', 3, 'ID0010005a', '2020-02-04', NULL, 0),
('ID0010263', 'KCP BEKASI KEMANG PRATAMA', 3, 'ID0010007a', '2020-02-04', NULL, 0),
('ID0010264', 'KCP CIKARANG JABABEKA', 3, 'ID0010007a', '2020-02-04', NULL, 0),
('ID0010265', 'KCP BEKASI KALIMALANG', 3, 'ID0010007a', '2020-02-04', NULL, 0),
('ID0010266', 'KCP MEDAN KRAKATAU', 1, 'ID0010008a', '2020-02-04', NULL, 0),
('ID0010267', 'KCP MEDAN BELAWAN', 1, 'ID0010353a', '2020-02-04', NULL, 0),
('ID0010268', 'KCP MEDAN TOMANG ELOK', 1, 'ID0010353a', '2020-02-04', NULL, 0),
('ID0010269', 'KCP MEDAN ISKANDAR MUDA', 1, 'ID0010353a', '2020-02-04', NULL, 0),
('ID0010270', 'KCP MEDAN PULO BRAYAN', 1, 'ID0010008a', '2020-02-04', NULL, 0),
('ID0010271', 'KCP CIPANAS', 4, 'ID0010357a', '2020-02-04', NULL, 0),
('ID0010272', 'KCP BANDUNG PAJAJARAN', 4, 'ID0010009a', '2020-02-04', NULL, 0),
('ID0010273', 'KCP SURABAYA TANJUNG PERAK', 6, 'ID0010010a', '2020-02-04', NULL, 0),
('ID0010275', 'KCP JAKARTA CIKINI', 3, 'ID0010002a', '2020-02-04', NULL, 0),
('ID0010276', 'KCP JAKARTA GAJAH MADA', 3, 'ID0010002a', '2020-02-04', NULL, 0),
('ID0010277', 'KCP CALANG', 1, 'ID0010011a', '2020-02-04', NULL, 0),
('ID0010278', 'KCP MEUREUDU', 1, 'ID0010011a', '2020-02-04', NULL, 0),
('ID0010280', 'KCP BATANG', 5, 'ID0010040a', '2020-02-04', NULL, 0),
('ID0010281', 'KCP SOLO URIP SUMOHARJO', 5, 'ID0010013a', '2020-02-04', NULL, 0),
('ID0010282', 'KCP SUMENEP', 6, 'ID0010106a', '2020-02-04', NULL, 0),
('ID0010283', 'KCP SAMPANG', 6, 'ID0010106a', '2020-02-04', NULL, 0),
('ID0010284', 'KCP SENGKANG', 8, 'ID0010015a', '2020-02-04', NULL, 0),
('ID0010285', 'KCP MAKASSAR TAMALANREA', 8, 'ID0010015a', '2020-02-04', NULL, 0),
('ID0010286', 'KCP PELAIHARI', 7, 'ID0010016a', '2020-02-04', NULL, 0),
('ID0010287', 'KCP KOTABARU', 7, 'ID0010016a', '2020-02-04', NULL, 0),
('ID0010288', 'KCP BOGOR POMAD', 3, 'ID0010017a', '2020-02-04', NULL, 0),
('ID0010289', 'KCP TANGERANG BALARAJA', 3, 'ID0010018a', '2020-02-04', NULL, 0),
('ID0010290', 'KCP KAYU AGUNG', 2, 'ID0010019a', '2020-02-04', NULL, 0),
('ID0010291', 'KCP SUNGAI LILIN', 2, 'ID0010019a', '2020-02-04', NULL, 0),
('ID0010292', 'KCP LABUAN', 3, 'ID0010018a', '2020-02-04', NULL, 0),
('ID0010293', 'KCP UJUNG BATU', 1, 'ID0010022a', '2020-02-04', NULL, 0),
('ID0010294', 'KCP PEKANBARU NANGKA', 1, 'ID0010022a', '2020-02-04', NULL, 0),
('ID0010295', 'KCP BALIKPAPAN SEPINGGAN', 7, 'ID0010023a', '2020-02-04', NULL, 0),
('ID0010296', 'KCP BALIKPAPAN BARU', 7, 'ID0010023a', '2020-02-04', NULL, 0),
('ID0010297', 'KCP INDRAMAYU', 4, 'ID0010024a', '2020-02-04', NULL, 0),
('ID0010298', 'KCP CIREBON CILEDUG', 4, 'ID0010024a', '2020-02-04', NULL, 0),
('ID0010299', 'KCP PONTIANAK KOTA', 7, 'ID0010026a', '2020-02-04', NULL, 0),
('ID0010300', 'KCP PULAU PUNJUNG', 2, 'ID0010027a', '2020-02-04', NULL, 0),
('ID0010302', 'KCP PANDAAN', 6, 'ID0010028a', '2020-02-04', NULL, 0),
('ID0010303', 'KCP LUMAJANG', 6, 'ID0010051a', '2020-02-04', NULL, 0),
('ID0010304', 'KCP LAWANG', 6, 'ID0010028a', '2020-02-04', NULL, 0),
('ID0010305', 'KCP YOGYAKARTA KOTAGEDE', 5, 'ID0010029a', '2020-02-04', NULL, 0),
('ID0010306', 'KCP AEK KANOPAN', 1, 'ID0010049a', '2020-02-04', NULL, 0),
('ID0010307', 'KCP KRIAN', 6, 'ID0010010a', '2020-02-04', NULL, 0),
('ID0010308', 'KCP PRAYA', 6, 'ID0010053a', '2020-02-04', NULL, 0),
('ID0010309', 'KCP BIMA', 6, 'ID0010053a', '2020-02-04', NULL, 0),
('ID0010310', 'KCP SAROLANGUN', 2, 'ID0010032a', '2020-02-04', NULL, 0),
('ID0010311', 'KCP JAKARTA MEGA KUNINGAN', 3, 'ID0010002a', '2020-02-04', NULL, 0),
('ID0010312', 'KCP BATAM BATU AJI', 1, 'ID0010034a', '2020-02-04', NULL, 0),
('ID0010313', 'KCP BATAM CENTER', 1, 'ID0010034a', '2020-02-04', NULL, 0),
('ID0010314', 'KCP JAKARTA PULO GADUNG', 3, 'ID0010058a', '2020-02-04', NULL, 0),
('ID0010315', 'KCP PAHLAWAN', 7, 'ID0010023a', '2020-02-04', NULL, 0),
('ID0010316', 'KCP UNIT 2 TULANG BAWANG', 2, 'ID0010037a', '2020-02-04', NULL, 0),
('ID0010317', 'KCP PALU PLAZA', 8, 'ID0010038a', '2020-02-04', NULL, 0),
('ID0010318', 'KCP MOROWALI', 8, 'ID0010038a', '2020-02-04', NULL, 0),
('ID0010319', 'KCP LAMONGAN', 6, 'ID0010106a', '2020-02-04', NULL, 0),
('ID0010320', 'KCP LUBUK BASUNG', 2, 'ID0010027a', '2020-02-04', NULL, 0),
('ID0010321', 'KCP SEMARANG TIMUR', 5, 'ID0010040a', '2020-02-04', NULL, 0),
('ID0010322', 'KCP PURWODADI', 5, 'ID0010040a', '2020-02-04', NULL, 0),
('ID0010323', 'KCP TEMANGGUNG', 5, 'ID0010040a', '2020-02-04', NULL, 0),
('ID0010324', 'KCP GOMBONG', 5, 'ID0010040a', '2020-02-04', NULL, 0),
('ID0010325', 'KCP CIAWI', 4, 'ID0010024a', '2020-02-04', NULL, 0),
('ID0010326', 'KCP SANGATTA', 7, 'ID0010023a', '2020-02-04', NULL, 0),
('ID0010327', 'KCP GUNUNG TUA', 1, 'ID0010049a', '2020-02-04', NULL, 0),
('ID0010328', 'KCP SIPIROK', 1, 'ID0010049a', '2020-02-04', NULL, 0),
('ID0010329', 'KCP DEPOK KELAPA DUA', 3, 'ID0010017a', '2020-02-04', NULL, 0),
('ID0010330', 'KCP DEPOK NUSANTARA', 3, 'ID0010017a', '2020-02-04', NULL, 0),
('ID0010331', 'KCP NGANJUK', 6, 'ID0010028a', '2020-02-04', NULL, 0),
('ID0010332', 'KCP JAKARTA KEBAYORAN LAMA', 3, 'ID0010004a', '2020-02-04', NULL, 0),
('ID0010333', 'KCP INDRAPURA', 1, 'ID0010049a', '2020-02-04', NULL, 0),
('ID0010334', 'KCP SUBANG PAMANUKAN', 4, 'ID0010357a', '2020-02-04', NULL, 0),
('ID0010335', 'KCP LAHAT', 2, 'ID0010019a', '2020-02-04', NULL, 0),
('ID0010336', 'KCP CICURUG', 4, 'ID0010357a', '2020-02-04', NULL, 0),
('ID0010337', 'KCP BONDOWOSO', 6, 'ID0010051a', '2020-02-04', NULL, 0),
('ID0010338', 'KCP SITUBONDO', 6, 'ID0010051a', '2020-02-04', NULL, 0),
('ID0010339', 'KCP JEMBER BALUNG', 6, 'ID0010051a', '2020-02-04', NULL, 0),
('ID0010340', 'KCP DENPASAR RENON', 6, 'ID0010053a', '2020-02-04', NULL, 0),
('ID0010341', 'KCP BELITANG', 2, 'ID0010019a', '2020-02-04', NULL, 0),
('ID0010342', 'KCP NATUNA', 1, 'ID0010034a', '2020-02-04', NULL, 0),
('ID0010343', 'KCP TANGERANG BINTARO SEKTOR III', 3, 'ID0010004a', '2020-02-04', NULL, 0),
('ID0010344', 'KCP JAYAPURA ABEPURA', 8, 'ID0010054a', '2020-02-04', NULL, 0),
('ID0010346', 'KCP KUALA SIMPANG', 1, 'ID0010011a', '2020-02-04', NULL, 0),
('ID0010347', 'KCP SERANG CIKANDE', 3, 'ID0010018a', '2020-02-04', NULL, 0),
('ID0010348', 'KCP BANJARNEGARA', 5, 'ID0010029a', '2020-02-04', NULL, 0),
('ID0010349', 'KCP BREBES', 5, 'ID0010040a', '2020-02-04', NULL, 0),
('ID0010350', 'KCP PONOROGO', 6, 'ID0010028a', '2020-02-04', NULL, 0),
('ID0010351', 'KCP GENTENG', 6, 'ID0010051a', '2020-02-04', NULL, 0),
('ID0010352', 'KCP TANJUNG PANDAN', 2, 'ID0010019a', '2020-02-04', NULL, 0),
('ID0010353', 'KC MEDAN GAJAH MADA', 1, 'ID0010353a', '2020-02-04', NULL, 0),
('ID0010354', 'KC AMBON', 8, 'ID0010015a', '2020-02-04', NULL, 0),
('ID0010356', 'KC SIBOLGA', 1, 'ID0010049a', '2020-02-04', NULL, 0),
('ID0010357', 'KC BANDUNG AHMAD YANI', 4, 'ID0010357a', '2020-02-04', NULL, 0),
('ID0010358', 'KCP BANDUNG METRO MARGAHAYU', 4, 'ID0010009a', '2020-02-04', NULL, 0),
('ID0010359', 'KCP BANDUNG UJUNG BERUNG', 4, 'ID0010009a', '2020-02-04', NULL, 0),
('ID0010360', 'KCP BANDUNG RANCAEKEK', 4, 'ID0010009a', '2020-02-04', NULL, 0),
('ID0010361', 'KC LUBUK PAKAM', 1, 'ID0010008a', '2020-02-04', NULL, 0),
('ID0010363', 'KC JAKARTA CENGKARENG', 3, 'ID0010045a', '2020-02-04', NULL, 0),
('ID0010365', 'KC LHOKSEUMAWE', 1, 'ID0010011a', '2020-02-04', NULL, 0),
('ID0010366', 'KC KENDARI', 8, 'ID0010015a', '2020-02-04', NULL, 0),
('ID0010367', 'KC PATI', 5, 'ID0010040a', '2020-02-04', NULL, 0),
('ID0010368', 'KC PANGKALAN BUN', 7, 'ID0010016a', '2020-02-04', NULL, 0),
('ID0010370', 'KC SAMBAS', 7, 'ID0010026a', '2020-02-04', NULL, 0),
('ID0010372', 'KC JAKARTA KALIBATA', 3, 'ID0010005a', '2020-02-04', NULL, 0),
('ID0010373', 'KC SALATIGA', 5, 'ID0010040a', '2020-02-04', NULL, 0),
('ID0010374', 'KC BLITAR', 6, 'ID0010028a', '2020-02-04', NULL, 0),
('ID0010376', 'KC JAKARTA HAYAM WURUK', 3, 'ID0010018a', '2020-02-04', NULL, 0),
('ID0010377', 'KC TANJUNG', 7, 'ID0010016a', '2020-02-04', NULL, 0),
('ID0010378', 'KC KENDAL', 5, 'ID0010040a', '2020-02-04', NULL, 0),
('ID0010379', 'KC JAKARTA SUDIRMAN', 3, 'ID0010002a', '2020-02-04', NULL, 0),
('ID0010385', 'KCP BATUSANGKAR', 2, 'ID0010027a', '2020-02-04', NULL, 0),
('ID0010386', 'KCP DEPOK FMIPA - UI', 3, 'ID0010017a', '2020-02-04', NULL, 0),
('ID0010391', 'KCP JAKARTA PLAZA MANDIRI', 3, 'ID0010004a', '2020-02-04', NULL, 0),
('ID0010392', 'KCP JAKARTA TOMANG', 3, 'ID0010045a', '2020-02-04', NULL, 0),
('ID0010395', 'KCP JAYAPURA SENTANI', 8, 'ID0010054a', '2020-02-04', NULL, 0),
('ID0010397', 'KCP KUTA', 6, 'ID0010053a', '2020-02-04', NULL, 0),
('ID0010398', 'KCP MANADO PASAR 45', 8, 'ID0010038a', '2020-02-04', NULL, 0),
('ID0010401', 'KCP PANDEGLANG', 3, 'ID0010018a', '2020-02-04', NULL, 0),
('ID0010403', 'KCP PONTIANAK AHMAD YANI', 7, 'ID0010026a', '2020-02-04', NULL, 0),
('ID0010406', 'KCP SURAKARTA PASAR KLEWER', 5, 'ID0010013a', '2020-02-04', NULL, 0),
('ID0010410', 'KCP BALIKPAPAN KEBUN SAYUR', 7, 'ID0010023a', '2020-02-04', NULL, 0),
('ID0010411', 'KCP BANDAR LAMPUNG TELUK BETUNG', 2, 'ID0010037a', '2020-02-04', NULL, 0),
('ID0010414', 'KCP BANDUNG MOH. TOHA', 4, 'ID0010009a', '2020-02-04', NULL, 0),
('ID0010417', 'KCP BATAM BENGKONG', 1, 'ID0010034a', '2020-02-04', NULL, 0),
('ID0010420', 'KCP BOGOR SUDIRMAN', 3, 'ID0010017a', '2020-02-04', NULL, 0),
('ID0010421', 'KCP CIREBON SILIWANGI', 4, 'ID0010024a', '2020-02-04', NULL, 0),
('ID0010422', 'KCP JAKARTA GANDARIA', 3, 'ID0010005a', '2020-02-04', NULL, 0),
('ID0010423', 'KCP DUMAI SUKAJADI', 1, 'ID0010022a', '2020-02-04', NULL, 0),
('ID0010429', 'KCP JAKARTA MENTENG', 3, 'ID0010002a', '2020-02-04', NULL, 0),
('ID0010430', 'KCP JAKARTA JATINEGARA TIMUR', 3, 'ID0010005a', '2020-02-04', NULL, 0),
('ID0010432', 'KCP JAKARTA PONDOK PINANG', 3, 'ID0010004a', '2020-02-04', NULL, 0),
('ID0010433', 'KCP JAKARTA PANGKALAN JATI', 3, 'ID0010007a', '2020-02-04', NULL, 0),
('ID0010434', 'KCP JAKARTA PS. REBO', 3, 'ID0010005a', '2020-02-04', NULL, 0),
('ID0010435', 'KCP JAKARTA S. PARMAN', 3, 'ID0010045a', '2020-02-04', NULL, 0),
('ID0010437', 'KCP JAMBI JELUTUNG', 2, 'ID0010032a', '2020-02-04', NULL, 0),
('ID0010440', 'KCP MAKASSAR AHMAD YANI', 8, 'ID0010015a', '2020-02-04', NULL, 0),
('ID0010442', 'KCP BATANG TORU', 1, 'ID0010049a', '2020-02-04', NULL, 0),
('ID0010443', 'KCP PALEMBANG VETERAN', 2, 'ID0010019a', '2020-02-04', NULL, 0),
('ID0010444', 'KCP PALU TADULAKO', 8, 'ID0010038a', '2020-02-04', NULL, 0),
('ID0010446', 'KCP PEKANBARU SUDIRMAN', 1, 'ID0010022a', '2020-02-04', NULL, 0),
('ID0010447', 'KCP PONTIANAK SUNGAI JAWI', 7, 'ID0010026a', '2020-02-04', NULL, 0),
('ID0010450', 'KCP SAMARINDA HASAN BASRI', 7, 'ID0010023a', '2020-02-04', NULL, 0),
('ID0010451', 'KCP SEMARANG MT. HARYONO', 5, 'ID0010040a', '2020-02-04', NULL, 0),
('ID0010453', 'KCP SOLO NUSUKAN', 5, 'ID0010013a', '2020-02-04', NULL, 0),
('ID0010454', 'KCP SURABAYA KLAMPIS', 6, 'ID0010106a', '2020-02-04', NULL, 0),
('ID0010455', 'KCP SURABAYA JEMBATAN MERAH', 6, 'ID0010010a', '2020-02-04', NULL, 0),
('ID0010460', 'KCP TEGAL ADIWERNA', 5, 'ID0010040a', '2020-02-04', NULL, 0),
('ID0010462', 'KC SAMPIT', 7, 'ID0010016a', '2020-02-04', NULL, 0),
('ID0010463', 'KCP JAKARTA RADIO DALAM', 3, 'ID0010004a', '2020-02-04', NULL, 0),
('ID0010464', 'KCP KOTAMOBAGU', 8, 'ID0010038a', '2020-02-04', NULL, 0),
('ID0010465', 'KCP LUBUK SIKAPING', 2, 'ID0010027a', '2020-02-04', NULL, 0),
('ID0010466', 'KCP MAROS', 8, 'ID0010015a', '2020-02-04', NULL, 0),
('ID0010467', 'KCP NGAWI', 6, 'ID0010028a', '2020-02-04', NULL, 0),
('ID0010475', 'KCP BINTAN CENTER', 1, 'ID0010034a', '2020-02-04', NULL, 0),
('ID0010477', 'KCP UJUNG TANJUNG', 1, 'ID0010022a', '2020-02-04', NULL, 0),
('ID0010478', 'KCP CILACAP MAJENANG', 5, 'ID0010029a', '2020-02-04', NULL, 0),
('ID0010479', 'KCP KAPUAS', 7, 'ID0010016a', '2020-02-04', NULL, 0),
('ID0010481', 'KCP KAMPUNG PAJAK', 1, 'ID0010049a', '2020-02-04', NULL, 0),
('ID0010484', 'KCP TELUK KUANTAN', 1, 'ID0010022a', '2020-02-04', NULL, 0),
('ID0010486', 'KCP MEDAN MARELAN RAYA', 1, 'ID0010353a', '2020-02-04', NULL, 0),
('ID0010488', 'KCP SUKABUMI SURADE', 4, 'ID0010357a', '2020-02-04', NULL, 0),
('ID0010489', 'KCP KALIANDA', 2, 'ID0010037a', '2020-02-04', NULL, 0),
('ID0010490', 'KCP KOTABUMI', 2, 'ID0010037a', '2020-02-04', NULL, 0),
('ID0010491', 'KCP KETAPANG MANIS MATA', 7, 'ID0010026a', '2020-02-04', NULL, 0),
('ID0010492', 'KCP SURABAYA KEDUNGDORO', 6, 'ID0010010a', '2020-02-04', NULL, 0),
('ID0010495', 'KCP ACEH ULEE KARENG', 1, 'ID0010011a', '2020-02-04', NULL, 0),
('ID0010496', 'KCP PAINAN', 2, 'ID0010027a', '2020-02-04', NULL, 0),
('ID0010497', 'KCP SIDOARJO WARU', 6, 'ID0010010a', '2020-02-04', NULL, 0),
('ID0010498', 'KCP BOJONEGORO SUMBERREJO', 6, 'ID0010106a', '2020-02-04', NULL, 0),
('ID0010499', 'KCP DENPASAR WR SUPRATMAN', 6, 'ID0010053a', '2020-02-04', NULL, 0),
('ID0010501', 'KCP SURABAYA UNIVERSITAS AIRLANGGA', 6, 'ID0010010a', '2020-02-04', NULL, 0),
('ID0010504', 'KCP BANGKINANG', 1, 'ID0010022a', '2020-02-04', NULL, 0),
('ID0010507', 'KCP MEDAN SUKARAMAI', 1, 'ID0010008a', '2020-02-04', NULL, 0),
('ID0010508', 'KCP FLAMBOYAN', 1, 'ID0010022a', '2020-02-04', NULL, 0),
('ID0010509', 'KCP BEKASI HARAPAN INDAH', 3, 'ID0010007a', '2020-02-04', NULL, 0),
('ID0010511', 'KCP TOLITOLI', 8, 'ID0010038a', '2020-02-04', NULL, 0),
('ID0010512', 'KCP MALANG SOEKARNO HATTA', 6, 'ID0010028a', '2020-02-04', NULL, 0),
('ID0010515', 'KCP BEKASI JATIASIH', 3, 'ID0010007a', '2020-02-04', NULL, 0),
('ID0010516', 'KCP BEKASI JATIBENING', 3, 'ID0010007a', '2020-02-04', NULL, 0),
('ID0010517', 'KCP JAKARTA JOGLO', 3, 'ID0010045a', '2020-02-04', NULL, 0),
('ID0010520', 'KCP JAKARTA PECENONGAN', 3, 'ID0010002a', '2020-02-04', NULL, 0),
('ID0010522', 'KCP TANGERANG GRAHA RAYA', 3, 'ID0010018a', '2020-02-04', NULL, 0),
('ID0010523', 'KCP JAKARTA SIMPRUG', 3, 'ID0010045a', '2020-02-04', NULL, 0),
('ID0010525', 'KCP SANGGAU', 7, 'ID0010026a', '2020-02-04', NULL, 0),
('ID0010527', 'KCP KUALA TUNGKAL', 2, 'ID0010032a', '2020-02-04', NULL, 0),
('ID0010528', 'KCP SURABAYA RUNGKUT', 6, 'ID0010106a', '2020-02-04', NULL, 0),
('ID0010529', 'KCP TRENGGALEK', 6, 'ID0010028a', '2020-02-04', NULL, 0),
('ID0010532', 'KCP AMUNTAI', 7, 'ID0010016a', '2020-02-04', NULL, 0),
('ID0010535', 'KCP KUTAI SENDAWAR', 7, 'ID0010023a', '2020-02-04', NULL, 0),
('ID0010536', 'KCP PALU BASUKI RAHMAT', 8, 'ID0010038a', '2020-02-04', NULL, 0),
('ID0010538', 'KCP BUKITTINGGI PASAR AUR', 2, 'ID0010027a', '2020-02-04', NULL, 0),
('ID0010539', 'KC KABANJAHE', 1, 'ID0010353a', '2020-02-04', NULL, 0),
('ID0010541', 'KCP PENAJAM', 7, 'ID0010023a', '2020-02-04', NULL, 0),
('ID0010542', 'KCP POLEWALI', 8, 'ID0010015a', '2020-02-04', NULL, 0),
('ID0010544', 'KCP MEDAN MUCHTAR BASRI', 1, 'ID0010008a', '2020-02-04', NULL, 0),
('ID0010545', 'KCP MEDAN PADANG BULAN', 1, 'ID0010008a', '2020-02-04', NULL, 0),
('ID0010546', 'KCP SELAT PANJANG', 1, 'ID0010022a', '2020-02-04', NULL, 0),
('ID0010548', 'KC SINGKAWANG', 7, 'ID0010026a', '2020-02-04', NULL, 0),
('ID0010549', 'KCP BAGAN SIAPIAPI', 1, 'ID0010022a', '2020-02-04', NULL, 0),
('ID0010550', 'KCP RENGAT', 1, 'ID0010022a', '2020-02-04', NULL, 0),
('ID0010551', 'KCP JAKARTA SULTAN ISKANDAR MUDA', 3, 'ID0010004a', '2020-02-04', NULL, 0),
('ID0010552', 'KCP BOGOR SENTUL', 3, 'ID0010017a', '2020-02-04', NULL, 0),
('ID0010553', 'KCP JAKARTA CIPINANG JAYA', 3, 'ID0010058a', '2020-02-04', NULL, 0),
('ID0010556', 'KCP GARUT KADUNGORA', 4, 'ID0010009a', '2020-02-04', NULL, 0),
('ID0010558', 'KCP JEPARA', 5, 'ID0010040a', '2020-02-04', NULL, 0),
('ID0010559', 'KCP TANJUNG ENIM', 2, 'ID0010019a', '2020-02-04', NULL, 0),
('ID0010560', 'KCP INDRAMAYU PATROL', 4, 'ID0010024a', '2020-02-04', NULL, 0),
('ID0010561', 'KCP SABANG', 1, 'ID0010011a', '2020-02-04', NULL, 0),
('ID0010568', 'KCP ANAMBAS', 1, 'ID0010034a', '2020-02-04', NULL, 0),
('ID0010571', 'KCP JAKARTA KRAMAT RAYA', 3, 'ID0010002a', '2020-02-04', NULL, 0),
('ID0010573', 'KCP CIMAHI BAROS', 4, 'ID0010357a', '2020-02-04', NULL, 0),
('ID0010574', 'KCP BANDUNG ANTAPANI', 4, 'ID0010009a', '2020-02-04', NULL, 0),
('ID0010576', 'KCP SAMARINDA SUDIRMAN', 7, 'ID0010023a', '2020-02-04', NULL, 0),
('ID0010577', 'KCP YOGYAKARTA WIROBRAJAN', 5, 'ID0010029a', '2020-02-04', NULL, 0),
('ID0010578', 'KCP PEKALONGAN KAJEN', 5, 'ID0010040a', '2020-02-04', NULL, 0),
('ID0010579', 'KCP GOWA', 8, 'ID0010015a', '2020-02-04', NULL, 0),
('ID0010582', 'KCP SEMARANG NGALIYAN', 5, 'ID0010040a', '2020-02-04', NULL, 0),
('ID0010583', 'KCP SERANG TIMUR', 3, 'ID0010018a', '2020-02-04', NULL, 0),
('ID0010584', 'KCP SEMARANG BANYUMANIK', 5, 'ID0010040a', '2020-02-04', NULL, 0),
('ID0010585', 'KCP PALEMBANG JAKABARING', 2, 'ID0010019a', '2020-02-04', NULL, 0),
('ID0010590', 'KCP MAGETAN', 6, 'ID0010028a', '2020-02-04', NULL, 0),
('ID0010591', 'KCP PACITAN', 6, 'ID0010028a', '2020-02-04', NULL, 0),
('ID0010594', 'KCP AJIBARANG', 5, 'ID0010029a', '2020-02-04', NULL, 0),
('ID0010596', 'KCP AMPANA', 8, 'ID0010038a', '2020-02-04', NULL, 0),
('ID0010597', 'KCP SLEMAN', 5, 'ID0010029a', '2020-02-04', NULL, 0),
('ID0010598', 'KCP BANTUL', 5, 'ID0010029a', '2020-02-04', NULL, 0),
('ID0010600', 'KCP GUBUG', 5, 'ID0010040a', '2020-02-04', NULL, 0),
('ID0010601', 'KCP POSO', 8, 'ID0010038a', '2020-02-04', NULL, 0),
('ID0010603', 'KCP JAKARTA K-LINK TOWER', 3, 'ID0010007a', '2020-02-04', NULL, 0),
('ID0010608', 'KCP JATINANGOR', 4, 'ID0010009a', '2020-02-04', NULL, 0),
('ID0010612', 'KCP TASIKMALAYA SINGAPARNA', 4, 'ID0010024a', '2020-02-04', NULL, 0),
('ID0010613', 'KCP PERBAUNGAN', 1, 'ID0010008a', '2020-02-04', NULL, 0),
('ID0010614', 'KCP MAGELANG MUNTILAN', 5, 'ID0010040a', '2020-02-04', NULL, 0),
('ID0010615', 'KCP SAWAHLUNTO', 2, 'ID0010027a', '2020-02-04', NULL, 0),
('ID0010616', 'KCP MEDAN RINGROAD', 1, 'ID0010353a', '2020-02-04', NULL, 0),
('ID0010629', 'KCP PONDOK CILEGON INDAH', 3, 'ID0010018a', '2020-02-04', NULL, 0),
('ID0010630', 'KCP JAKARTA PEJATEN RAYA', 3, 'ID0010005a', '2020-02-04', NULL, 0),
('ID0010635', 'KCP JAKARTA BARITO', 3, 'ID0010004a', '2020-02-04', NULL, 0),
('ID0010636', 'KCP MUARA TEWEH', 7, 'ID0010016a', '2020-02-04', NULL, 0),
('ID0010638', 'KCP SUNGAI LIAT', 2, 'ID0010019a', '2020-02-04', NULL, 0),
('ID0010640', 'KCP PANGKALAN', 2, 'ID0010027a', '2020-02-04', NULL, 0),
('ID0010642', 'KCP KUTAI TENGGARONG SEBERANG', 7, 'ID0010023a', '2020-02-04', NULL, 0),
('ID0010643', 'KCP LIWA', 2, 'ID0010037a', '2020-02-04', NULL, 0),
('ID0010644', 'KCP SUKABUMI CIBADAK', 4, 'ID0010357a', '2020-02-04', NULL, 0),
('ID0010645', 'KCP MUARA BULIAN', 2, 'ID0010032a', '2020-02-04', NULL, 0),
('ID0010646', 'KCP SURABAYA ITS', 6, 'ID0010010a', '2020-02-04', NULL, 0),
('ID0010648', 'KCP NUNUKAN', 7, 'ID0010023a', '2020-02-04', NULL, 0),
('ID0010649', 'KCP KETAHUN', 2, 'ID0010032a', '2020-02-04', NULL, 0),
('ID0010652', 'KCP TAKENGON', 1, 'ID0010011a', '2020-02-04', NULL, 0),
('ID0010654', 'KCP BANYUWANGI ROGOJAMPI', 6, 'ID0010051a', '2020-02-04', NULL, 0),
('ID0010656', 'KCP TANGERANG KARANG TENGAH', 3, 'ID0010045a', '2020-02-04', NULL, 0),
('ID0010657', 'KCP TANGERANG KARAWACI', 3, 'ID0010018a', '2020-02-04', NULL, 0),
('ID0010658', 'KCP JAKARTA TENDEAN', 3, 'ID0010005a', '2020-02-04', NULL, 0),
('ID0010659', 'KCP MALANG TUREN', 6, 'ID0010028a', '2020-02-04', NULL, 0),
('ID0010660', 'KCP JAKARTA MERUYA', 3, 'ID0010045a', '2020-02-04', NULL, 0),
('ID0010667', 'KCP SIAK', 1, 'ID0010022a', '2020-02-04', NULL, 0),
('ID0010668', 'KCP BAUBAU', 8, 'ID0010015a', '2020-02-04', NULL, 0),
('ID0010669', 'KC JAKARTA PLUIT', 3, 'ID0010045a', '2020-02-04', NULL, 0),
('ID0010670', 'KCP SURABAYA PASAR ATOM', 6, 'ID0010010a', '2020-02-04', NULL, 0),
('ID0010671', 'KCP JAKARTA GADING BOULEVARD', 3, 'ID0010058a', '2020-02-04', NULL, 0),
('ID0010672', 'KCP BATAM BOTANIA GARDEN', 1, 'ID0010034a', '2020-02-04', NULL, 0),
('ID0010703', 'KCP MALANG PASAR BESAR', 6, 'ID0010028a', '2020-02-04', NULL, 0),
('ID0010704', 'KCP AMBON DIPONEGORO', 8, 'ID0010015a', '2020-02-04', NULL, 0),
('ID0010705', 'KCP BACAN', 8, 'ID0010038a', '2020-02-04', NULL, 0),
('ID0010717', 'KCP BULA', 8, 'ID0010015a', '2020-02-04', NULL, 0),
('ID0010719', 'KCP SIDOARJO SEPANJANG', 6, 'ID0010010a', '2020-02-04', NULL, 0);

-- --------------------------------------------------------

--
-- Table structure for table `tbl_koperasi`
--

CREATE TABLE `tbl_koperasi` (
  `id` int(11) NOT NULL,
  `fk_kode_ao` char(15) DEFAULT NULL,
  `noloan_kop` varchar(15) DEFAULT NULL,
  `nocif_kop` char(15) NOT NULL,
  `rek_pembayaran` char(25) DEFAULT NULL,
  `nm_koperasi` varchar(50) NOT NULL,
  `kd_area` varchar(15) NOT NULL,
  `jns_pembiayaan` varchar(25) NOT NULL,
  `tahap_pencairan` int(11) NOT NULL,
  `tgl_pencairan` date DEFAULT NULL,
  `nom_pencairan` decimal(50,2) DEFAULT NULL,
  `tunggakan` decimal(50,2) DEFAULT NULL,
  `os_pokok` decimal(50,2) DEFAULT NULL,
  `tgl_ospokok` date DEFAULT NULL,
  `tgl_tunggakan` int(11) DEFAULT NULL,
  `status` varchar(100) NOT NULL,
  `createDate` datetime NOT NULL DEFAULT CURRENT_TIMESTAMP,
  `updateDate` datetime DEFAULT NULL,
  `isDelete` int(11) NOT NULL DEFAULT '0'
) ENGINE=InnoDB DEFAULT CHARSET=latin1;

--
-- Dumping data for table `tbl_koperasi`
--

INSERT INTO `tbl_koperasi` (`id`, `fk_kode_ao`, `noloan_kop`, `nocif_kop`, `rek_pembayaran`, `nm_koperasi`, `kd_area`, `jns_pembiayaan`, `tahap_pencairan`, `tgl_pencairan`, `nom_pencairan`, `tunggakan`, `os_pokok`, `tgl_ospokok`, `tgl_tunggakan`, `status`, `createDate`, `updateDate`, `isDelete`) VALUES
(1, '91002593', NULL, '79207999', '7081935337', 'KOPEDANA', 'ID0010002a', 'Channeling', 1, '2020-08-30', '4319467128.00', '0.00', '1427756879.00', '2020-11-12', NULL, 'Proses Rekonsiliasi', '2020-11-19 10:34:49', '2020-11-19 16:30:18', 0),
(2, '91002593', NULL, '73774120', '7036647487', 'KOPERASI BAYTUL IKHTIAR', 'ID0010017a', 'Channeling', 1, '2020-08-30', '4362661799.28', '0.00', '1442034447.79', '2020-11-12', NULL, 'Proses Rekonsiliasi', '2020-11-19 10:34:50', NULL, 0),
(3, '91002593', NULL, '74213561', '7090065755', 'KOPERASI ARTHA GUNA', 'ID0010051a', 'Channeling', 1, NULL, NULL, NULL, NULL, NULL, NULL, 'Belum Terekonsiliasi', '2020-11-19 10:34:50', NULL, 0),
(4, '91002593', NULL, '78433150', '7071961747', 'KOPERASI ABDI BAHARI', 'ID0010017a', 'Channeling', 1, NULL, NULL, NULL, NULL, NULL, NULL, 'Belum Terekonsiliasi', '2020-11-19 10:34:50', NULL, 0),
(5, '91002593', NULL, '78471560', '7071699298', 'KOPERASI ABDI BAHARI', 'ID0010017a', 'Channeling', 2, NULL, NULL, NULL, NULL, NULL, NULL, 'Belum Terekonsiliasi', '2020-11-19 10:34:50', NULL, 0);

-- --------------------------------------------------------

--
-- Table structure for table `tbl_region`
--

CREATE TABLE `tbl_region` (
  `id_region` int(11) NOT NULL,
  `kd_region` varchar(50) NOT NULL,
  `nm_region` char(20) NOT NULL,
  `CreateDate` date NOT NULL,
  `UpdateDate` date DEFAULT NULL,
  `IsDelete` int(1) NOT NULL
) ENGINE=InnoDB DEFAULT CHARSET=latin1;

--
-- Dumping data for table `tbl_region`
--

INSERT INTO `tbl_region` (`id_region`, `kd_region`, `nm_region`, `CreateDate`, `UpdateDate`, `IsDelete`) VALUES
(1, 'ID0010468', 'RO I', '2019-11-19', NULL, 0),
(2, 'ID0010865', 'RO II', '2019-11-19', NULL, 0),
(3, 'ID0010469', 'RO III', '2019-11-20', NULL, 0),
(4, 'ID0010470', 'RO IV', '2019-11-19', NULL, 0),
(5, 'ID0010909', 'RO V', '2019-11-19', NULL, 0),
(6, 'ID0010471', 'RO VI', '2019-11-19', NULL, 0),
(7, 'ID0010866', 'RO VII', '2019-11-19', NULL, 0),
(8, 'ID0010611', 'RO VIII', '2019-11-19', NULL, 0);

-- --------------------------------------------------------

--
-- Table structure for table `tbl_rekon_channeling`
--

CREATE TABLE `tbl_rekon_channeling` (
  `no` int(11) NOT NULL,
  `kode_ao` char(15) NOT NULL,
  `id_koperasi` int(11) NOT NULL,
  `rek_pembayaran` char(25) NOT NULL,
  `noloan` varchar(25) NOT NULL,
  `nm_anggota` varchar(100) NOT NULL,
  `batch` int(11) NOT NULL,
  `tenor` int(11) NOT NULL,
  `plafond` decimal(50,2) NOT NULL,
  `tgl_ospokok` date NOT NULL,
  `ospokok` decimal(50,2) NOT NULL
) ENGINE=InnoDB DEFAULT CHARSET=latin1;

--
-- Dumping data for table `tbl_rekon_channeling`
--

INSERT INTO `tbl_rekon_channeling` (`no`, `kode_ao`, `id_koperasi`, `rek_pembayaran`, `noloan`, `nm_anggota`, `batch`, `tenor`, `plafond`, `tgl_ospokok`, `ospokok`) VALUES
(102, '91002593', 2, '7036647487', 'LD1333290116', 'FIRMANSYAH', 1, 96, '43194671.28', '2020-11-12', '13277568.79'),
(103, '91002593', 2, '7036647487', 'LD1333281341', 'DIKMIN', 1, 96, '43194671.28', '2020-11-12', '13277568.79'),
(104, '91002593', 2, '7036647487', 'LD1333233191', 'SITUAS', 1, 96, '43194671.28', '2020-11-12', '13277568.79'),
(105, '91002593', 2, '7036647487', 'LD1333254153', 'SIGATIN', 1, 96, '43194671.28', '2020-11-12', '13277568.79'),
(106, '91002593', 2, '7036647487', 'LD1333257403', 'NUR HIKMAH', 1, 96, '43194671.28', '2020-11-12', '13277568.79'),
(107, '91002593', 2, '7036647487', 'LD1333276113', 'KIANG', 1, 96, '43194671.28', '2020-11-12', '13277568.79'),
(108, '91002593', 2, '7036647487', 'LD1333242457', 'KUYU', 1, 96, '43194671.28', '2020-11-12', '13277568.79'),
(109, '91002593', 2, '7036647487', 'LD1333227087', 'SAPAO', 1, 96, '43194671.28', '2020-11-12', '13277568.79'),
(110, '91002593', 2, '7036647487', 'LD1333201208', 'MUHAMMAD SOOD', 1, 96, '43194671.28', '2020-11-12', '13277568.79'),
(111, '91002593', 2, '7036647487', 'LD1333213684', 'NURHASANAH', 1, 96, '43194671.28', '2020-11-12', '13277568.79'),
(112, '91002593', 2, '7036647487', 'LD1333206475', 'ROHMAT', 1, 96, '43194671.28', '2020-11-12', '13277568.79'),
(113, '91002593', 2, '7036647487', 'LD1333273389', 'ITIN', 1, 96, '43194671.28', '2020-11-12', '13277568.79'),
(114, '91002593', 2, '7036647487', 'LD1333291553', 'SIWANG', 1, 96, '43194671.28', '2020-11-12', '13277568.79'),
(115, '91002593', 2, '7036647487', 'LD1333231106', 'RUSLI', 1, 96, '43194671.28', '2020-11-12', '13277568.79'),
(116, '91002593', 2, '7036647487', 'LD1333200795', 'NAYAN', 1, 96, '43194671.28', '2020-11-12', '13277568.79'),
(117, '91002593', 2, '7036647487', 'LD1333270888', 'SIINGAU', 1, 96, '43194671.28', '2020-11-12', '13277568.79'),
(118, '91002593', 2, '7036647487', 'LD1333296784', 'SINUHUI', 1, 96, '43194671.28', '2020-11-12', '13277568.79'),
(119, '91002593', 2, '7036647487', 'LD1333243827', 'SUGITO', 1, 96, '43194671.28', '2020-11-12', '13277568.79'),
(120, '91002593', 2, '7036647487', 'LD1333220167', 'TATING', 1, 96, '43194671.28', '2020-11-12', '13277568.79'),
(121, '91002593', 2, '7036647487', 'LD1333256811', 'TURI', 1, 96, '43194671.28', '2020-11-12', '13277568.79'),
(122, '91002593', 2, '7036647487', 'LD1333248529', 'TUTIK', 1, 96, '43194671.28', '2020-11-12', '13277568.79'),
(123, '91002593', 2, '7036647487', 'LD1333268400', 'USUP', 1, 96, '43194671.28', '2020-11-12', '13277568.79'),
(124, '91002593', 2, '7036647487', 'LD1333247358', 'YANI', 1, 96, '43194671.28', '2020-11-12', '13277568.79'),
(125, '91002593', 2, '7036647487', 'LD1333217036', 'IIS', 1, 96, '43194671.28', '2020-11-12', '13277568.79'),
(126, '91002593', 2, '7036647487', 'LD1333280074', 'ILAU', 1, 96, '43194671.28', '2020-11-12', '13277568.79'),
(127, '91002593', 2, '7036647487', 'LD1333297740', 'YUNUS', 1, 96, '43194671.28', '2020-11-12', '13277568.79'),
(128, '91002593', 2, '7036647487', 'LD1333214815', 'AMENG', 1, 96, '43194671.28', '2020-11-12', '13277568.79'),
(129, '91002593', 2, '7036647487', 'LD1333296091', 'RUSMAYA', 1, 96, '43194671.28', '2020-11-12', '13277568.79'),
(130, '91002593', 2, '7036647487', 'LD1333278529', 'ALUH', 1, 96, '43194671.28', '2020-11-12', '13277568.79'),
(131, '91002593', 2, '7036647487', 'LD1333293297', 'RITA', 1, 96, '43194671.28', '2020-11-12', '13277568.79'),
(132, '91002593', 2, '7036647487', 'LD1333284203', 'HASTUTI', 1, 96, '43194671.28', '2020-11-12', '13277568.79'),
(133, '91002593', 2, '7036647487', 'LD1333279472', 'EMAN', 1, 96, '43194671.28', '2020-11-12', '13277568.79'),
(134, '91002593', 2, '7036647487', 'LD1333267144', 'MEGAWATI', 1, 96, '43194671.28', '2020-11-12', '13277568.79'),
(135, '91002593', 2, '7036647487', 'LD1333240720', 'KARTIRAT', 1, 96, '43194671.28', '2020-11-12', '13277568.79'),
(136, '91002593', 2, '7036647487', 'LD1333236042', 'NAOMI ADE EKA', 1, 96, '43194671.28', '2020-11-12', '13277568.79'),
(137, '91002593', 2, '7036647487', 'LD1333299129', 'DESMAN', 1, 96, '43194671.28', '2020-11-12', '13277568.79'),
(138, '91002593', 2, '7036647487', 'LD1333228065', 'M SUWANDI', 1, 96, '43194671.28', '2020-11-12', '13277568.79'),
(139, '91002593', 2, '7036647487', 'LD1333200810', 'NENENG YUNINGSIH', 1, 96, '43194671.28', '2020-11-12', '13277568.79'),
(140, '91002593', 2, '7036647487', 'LD1333201620', 'NURUL', 1, 96, '43194671.28', '2020-11-12', '13277568.79'),
(141, '91002593', 2, '7036647487', 'LD1333221797', 'FLORIDA', 1, 96, '43194671.28', '2020-11-12', '13277568.79'),
(142, '91002593', 2, '7036647487', 'LD1333209986', 'PURIDA', 1, 96, '43194671.28', '2020-11-12', '13277568.79'),
(143, '91002593', 2, '7036647487', 'LD1333257332', 'OPRIE', 1, 96, '43194671.28', '2020-11-12', '13277568.79'),
(144, '91002593', 2, '7036647487', 'LD1333209207', 'ANA', 1, 96, '43194671.28', '2020-11-12', '13277568.79'),
(145, '91002593', 2, '7036647487', 'LD1333298060', 'SINARI', 1, 96, '43194671.28', '2020-11-12', '13277568.79'),
(146, '91002593', 2, '7036647487', 'LD1333219612', 'KARIM', 1, 96, '43194671.28', '2020-11-12', '13277568.79'),
(147, '91002593', 2, '7036647487', 'LD1333201160', 'HERA', 1, 96, '43194671.28', '2020-11-12', '13277568.79'),
(148, '91002593', 2, '7036647487', 'LD1333269160', 'HENI', 1, 96, '43194671.28', '2020-11-12', '13277568.79'),
(149, '91002593', 2, '7036647487', 'LD1333236081', 'MUHAMMAD BUSTANI', 1, 96, '43194671.28', '2020-11-12', '13277568.79'),
(150, '91002593', 2, '7036647487', 'LD1333211003', 'HARSONO', 1, 96, '43194671.28', '2020-11-12', '13277568.79'),
(151, '91002593', 2, '7036647487', 'LD1333280004', 'FATIMAH', 1, 96, '43194671.28', '2020-11-12', '13277568.79'),
(152, '91002593', 2, '7036647487', 'LD1333261808', 'SURIAWATI', 1, 96, '43194671.28', '2020-11-12', '13277568.79'),
(153, '91002593', 2, '7036647487', 'LD1333200207', 'GUNCING', 1, 96, '43194671.28', '2020-11-12', '13277568.79'),
(154, '91002593', 2, '7036647487', 'LD1333215637', 'GUTAU', 1, 96, '43194671.28', '2020-11-12', '13277568.79'),
(155, '91002593', 2, '7036647487', 'LD1333228203', 'KIYAN', 1, 96, '43194671.28', '2020-11-12', '13277568.79'),
(156, '91002593', 2, '7036647487', 'LD1333282033', 'TIUN', 1, 96, '43194671.28', '2020-11-12', '13277568.79'),
(157, '91002593', 2, '7036647487', 'LD1333224300', 'BULEH', 1, 96, '43194671.28', '2020-11-12', '13277568.79'),
(158, '91002593', 2, '7036647487', 'LD1333220029', 'MUHAMMAD MAHMUDIN', 1, 96, '43194671.28', '2020-11-12', '13277568.79'),
(159, '91002593', 2, '7036647487', 'LD1333243820', 'LINA', 1, 96, '43194671.28', '2020-11-12', '13277568.79'),
(160, '91002593', 2, '7036647487', 'LD1333239312', 'MAHIYAU', 1, 96, '43194671.28', '2020-11-12', '13277568.79'),
(161, '91002593', 2, '7036647487', 'LD1333224399', 'MULYANI', 1, 96, '43194671.28', '2020-11-12', '13277568.79'),
(162, '91002593', 2, '7036647487', 'LD1333219894', 'SIAM', 1, 96, '43194671.28', '2020-11-12', '13277568.79'),
(163, '91002593', 2, '7036647487', 'LD1333203879', 'SIGUNTUI', 1, 96, '43194671.28', '2020-11-12', '13277568.79'),
(164, '91002593', 2, '7036647487', 'LD1333207038', 'TAIPUH', 1, 96, '43194671.28', '2020-11-12', '13277568.79'),
(165, '91002593', 2, '7036647487', 'LD1333287691', 'USID', 1, 96, '43194671.28', '2020-11-12', '13277568.79'),
(166, '91002593', 2, '7036647487', 'LD1333222013', 'IYUS', 1, 96, '43194671.28', '2020-11-12', '13277568.79'),
(167, '91002593', 2, '7036647487', 'LD1333241871', 'AMAH', 1, 96, '43194671.28', '2020-11-12', '13277568.79'),
(168, '91002593', 2, '7036647487', 'LD1333284324', 'CABE', 1, 96, '43194671.28', '2020-11-12', '13277568.79'),
(169, '91002593', 2, '7036647487', 'LD1333230428', 'ASONG', 1, 96, '43194671.28', '2020-11-12', '13277568.79'),
(170, '91002593', 2, '7036647487', 'LD1333213599', 'MUTAN', 1, 96, '43194671.28', '2020-11-12', '13277568.79'),
(171, '91002593', 2, '7036647487', 'LD1333200533', 'SIILAS', 1, 96, '43194671.28', '2020-11-12', '13277568.79'),
(172, '91002593', 2, '7036647487', 'LD1333292964', 'KIUNG', 1, 96, '43194671.28', '2020-11-12', '13277568.79'),
(173, '91002593', 2, '7036647487', 'LD1333243013', 'ANTING', 1, 96, '43194671.28', '2020-11-12', '13277568.79'),
(174, '91002593', 2, '7036647487', 'LD1333250303', 'RUSTAM', 1, 96, '43194671.28', '2020-11-12', '13277568.79'),
(175, '91002593', 2, '7036647487', 'LD1333216506', 'YANTO', 1, 96, '43194671.28', '2020-11-12', '13277568.79'),
(176, '91002593', 2, '7036647487', 'LD1333296614', 'RINA', 1, 96, '43194671.28', '2020-11-12', '13277568.79'),
(177, '91002593', 2, '7036647487', 'LD1333274852', 'IKUS', 1, 96, '43194671.28', '2020-11-12', '13277568.79'),
(178, '91002593', 2, '7036647487', 'LD1333240644', 'MUHAMMAD ABDULLAH YUSNI', 1, 96, '43194671.28', '2020-11-12', '13277568.79'),
(179, '91002593', 2, '7036647487', 'LD1333264814', 'BAIN', 1, 96, '43194671.28', '2020-11-12', '13277568.79'),
(180, '91002593', 2, '7036647487', 'LD1333285649', 'IYAT NODIN', 1, 96, '43194671.28', '2020-11-12', '13277568.79'),
(181, '91002593', 2, '7036647487', 'LD1333270754', 'YANI', 1, 96, '43194671.28', '2020-11-12', '13277568.79'),
(182, '91002593', 2, '7036647487', 'LD1333263000', 'BOGOR', 1, 96, '43194671.28', '2020-11-12', '13277568.79'),
(183, '91002593', 2, '7036647487', 'LD1333204200', 'IRUS', 1, 96, '43194671.28', '2020-11-12', '13277568.79'),
(184, '91002593', 2, '7036647487', 'LD1333260560', 'IRA SULASTRI', 1, 96, '43194671.28', '2020-11-12', '13277568.79'),
(185, '91002593', 2, '7036647487', 'LD1333260868', 'YUPIANA', 1, 96, '43194671.28', '2020-11-12', '13277568.79'),
(186, '91002593', 2, '7036647487', 'LD1333209098', 'IPUL', 1, 96, '43194671.28', '2020-11-12', '13277568.79'),
(187, '91002593', 2, '7036647487', 'LD1333269801', 'AGUS', 1, 96, '43194671.28', '2020-11-12', '13277568.79'),
(188, '91002593', 2, '7036647487', 'LD1333296302', 'FERNANDO HARIS PURBA', 1, 96, '43194671.28', '2020-11-12', '13277568.79'),
(189, '91002593', 2, '7036647487', 'LD1333291352', 'SERIYAH', 1, 96, '43194671.28', '2020-11-12', '13277568.79'),
(190, '91002593', 2, '7036647487', 'LD1333279226', 'SIIKIT', 1, 96, '43194671.28', '2020-11-12', '13277568.79'),
(191, '91002593', 2, '7036647487', 'LD1333200697', 'KIKI', 1, 96, '43194671.28', '2020-11-12', '13277568.79'),
(192, '91002593', 2, '7036647487', 'LD1333250101', 'YUNI', 1, 96, '43194671.28', '2020-11-12', '13277568.79'),
(193, '91002593', 2, '7036647487', 'LD1333286471', 'IDAMAYANTI', 1, 96, '43194671.28', '2020-11-12', '13277568.79'),
(194, '91002593', 2, '7036647487', 'LD1333255574', 'TAWULA', 1, 96, '43194671.28', '2020-11-12', '13277568.79'),
(195, '91002593', 2, '7036647487', 'LD1333262909', 'SALEH', 1, 96, '43194671.28', '2020-11-12', '13277568.79'),
(196, '91002593', 2, '7036647487', 'LD1333213913', 'FIRMAN', 1, 96, '43194671.28', '2020-11-12', '13277568.79'),
(197, '91002593', 2, '7036647487', 'LD1333200225', 'HARTI DWI WAHYUNI', 1, 96, '43194671.28', '2020-11-12', '13277568.79'),
(198, '91002593', 2, '7036647487', 'LD1333293509', 'RUSTATI', 1, 96, '43194671.28', '2020-11-12', '13277568.79'),
(199, '91002593', 2, '7036647487', 'LD1333220003', 'REMI ISANDI', 1, 96, '43194671.28', '2020-11-12', '13277568.79'),
(200, '91002593', 2, '7036647487', 'LD1333281436', 'HALIM', 1, 96, '43194671.28', '2020-11-12', '13277568.79'),
(201, '91002593', 2, '7036647487', 'LD1333259738', 'MAS DENDI', 1, 96, '43194671.28', '2020-11-12', '13277568.79'),
(202, '91002593', 2, '7036647487', 'LD1333204609', 'MUHAMMAD YUSUP', 1, 96, '43194671.28', '2020-11-12', '13277568.79'),
(203, '91002593', 1, '7081935337', 'LD1333290116', 'FIRMANSYAH', 1, 96, '43194671.28', '2020-11-12', '13277568.79'),
(204, '91002593', 1, '7081935337', 'LD1333281341', 'DIKMIN', 1, 96, '43194671.28', '2020-11-12', '13277568.79'),
(205, '91002593', 1, '7081935337', 'LD1333233191', 'SITUAS', 1, 96, '43194671.28', '2020-11-12', '13277568.79'),
(206, '91002593', 1, '7081935337', 'LD1333276113', 'KIANG', 1, 96, '43194671.28', '2020-11-12', '13277568.79'),
(207, '91002593', 1, '7081935337', 'LD1333242457', 'KUYU', 1, 96, '43194671.28', '2020-11-12', '13277568.79'),
(208, '91002593', 1, '7081935337', 'LD1333227087', 'SAPAO', 1, 96, '43194671.28', '2020-11-12', '13277568.79'),
(209, '91002593', 1, '7081935337', 'LD1333201208', 'MUHAMMAD SOOD', 1, 96, '43194671.28', '2020-11-12', '13277568.79'),
(210, '91002593', 1, '7081935337', 'LD1333213684', 'NURHASANAH', 1, 96, '43194671.28', '2020-11-12', '13277568.79'),
(211, '91002593', 1, '7081935337', 'LD1333206475', 'ROHMAT', 1, 96, '43194671.28', '2020-11-12', '13277568.79'),
(212, '91002593', 1, '7081935337', 'LD1333273389', 'ITIN', 1, 96, '43194671.28', '2020-11-12', '13277568.79'),
(213, '91002593', 1, '7081935337', 'LD1333291553', 'SIWANG', 1, 96, '43194671.28', '2020-11-12', '13277568.79'),
(214, '91002593', 1, '7081935337', 'LD1333231106', 'RUSLI', 1, 96, '43194671.28', '2020-11-12', '13277568.79'),
(215, '91002593', 1, '7081935337', 'LD1333200795', 'NAYAN', 1, 96, '43194671.28', '2020-11-12', '13277568.79'),
(216, '91002593', 1, '7081935337', 'LD1333270888', 'SIINGAU', 1, 96, '43194671.28', '2020-11-12', '13277568.79'),
(217, '91002593', 1, '7081935337', 'LD1333296784', 'SINUHUI', 1, 96, '43194671.28', '2020-11-12', '13277568.79'),
(218, '91002593', 1, '7081935337', 'LD1333243827', 'SUGITO', 1, 96, '43194671.28', '2020-11-12', '13277568.79'),
(219, '91002593', 1, '7081935337', 'LD1333220167', 'TATING', 1, 96, '43194671.28', '2020-11-12', '13277568.79'),
(220, '91002593', 1, '7081935337', 'LD1333256811', 'TURI', 1, 96, '43194671.28', '2020-11-12', '13277568.79'),
(221, '91002593', 1, '7081935337', 'LD1333248529', 'TUTIK', 1, 96, '43194671.28', '2020-11-12', '13277568.79'),
(222, '91002593', 1, '7081935337', 'LD1333268400', 'USUP', 1, 96, '43194671.28', '2020-11-12', '13277568.79'),
(223, '91002593', 1, '7081935337', 'LD1333247358', 'YANI', 1, 96, '43194671.28', '2020-11-12', '13277568.79'),
(224, '91002593', 1, '7081935337', 'LD1333217036', 'IIS', 1, 96, '43194671.28', '2020-11-12', '13277568.79'),
(225, '91002593', 1, '7081935337', 'LD1333280074', 'ILAU', 1, 96, '43194671.28', '2020-11-12', '13277568.79'),
(226, '91002593', 1, '7081935337', 'LD1333297740', 'YUNUS', 1, 96, '43194671.28', '2020-11-12', '13277568.79'),
(227, '91002593', 1, '7081935337', 'LD1333214815', 'AMENG', 1, 96, '43194671.28', '2020-11-12', '13277568.79'),
(228, '91002593', 1, '7081935337', 'LD1333296091', 'RUSMAYA', 1, 96, '43194671.28', '2020-11-12', '13277568.79'),
(229, '91002593', 1, '7081935337', 'LD1333278529', 'ALUH', 1, 96, '43194671.28', '2020-11-12', '13277568.79'),
(230, '91002593', 1, '7081935337', 'LD1333293297', 'RITA', 1, 96, '43194671.28', '2020-11-12', '13277568.79'),
(231, '91002593', 1, '7081935337', 'LD1333284203', 'HASTUTI', 1, 96, '43194671.28', '2020-11-12', '13277568.79'),
(232, '91002593', 1, '7081935337', 'LD1333279472', 'EMAN', 1, 96, '43194671.28', '2020-11-12', '13277568.79'),
(233, '91002593', 1, '7081935337', 'LD1333267144', 'MEGAWATI', 1, 96, '43194671.28', '2020-11-12', '13277568.79'),
(234, '91002593', 1, '7081935337', 'LD1333240720', 'KARTIRAT', 1, 96, '43194671.28', '2020-11-12', '13277568.79'),
(235, '91002593', 1, '7081935337', 'LD1333236042', 'NAOMI ADE EKA', 1, 96, '43194671.28', '2020-11-12', '13277568.79'),
(236, '91002593', 1, '7081935337', 'LD1333299129', 'DESMAN', 1, 96, '43194671.28', '2020-11-12', '13277568.79'),
(237, '91002593', 1, '7081935337', 'LD1333228065', 'M SUWANDI', 1, 96, '43194671.28', '2020-11-12', '13277568.79'),
(238, '91002593', 1, '7081935337', 'LD1333200810', 'NENENG YUNINGSIH', 1, 96, '43194671.28', '2020-11-12', '13277568.79'),
(239, '91002593', 1, '7081935337', 'LD1333201620', 'NURUL', 1, 96, '43194671.28', '2020-11-12', '13277568.79'),
(240, '91002593', 1, '7081935337', 'LD1333257332', 'OPRIE', 1, 96, '43194671.28', '2020-11-12', '13277568.79'),
(241, '91002593', 1, '7081935337', 'LD1333209207', 'ANA', 1, 96, '43194671.28', '2020-11-12', '13277568.79'),
(242, '91002593', 1, '7081935337', 'LD1333298060', 'SINARI', 1, 96, '43194671.28', '2020-11-12', '13277568.79'),
(243, '91002593', 1, '7081935337', 'LD1333219612', 'KARIM', 1, 96, '43194671.28', '2020-11-12', '13277568.79'),
(244, '91002593', 1, '7081935337', 'LD1333201160', 'HERA', 1, 96, '43194671.28', '2020-11-12', '13277568.79'),
(245, '91002593', 1, '7081935337', 'LD1333269160', 'HENI', 1, 96, '43194671.28', '2020-11-12', '13277568.79'),
(246, '91002593', 1, '7081935337', 'LD1333236081', 'MUHAMMAD BUSTANI', 1, 96, '43194671.28', '2020-11-12', '13277568.79'),
(247, '91002593', 1, '7081935337', 'LD1333211003', 'HARSONO', 1, 96, '43194671.28', '2020-11-12', '13277568.79'),
(248, '91002593', 1, '7081935337', 'LD1333280004', 'FATIMAH', 1, 96, '43194671.28', '2020-11-12', '13277568.79'),
(249, '91002593', 1, '7081935337', 'LD1333261808', 'SURIAWATI', 1, 96, '43194671.28', '2020-11-12', '13277568.79'),
(250, '91002593', 1, '7081935337', 'LD1333200207', 'GUNCING', 1, 96, '43194671.28', '2020-11-12', '13277568.79'),
(251, '91002593', 1, '7081935337', 'LD1333215637', 'GUTAU', 1, 96, '43194671.28', '2020-11-12', '13277568.79'),
(252, '91002593', 1, '7081935337', 'LD1333228203', 'KIYAN', 1, 96, '43194671.28', '2020-11-12', '13277568.79'),
(253, '91002593', 1, '7081935337', 'LD1333282033', 'TIUN', 1, 96, '43194671.28', '2020-11-12', '13277568.79'),
(254, '91002593', 1, '7081935337', 'LD1333224300', 'BULEH', 1, 96, '43194671.28', '2020-11-12', '13277568.79'),
(255, '91002593', 1, '7081935337', 'LD1333220029', 'MUHAMMAD MAHMUDIN', 1, 96, '43194671.28', '2020-11-12', '13277568.79'),
(256, '91002593', 1, '7081935337', 'LD1333243820', 'LINA', 1, 96, '43194671.28', '2020-11-12', '13277568.79'),
(257, '91002593', 1, '7081935337', 'LD1333239312', 'MAHIYAU', 1, 96, '43194671.28', '2020-11-12', '13277568.79'),
(258, '91002593', 1, '7081935337', 'LD1333224399', 'MULYANI', 1, 96, '43194671.28', '2020-11-12', '13277568.79'),
(259, '91002593', 1, '7081935337', 'LD1333219894', 'SIAM', 1, 96, '43194671.28', '2020-11-12', '13277568.79'),
(260, '91002593', 1, '7081935337', 'LD1333203879', 'SIGUNTUI', 1, 96, '43194671.28', '2020-11-12', '13277568.79'),
(261, '91002593', 1, '7081935337', 'LD1333207038', 'TAIPUH', 1, 96, '43194671.28', '2020-11-12', '13277568.79'),
(262, '91002593', 1, '7081935337', 'LD1333287691', 'USID', 1, 96, '43194671.28', '2020-11-12', '13277568.79'),
(263, '91002593', 1, '7081935337', 'LD1333222013', 'IYUS', 1, 96, '43194671.28', '2020-11-12', '13277568.79'),
(264, '91002593', 1, '7081935337', 'LD1333241871', 'AMAH', 1, 96, '43194671.28', '2020-11-12', '13277568.79'),
(265, '91002593', 1, '7081935337', 'LD1333284324', 'CABE', 1, 96, '43194671.28', '2020-11-12', '13277568.79'),
(266, '91002593', 1, '7081935337', 'LD1333230428', 'ASONG', 1, 96, '43194671.28', '2020-11-12', '13277568.79'),
(267, '91002593', 1, '7081935337', 'LD1333213599', 'MUTAN', 1, 96, '43194671.28', '2020-11-12', '13277568.79'),
(268, '91002593', 1, '7081935337', 'LD1333200533', 'SIILAS', 1, 96, '43194671.28', '2020-11-12', '13277568.79'),
(269, '91002593', 1, '7081935337', 'LD1333292964', 'KIUNG', 1, 96, '43194671.28', '2020-11-12', '13277568.79'),
(270, '91002593', 1, '7081935337', 'LD1333243013', 'ANTING', 1, 96, '43194671.28', '2020-11-12', '13277568.79'),
(271, '91002593', 1, '7081935337', 'LD1333250303', 'RUSTAM', 1, 96, '43194671.28', '2020-11-12', '13277568.79'),
(272, '91002593', 1, '7081935337', 'LD1333216506', 'YANTO', 1, 96, '43194671.28', '2020-11-12', '13277568.79'),
(273, '91002593', 1, '7081935337', 'LD1333296614', 'RINA', 1, 96, '43194671.28', '2020-11-12', '13277568.79'),
(274, '91002593', 1, '7081935337', 'LD1333274852', 'IKUS', 1, 96, '43194671.28', '2020-11-12', '13277568.79'),
(275, '91002593', 1, '7081935337', 'LD1333285649', 'IYAT NODIN', 1, 96, '43194671.28', '2020-11-12', '13277568.79'),
(276, '91002593', 1, '7081935337', 'LD1333270754', 'YANI', 1, 96, '43194671.28', '2020-11-12', '13277568.79'),
(277, '91002593', 1, '7081935337', 'LD1333263000', 'BOGOR', 1, 96, '43194671.28', '2020-11-12', '13277568.79'),
(278, '91002593', 1, '7081935337', 'LD1333204200', 'IRUS', 1, 96, '43194671.28', '2020-11-12', '13277568.79'),
(279, '91002593', 1, '7081935337', 'LD1333260560', 'IRA SULASTRI', 1, 96, '43194671.28', '2020-11-12', '13277568.79'),
(280, '91002593', 1, '7081935337', 'LD1333260868', 'YUPIANA', 1, 96, '43194671.28', '2020-11-12', '13277568.79'),
(281, '91002593', 1, '7081935337', 'LD1333209098', 'IPUL', 1, 96, '43194671.28', '2020-11-12', '13277568.79'),
(282, '91002593', 1, '7081935337', 'LD1333269801', 'AGUS', 1, 96, '43194671.28', '2020-11-12', '13277568.79'),
(283, '91002593', 1, '7081935337', 'LD1333296302', 'FERNANDO HARIS PURBA', 1, 96, '43194671.28', '2020-11-12', '13277568.79'),
(284, '91002593', 1, '7081935337', 'LD1333291352', 'SERIYAH', 1, 96, '43194671.28', '2020-11-12', '13277568.79'),
(285, '91002593', 1, '7081935337', 'LD1333279226', 'SIIKIT', 1, 96, '43194671.28', '2020-11-12', '13277568.79'),
(286, '91002593', 1, '7081935337', 'LD1333200697', 'KIKI', 1, 96, '43194671.28', '2020-11-12', '13277568.79'),
(287, '91002593', 1, '7081935337', 'LD1333250101', 'YUNI', 1, 96, '43194671.28', '2020-11-12', '13277568.79'),
(288, '91002593', 1, '7081935337', 'LD1333286471', 'IDAMAYANTI', 1, 96, '43194671.28', '2020-11-12', '13277568.79'),
(289, '91002593', 1, '7081935337', 'LD1333255574', 'TAWULA', 1, 96, '43194671.28', '2020-11-12', '13277568.79'),
(290, '91002593', 1, '7081935337', 'LD1333262909', 'SALEH', 1, 96, '43194671.28', '2020-11-12', '13277568.79'),
(291, '91002593', 1, '7081935337', 'LD1333213913', 'FIRMAN', 1, 96, '43194671.28', '2020-11-12', '13277568.79'),
(292, '91002593', 1, '7081935337', 'LD1333200225', 'HARTI DWI WAHYUNI', 1, 96, '43194671.28', '2020-11-12', '13277568.79'),
(293, '91002593', 1, '7081935337', 'LD1333293509', 'RUSTATI', 1, 96, '43194671.28', '2020-11-12', '13277568.79'),
(294, '91002593', 1, '7081935337', 'LD1333220003', 'REMI ISANDI', 1, 96, '43194671.28', '2020-11-12', '13277568.79'),
(295, '91002593', 1, '7081935337', 'LD1333281436', 'HALIM', 1, 96, '43194671.28', '2020-11-12', '13277568.79'),
(296, '91002593', 1, '7081935337', 'LD1333259738', 'MAS DENDI', 1, 96, '43194671.28', '2020-11-12', '13277568.79'),
(297, '91002593', 1, '7081935337', 'LD1333204609', 'MUHAMMAD YUSUP', 1, 96, '43194671.28', '2020-11-12', '13277568.79');

-- --------------------------------------------------------

--
-- Table structure for table `tbl_role_user`
--

CREATE TABLE `tbl_role_user` (
  `id` int(11) NOT NULL,
  `role` varchar(50) NOT NULL
) ENGINE=InnoDB DEFAULT CHARSET=latin1;

--
-- Dumping data for table `tbl_role_user`
--

INSERT INTO `tbl_role_user` (`id`, `role`) VALUES
(1, 'Admin'),
(2, 'KP'),
(3, 'Region'),
(4, 'Area'),
(5, 'Cabang');

-- --------------------------------------------------------

--
-- Table structure for table `tbl_user`
--

CREATE TABLE `tbl_user` (
  `id_user` int(11) NOT NULL,
  `nip` varchar(15) NOT NULL,
  `kode_ao` char(15) DEFAULT NULL,
  `nama` varchar(125) NOT NULL,
  `email` varchar(125) NOT NULL,
  `jabatan` varchar(125) NOT NULL,
  `outlet` varchar(15) NOT NULL,
  `password` text NOT NULL,
  `role_id` char(25) NOT NULL,
  `status` int(1) NOT NULL DEFAULT '0',
  `is_active` int(1) NOT NULL,
  `last_login` datetime DEFAULT NULL,
  `CreateDate` date NOT NULL,
  `UpdateDate` datetime DEFAULT NULL,
  `UpdateBy` varchar(15) NOT NULL,
  `IsDelete` int(1) NOT NULL,
  `cookies` varchar(255) DEFAULT NULL
) ENGINE=InnoDB DEFAULT CHARSET=latin1;

--
-- Dumping data for table `tbl_user`
--

INSERT INTO `tbl_user` (`id_user`, `nip`, `kode_ao`, `nama`, `email`, `jabatan`, `outlet`, `password`, `role_id`, `status`, `is_active`, `last_login`, `CreateDate`, `UpdateDate`, `UpdateBy`, `IsDelete`, `cookies`) VALUES
(1, '108074909', '91002593', 'JUNAIDI', 'junaidi4909@bsm.co.id', 'BBRM', 'ID0010011', 'b1ae3b5e23f3c2aa55b795faadbbb3f6', '3', 0, 0, '2020-11-26 17:01:40', '2019-07-10', '2020-03-10 08:40:24', '1910061236', 0, NULL),
(2, '159114775', NULL, 'SEPTIAN NUGRAHA', '', 'BBRM', 'ID0010011', '2ea70af615a66806fea207791e2cad42', '3', 1, 0, NULL, '2019-07-10', NULL, '', 0, NULL),
(4, '169315348', '91019077', 'ADITYA DAVID BAGUS SETYAWAN', 'adavid@bsm.co.id', 'BBRM', 'ID0010029', 'c01d504d4e78c0e8e4117c883668c309', '3', 0, 0, '2020-02-27 10:55:36', '2019-07-10', '2020-02-03 16:04:28', '1910061236', 0, NULL),
(5, '128212085', NULL, 'AGUNG CANDRA KUSUMA', '', 'Jr. BBRM', 'ID0010023', '630c605cdcf0693f8e1f2b42bd3c3e89', '3', 1, 0, '2020-03-13 08:58:40', '2019-07-10', NULL, '', 0, NULL),
(6, '128912065', NULL, 'ZULFIKAR IQBAL HILFANDI', '', 'Jr. BBRM', 'ID0010023', '3f386686ae134556cc704d8c65123ba7', '3', 1, 0, '2020-03-09 14:17:46', '2019-07-10', NULL, '', 0, NULL),
(7, '149014142', '91018125', 'ANGGEL DWI SATRIA', 'adwi14142@bsm.co.id', 'BBRM', 'ID0010037', '351d1378061e19076b843f9a5878efee', '3', 0, 0, NULL, '2019-07-10', NULL, '', 0, NULL),
(8, '118710310', '91004507', 'ARIF PARULIAN SIMANUNGKALIT', 'aparulian@bsm.co.id', 'BBRM', 'ID0010037', '422c54ae9a0fb3cd5037b7e0396679b7', '3', 0, 0, '2020-07-17 10:47:10', '2019-07-10', NULL, '', 0, NULL),
(9, '118778880', NULL, 'DESY ANGGRAINI', '', 'Jr. BBRM', 'ID0010037', '8fe10042ac41370fa60178b2e4d003ea', '3', 1, 0, NULL, '2019-07-10', NULL, '', 0, NULL),
(11, '108875539', '91009859', 'SYAMSU FIQRAN', 'sfiqran@bsm.co.id', 'BBRM', 'ID0010009', 'c19cfac6ac14a70d11f24f23ec354e56', '3', 0, 0, '2020-07-07 13:50:51', '2019-07-10', NULL, '', 0, NULL),
(13, '118378231', '91004437', 'ARI FURGHANA', 'afurghana@bsm.co.id', 'BBRM', 'ID0010357', '5fe65053eda807c2a06ff35872da0877', '3', 0, 0, '2020-07-02 19:42:31', '2019-07-10', NULL, '', 0, NULL),
(14, '048072008', '91001175', 'AS AS DWI ASTUTI', 'adastuti@bsm.co.id', 'BBRM', 'ID0010357', '80fba666b862d619d5313836362c2d88', '3', 0, 0, '2020-03-17 07:59:57', '2019-07-10', NULL, '', 0, NULL),
(15, '149214327', '91018361', 'FIRMAN MULYAWAN AKBAR SYUHADA', 'fmulyawan@bsm.co.id', 'BBRM', 'ID0010357', 'a5e45110440884258b19feb94adaf021', '3', 0, 0, NULL, '2019-07-10', NULL, '', 0, NULL),
(16, '169415315', '91019054', 'PUTRI APRILIA MULYANI', 'paprilia@bsm.co.id', 'BBRM', 'ID0010357', 'deadd6f22c7b1108c356e252512619a6', '3', 0, 0, '2020-03-19 11:34:01', '2019-07-10', NULL, '', 0, NULL),
(18, '159114754', '91018601', 'DIMAS DWI SANDY', 'ddwi14754@bsm.co.id', 'BBRM', 'ID0010016', 'ccc43da72c86d8610a765e3f9d991545', '3', 0, 0, '2020-07-03 15:27:52', '2019-07-10', NULL, '', 0, NULL),
(20, '108475212', '91002539', 'RAFLI WINALDY', 'rwinaldy@bsm.co.id', 'BBRM', 'ID0010034', 'a7929a7f8a73ad301b4baa519a70f0de', '3', 0, 0, '2020-11-12 10:18:17', '2019-07-10', NULL, '', 0, NULL),
(23, '098573774', '91004904', 'CAHYADI PRATOMO', 'cpratomo@bsm.co.id', 'BBRM', 'ID0010007', 'acda1e5dd55adac34f42a613380116bc', '3', 0, 0, '2020-06-22 17:03:28', '2019-07-10', NULL, '', 0, NULL),
(25, '108676486', '91006586', 'HILMAN SAIFUL RAHMAN', 'hsrahman@bsm.co.id', 'BBRM', 'ID0010357', '76da3b04242767ab17bffe8c8c302286', '3', 0, 0, '2020-07-28 16:31:43', '2019-07-10', '2020-06-23 10:53:53', '1910061236', 0, NULL),
(26, '098474233', '91002693', 'RIYANTO ARIA PANTORO', 'rapantoro@bsm.co.id', 'BBRM', 'ID0010007', '9a60c0646a93d9d53b03e56de7338c94', '3', 0, 0, '2020-06-22 16:56:39', '2019-07-10', NULL, '', 0, NULL),
(27, '159214417', '91018549', 'RIZKY ASTIANTI SUGITA', 'rastianti@bsm.co.id', 'BBRM', 'ID0010007', '2e797eaa71f0789515144903d2ae049a', '3', 0, 0, '2020-07-03 11:00:55', '2019-07-10', NULL, '', 0, NULL),
(29, '098684400', '91002654', 'ANIS HAMLATIL FARAH', 'ahfarah@bsm.co.id', 'BBRM', 'ID0010017', 'ad091987ae70bf0a3c0e14ba8e24528f', '3', 0, 0, '2020-03-10 15:59:09', '2019-07-10', NULL, '', 0, NULL),
(30, '108775697', '91008757', 'RANGGA YUDHATAMA', 'ryudhatama@bsm.co.id', 'BBRM', 'ID0010017', '53716b5db562fe4656dc526a069b06b3', '3', 0, 0, '2020-06-19 16:45:51', '2019-07-10', NULL, '', 0, NULL),
(31, '128610946', '91011777', 'RUSTAMAJI', 'rustamaji@bsm.co.id', 'BBRM', 'ID0010017', '2335739cdcaba0fbba8d92f295311b42', '3', 0, 0, '2020-03-26 11:39:43', '2019-07-10', NULL, '', 0, NULL),
(33, '118610459', '91012314', 'CARDIWAN EKA NUGRAHA', 'cenugraha@bsm.co.id', 'BBRM', 'ID0010024', '7c0262bd8f09d0a98152a8bf4e34273f', '3', 0, 0, '2020-07-09 16:35:51', '2019-07-10', NULL, '', 0, NULL),
(34, '128911653', NULL, 'ERWIN ZAINUDIN', '', 'BBRM', 'ID0010024', 'c8fe3827f5b0285c4d7b2dec04c80095', '3', 1, 0, NULL, '2019-07-10', NULL, '', 0, NULL),
(35, '078073061', '91006701', 'IMAM MARUBI', 'imarubi@bsm.co.id', 'BBRM', 'ID0010024', '41f454ce677ef4eca7a59947cc8fb1dd', '3', 0, 0, '2020-07-28 16:47:57', '2019-07-10', NULL, '', 0, NULL),
(36, '118677417', '91008369', 'NURI PRATIWI', 'npratiwi@bsm.co.id', 'BBRM', 'ID0010024', 'ff4465a905a0bf49a8afce292cc4a815', '3', 0, 0, '2020-07-03 11:20:35', '2019-07-10', NULL, '', 0, NULL),
(37, '169115353', '91019067', 'GAGAS ARIASAKTI WINATA', 'gariasakti@bsm.co.id', 'BBRM', 'ID0010053', '65c7fae0f77eea131fcb5abdcddc04d0', '3', 0, 0, '2020-07-17 10:51:29', '2019-07-10', NULL, '', 0, NULL),
(39, '118789507', NULL, 'MUHAMMAD TAUFAN PUTRA', '', 'BBRM', 'ID0010045', '077497b86d9cbc0f8b207bf3497fbdd9', '3', 1, 0, '2020-02-19 13:45:19', '2019-07-10', NULL, '', 0, NULL),
(40, '108574573', '91014816', 'TAUFIK AGUNG MAHARDIKA', 'tamahardhika@bsm.co.id', 'BBRM', 'ID0010045', 'e7e0da5a0c3f5cc5fe41dd0cb3b90a39', '3', 0, 0, '2020-06-19 14:41:21', '2019-07-10', NULL, '', 0, NULL),
(41, '077472979', '91009951', 'TEGUH IMAM SANTOSO', 'tisantoso@bsm.co.id', 'BBRM', 'ID0010045', '100f992442e96608799f2dc94558932d', '3', 0, 0, '2020-03-30 13:40:24', '2019-07-10', NULL, '', 0, NULL),
(43, '149013860', NULL, 'ACHMAD KURNIAWAN', '', 'BBRM', 'ID0010058', 'a6d76dad4906c6a659f02ee777d02297', '3', 1, 0, NULL, '2019-07-10', NULL, '', 0, NULL),
(44, '108474540', '91001632', 'ADITYA SUKMANA', 'asukmana@bsm.co.id', 'BBRM', 'ID0010058', 'dc96eda1fee6f839be4b93e2d15b4485', '3', 0, 0, '2020-03-09 17:17:01', '2019-07-10', NULL, '', 0, NULL),
(45, '047472168', '91002421', 'MUHAMAD HERRY', 'mherry@bsm.co.id', 'BBRM', 'ID0010058', '896756f388a949a22e35c224d980a23f', '3', 0, 0, '2020-03-09 14:18:51', '2019-07-10', NULL, '', 0, NULL),
(47, '108674895', '91013402', 'AHMAD DJUNAEDI', 'adjunaedi@bsm.co.id', 'BBRM', 'ID0010004', '411ea5ff655fe995c293cf20d67a9172', '3', 0, 0, '2020-03-09 14:14:57', '2019-07-10', NULL, '', 0, NULL),
(48, '108774965', '91002206', 'DIAN PERMANA', 'dpermana@bsm.co.id', 'BBRM', 'ID0010004', 'c2c13ed568fcfb9889c9127bca812e22', '3', 0, 0, '2020-07-17 10:47:41', '2019-07-10', NULL, '', 0, NULL),
(49, '147813629', NULL, 'DYAH PUSPITA RUM', '', 'BBRM', 'ID0010004', '387ccaafc79479cdc50d13f06766d268', '3', 1, 0, NULL, '2019-07-10', NULL, '', 0, NULL),
(50, '149013877', '91018090', 'RIDWAN ARIEF TRIANSYAH', 'rarief13877@bsm.co.id', 'BBRM', 'ID0010004', '5250fdffc519ac81a03dc30ef2716706', '3', 0, 0, '2020-03-09 14:12:58', '2019-07-10', NULL, '', 0, NULL),
(52, '159014493', '91018564', 'ADIPTA NUR PRATAMA', 'anur14493@bsm.co.id', 'BBRM', 'ID0010002', '3ef75b70ca277eabf9635fc191282474', '3', 0, 0, '2020-03-10 10:12:11', '2019-07-10', NULL, '', 0, NULL),
(53, '128611652', '91012546', 'IRWAN SUYATNA', 'isuyatna@bsm.co.id', 'BBRM', 'ID0010002', '619b3a94b40f792e4f148813b4faca91', '3', 0, 0, '2020-07-17 10:48:04', '2019-07-10', NULL, '', 0, NULL),
(54, '118477960', '91007358', 'MOCHAMAD HENRY KURNIAWAHYUDI', 'mhkurniawahyudi@bsm.co.id', 'BBRM', 'ID0010002', '01e644020e8fb0a0f1c1eabe8a7d4f88', '3', 0, 0, NULL, '2019-07-10', NULL, '', 0, NULL),
(55, '088173632', '91002372', 'MUHAMMAD ABROR', 'mabror@bsm.co.id', 'BBRM', 'ID0010002', 'dfd12a79f0c811b60e5a8501db913a0a', '3', 0, 1, '2020-09-23 09:43:16', '2019-07-10', NULL, '1910061236', 0, NULL),
(57, '107576254', '91015664', 'ABDUL ROHMAN', 'arohman@bsm.co.id', 'BBRM', 'ID0010005', '9d097612add499932db0d6db7921d1b0', '3', 0, 0, '2020-06-24 15:06:31', '2019-07-10', NULL, '', 0, NULL),
(58, '149013862', '91018272', 'AGUNG AROHMAN', 'aarohman@bsm.co.id', 'BBRM', 'ID0010005', 'f17792456c66e7aad13e099cde0a5a6f', '3', 0, 0, '2020-04-01 15:35:46', '2019-07-10', NULL, '', 0, NULL),
(59, '108575478', '91005918', 'FAIZAL SASTRAJAYA WIHARJA', 'fsastrajaya@bsm.co.id', 'BBRM', 'ID0010005', '2fca5c30e97ecb3fa1bcf95ec215ea95', '3', 0, 0, '2020-06-24 15:16:42', '2019-07-10', NULL, '', 0, NULL),
(60, '107875556', NULL, 'BOY DANI ARIANATA', '', 'BBRM', 'ID0010032', '91e268f203f84c1266d22d739598e323', '3', 1, 0, NULL, '2019-07-10', NULL, '', 0, NULL),
(62, '138612831', '91012430', 'SUGITO', 'sugito@bsm.co.id', 'BBRM', 'ID0010054', '7821e7b46dd6fb1ec571f459eefb62b6', '3', 0, 0, '2020-03-09 14:16:58', '2019-07-10', NULL, '', 0, NULL),
(63, '149114274', '91018326', 'RIZKY PRATAMA PUTRA', 'rpratama14274@bsm.co.id', 'BBRM', 'ID0010051', '293ec1c3bf412cea32571bc668b405e3', '3', 0, 0, '2020-07-16 14:30:11', '2019-07-10', NULL, '', 0, NULL),
(64, '138713313', '91016706', 'EKA PRASTYANTO', 'eprastyanto@bsm.co.id', 'BBRM', 'ID0010015', '17945654a88597dacfbf9a7375860fbf', '3', 0, 0, NULL, '2019-07-10', NULL, '', 0, NULL),
(65, '168915349', NULL, 'INDRA ARYADI ABDULLAH', '', 'BBRM', 'ID0010015', '1e2fca1de9d4f9474ccb56dfed4d3131', '3', 1, 0, NULL, '2019-07-10', NULL, '', 0, NULL),
(67, '169415295', '91019062', 'FIEKA KURNIA AVISTASARI', 'fkurnia15295@bsm.co.id', 'BBRM', 'ID0010028', '3041b373613da60bd661f8f2cdb1f3f0', '3', 0, 0, NULL, '2019-07-10', NULL, '', 0, NULL),
(69, '159114751', NULL, 'AHMAD ROZI TANJUNG', '', 'BBRM', 'ID0010008', '647c27b4295f9919485520d118d99cc0', '3', 1, 0, '2020-03-12 11:03:17', '2019-07-10', NULL, '', 0, NULL),
(70, '108774528', '91009891', 'T RUDI ARIANSYAH', 'trariansyah@bsm.co.id', 'BBRM', 'ID0010353', '89d52c433eeb27acb25a46202cf4aa23', '3', 0, 0, '2020-07-03 11:05:42', '2019-07-10', NULL, '', 0, NULL),
(72, '118577862', '91005146', 'DENI SUWANDHANI', 'dsuwandhani@bsm.co.id', 'BBRM', 'ID0010027', '1a52063be7151d086f5a7ea2acac8fc9', '3', 0, 0, NULL, '2019-07-10', NULL, '', 0, NULL),
(73, '108475410', '91011809', 'DONNY KURNIAWAN', 'dkurniawan84@bsm.co.id', 'BBRM', 'ID0010027', '72f412c9ce5de3eb12e067a77be2bd9c', '3', 0, 0, '2020-03-09 14:15:26', '2019-07-10', NULL, '', 0, NULL),
(75, '169115351', '91019113', 'AIDIL PUTRASYAH', 'aputrasyah@bsm.co.id', 'BBRM', 'ID0010019', 'e2dda59b6ecbf5871f0228a9c9ce8950', '3', 0, 0, NULL, '2019-07-10', NULL, '', 0, NULL),
(76, '159114872', NULL, 'DJAKA PERKASA WIBOWO', '', 'BBRM', 'ID0010019', '6f7fb51486d59a43d53c3effc93349e8', '3', 1, 0, '2020-03-09 14:15:43', '2019-07-10', NULL, '', 0, NULL),
(77, '169315292', NULL, 'TIARA AMANDA YAZA PUTRI', '', 'BBRM', 'ID0010019', '89137ee99c75217ab68e2868cf2e28c8', '3', 1, 0, NULL, '2019-07-10', NULL, '', 0, NULL),
(78, '118479796', NULL, 'M. AIDER AKMAL THAHIR', '', 'BBRM', 'ID0010038', 'db10a17ca1c28a5b79e23cf22b7b69f2', '3', 1, 0, NULL, '2019-07-10', NULL, '', 0, NULL),
(80, '058272589', '91001969', 'GESI UNTARI', 'guntari@bsm.co.id', 'BBRM', 'ID0010022', '3fb84ffaecc6b8952b2357bb68dbe991', '3', 0, 0, '2020-11-12 13:45:21', '2019-07-10', NULL, '', 0, NULL),
(81, '159214511', '91018545', 'TRI AKBAR VELLAYATI', 'takbar14511@bsm.co.id', 'BBRM', 'ID0010022', '35e1c015b9c7238e19d7e5b1f5c3c158', '3', 0, 0, NULL, '2019-07-10', '2020-03-10 08:35:02', '1910061236', 0, NULL),
(82, '148914129', '91018204', 'REKI KURNIA', 'rkurnia14129@bsm.co.id', 'BBRM', 'ID0010049', '8a4607ef6c7e0a3d69401776567b668a', '3', 0, 0, '2020-03-24 08:42:56', '2019-07-10', NULL, '', 0, NULL),
(83, '138613257', '91014589', 'AGUS PRIYANTO', 'apriyanto13257@bsm.co.id', 'BBRM', 'ID0010026', '3613bb1ad8a85d37d3c2324be1204b43', '3', 0, 0, '2020-03-09 17:31:35', '2019-07-10', NULL, '', 0, NULL),
(85, '027680981', '91010246', 'WAWAN HARYANTO', 'wharyanto@bsm.co.id', 'BBRM', 'ID0010026', 'c62de30270ddd740a0e30b3907648304', '3', 0, 0, '2020-03-09 14:07:59', '2019-07-10', NULL, '', 0, NULL),
(87, '108677079', '91005019', 'DAMARNINGTYAS', 'damarningtyas@bsm.co.id', 'BBRM', 'ID0010040', 'f3a1e448ccdc106dfc8259d6e3003703', '3', 0, 0, '2020-07-09 10:13:45', '2019-07-10', NULL, '', 0, NULL),
(88, '118078048', '91009523', 'SIGIT YUGO NUGROHO', 'synugroho@bsm.co.id', 'BBRM', 'ID0010040', '4c42e1974601d6f6f7cc4ef10bbf1561', '3', 0, 0, '2020-07-09 09:47:42', '2019-07-10', NULL, '', 0, NULL),
(89, '108277313', '91009933', 'TAUFIQ FAULANA', 'tfaulana@bsm.co.id', 'BBRM', 'ID0010040', 'f337e53a5537fc77d1624c9ceb516bf1', '3', 0, 0, '2020-07-09 10:37:04', '2019-07-10', NULL, '', 0, NULL),
(90, '138812778', '91015029', 'VIERZA ARIFIANA ALI', 'vaali@bsm.co.id', 'BBRM', 'ID0010040', '40e316215f30dc43e87173e7567f9a10', '3', 0, 0, '2020-07-09 17:27:49', '2019-07-10', NULL, '', 0, NULL),
(92, '107875515', '91002551', 'FUAD DARMAWAN', 'fdharmawan@bsm.co.id', 'BBRM', 'ID0010013', 'bd6b9848c94a63231d2a5d888d04baa3', '3', 0, 0, NULL, '2019-07-10', NULL, '', 0, NULL),
(93, '108575512', NULL, 'LEXI KARTIKA', '', 'BBRM', 'ID0010013', 'ac54d0efb3a034dc836f2ec8c60e2fc2', '3', 1, 0, NULL, '2019-07-10', NULL, '', 0, NULL),
(94, '118587247', '91007844', 'MUH IQBAL TOBRANI', 'mitobrani@bsm.co.id', 'BBRM', 'ID0010013', '277baf95d692991db8e385bbbefc302a', '3', 0, 0, '2020-03-16 14:11:04', '2019-07-10', NULL, '', 0, NULL),
(95, '159114891', '91018710', 'PRAMITA AGUSTIN', 'pagustin@bsm.co.id', 'BBRM', 'ID0010013', '7214ffec8bc8f0ebd014ab86adf4d8fb', '3', 0, 0, '2020-07-17 10:50:51', '2019-07-10', NULL, '', 0, NULL),
(97, '128410520', NULL, 'ANDI PRASETIA', 'aprasetya0520@bsm.co.id', 'Jr. BBRM', 'ID0010010', '38f39b02eb8fb518f916d9b9c915f774', '3', 1, 0, '2020-06-19 15:07:21', '2019-07-10', NULL, '', 0, NULL),
(98, '169215272', '91019090', 'NURUL AINI HIJRIYAH', 'naini15272@bsm.co.id', 'BBRM', 'ID0010010', 'fab254a0f940c2bbf8e3b46374a73cfd', '3', 0, 0, '2020-07-02 09:16:55', '2019-07-10', NULL, '', 0, NULL),
(99, '159214762', '91018620', 'UMAR MARDONI', 'umardoni@bsm.co.id', 'BBRM', 'ID0010010', '3cfb2c87c650f043e801601d43fce241', '3', 0, 0, '2020-07-17 10:51:53', '2019-07-10', NULL, '', 0, NULL),
(101, '088273517', '91001760', 'HAMED BOGEY RIWA', 'hbriwa@bsm.co.id', 'BBRM', 'ID0010106', 'e52647663d4764b6a23df71731f07312', '3', 0, 0, '2020-02-04 10:14:21', '2019-07-10', NULL, '', 0, NULL),
(102, '038171391', '91001982', 'ISNAINI NUR ABIDAH', 'inur@bsm.co.id', 'BBRM', 'ID0010106', '0d226501b2debe3c2660c48185654975', '3', 0, 0, '2020-07-07 09:39:01', '2019-07-10', NULL, '', 0, NULL),
(104, '097873737', '91003923', 'AGUS SUHARJAYA', 'asuharjaya@bsm.co.id', 'BBRM', 'ID0010018', 'b44f3c834e3e2306da267f9308d34126', '3', 0, 0, '2020-03-17 09:31:14', '2019-07-10', NULL, '', 0, NULL),
(105, '108575788', '91007852', 'MUHAMAD DANI', 'mdani@bsm.co.id', 'BBRM', 'ID0010018', 'c74743ed1b819d1bac241674e5f88b2e', '3', 0, 0, NULL, '2019-07-10', NULL, '', 0, NULL),
(106, '117977647', NULL, 'MULYA WARMAN', '', 'BBRM', 'ID0010018', '7870b85bc637c9eec86076a415c83151', '3', 1, 0, NULL, '2019-07-10', NULL, '', 0, NULL),
(107, '149013884', '91018095', 'WORO RAHMAT HIDAYAT', 'wrahmat@bsm.co.id', 'BBRM', 'ID0010018', '622a5493f66a8fcb8b98aaf7c18d6e37', '3', 0, 0, NULL, '2019-07-10', NULL, '', 0, NULL),
(109, '118878046', '91005469', 'DODY PRASTYO', 'dprastyo@bsm.co.id', 'BBRM', 'ID0010029', 'b6b546abab8dcbd1fff0775851972ce9', '3', 0, 0, '2020-06-25 16:36:36', '2019-07-10', NULL, '', 0, NULL),
(110, '169315311', NULL, 'FUTSIA ANGGUN AIDILLAH ALWI', '', 'BBRM', 'ID0010029', 'd49e2f461ee1f91adbd42e40200986f8', '3', 1, 0, '2020-03-09 14:19:59', '2019-07-10', NULL, '', 0, NULL),
(111, '098474067', NULL, 'MUHAMAD SYAFIUDIN', '', 'BBRM', 'ID0010029', '369dc98c355d5c2b9eb5c3d2e2768da5', '3', 1, 0, '2020-03-09 14:19:04', '2019-07-10', NULL, '', 0, NULL),
(112, '088473573', NULL, 'MUHAMMAD ARDISTANI HASANI', '', 'BBRM', 'ID0010029', '7609f638f56fcaae8ae6f8091c280b75', '3', 1, 0, NULL, '2019-07-10', NULL, '', 0, NULL),
(113, '149013664', '93007015', 'RATNA PRADIPTA', 'rpradipta@bsm.co.id', 'BBRM', 'ID0010029', '87acecfb46804817fb67fbff2dc52432', '3', 0, 0, '2020-07-06 08:43:19', '2019-07-10', NULL, '', 0, NULL),
(114, '159114878', NULL, 'RIKI CAHYO EDY', '', 'BBRM', 'ID0010180', 'e08f8b481a454f0c699a183af34e0165', '3', 1, 0, NULL, '2019-07-10', NULL, '', 0, NULL),
(115, '098674164', NULL, 'HARSENO', '', 'Jr. BBRM', 'ID0010081', 'f5d53f7c951a35470c0a255be507a948', '3', 1, 0, '2020-03-26 10:33:36', '2019-07-10', NULL, '', 0, NULL),
(116, '108575134', '91011955', 'ROZALI ASTA FANCE', 'rafance@bsm.co.id', 'BBRM', 'ID0010027', '81633f21842f1a9ff19c8a22bb61b7fa', '3', 0, 0, '2020-07-28 21:38:50', '2019-07-10', NULL, '', 0, NULL),
(117, '128812101', NULL, 'NAILATUN MUBAROKAH', '', 'Jr. BBRM', 'ID0010091', 'dc56cb78fb2425937bd03f1d0e5f3b8d', '3', 1, 0, NULL, '2019-07-10', NULL, '', 0, NULL),
(118, '088473586', '91003485', 'AHMAD REZHA MAKKARENU', 'armakkarenu@bsm.co.id', 'BBRM', 'ID0010017', 'f99276e131dbd18a69ed16a912e934b0', '3', 0, 0, '2020-07-24 17:22:31', '2019-07-10', NULL, '', 0, NULL),
(119, '169415276', '91019031', 'MARYAM PUTRI ERADEWI', 'mputri15276@bsm.co.id', 'BBRM', 'ID0010106', '7fb71be107c72cab00702c94e915d4a6', '3', 0, 0, '2020-06-30 10:13:03', '2019-07-10', NULL, '', 0, NULL),
(120, '098374206', '91007527', 'MARIO BOGIE OKTAVIANTO', 'mbogie@bsm.co.id', 'BBRM', 'ID0010028', 'd38656fde64e5029749158a1592f2585', '3', 0, 0, '2020-07-02 15:55:39', '2019-07-10', '2020-06-23 10:50:44', '1910061236', 0, NULL),
(121, '078473176', NULL, 'PRADANA YUDHA KRISTIAWAN', '', 'BBRM', 'ID0010048', '2278ee7a7e4e2db228f1bea27ee5931f', '3', 1, 0, NULL, '2019-07-10', NULL, '', 0, NULL),
(123, '108676641', NULL, 'ELVA HESTIYANI', '', 'Jr. BBRM', 'ID0010378', '69927efc2368c5c2ff2926127d389e26', '3', 1, 0, NULL, '2019-07-10', NULL, '', 0, NULL),
(124, '118078272', '91003529', 'ABRIANUS TOHAMBA', 'atohamba@bsm.co.id', 'BBRM', 'ID0010015', '0b344cef6badd9f1d7c8af9b7a812c28', '3', 0, 0, NULL, '2019-07-10', NULL, '', 0, NULL),
(125, '159214884', '91018682', 'BIN BIOSA ARY HANDY', 'bbiosa@bsm.co.id', 'BBRM', 'ID0010026', 'a7e9da81902940b584b1b6b0f6422ed6', '3', 0, 0, NULL, '2019-07-10', '2020-06-23 10:56:27', '1910061236', 0, NULL),
(126, '159214760', '91018606', 'MUHAMMAD KHAIRMAN', 'mkhairman@bsm.co.id', 'BBRM', 'ID0010016', '286bae473bc619f69447e64b4dd3dc84', '3', 0, 0, '2020-07-03 15:45:52', '2019-07-10', '2020-02-11 14:07:10', '1910061236', 0, NULL),
(127, '098174496', NULL, 'RIZALDI', 'rizaldi@bsm.co.id', 'Jr. BBRM', 'ID0010011', '06c2120916539341d62472ce32c0e394', '3', 1, 0, NULL, '2019-07-10', '2020-03-10 08:41:07', '1910061236', 0, NULL),
(128, '159014773', NULL, 'HERY MAULANA', '', 'BBRM', 'ID0010203', 'c5371380f6bcef4ecacc63d3fd2af3e7', '3', 1, 0, NULL, '2019-07-10', NULL, '', 0, NULL),
(129, '108076387', NULL, 'MAHRUP SUPRIADI', '', 'BBRM', 'ID0010052', '6845c53949ad169f1e959d2823eff4c7', '3', 1, 0, NULL, '2019-07-10', NULL, '', 0, NULL),
(130, '118378853', NULL, 'YALA AWLYA PERKASA ZEN', '', 'BBRM', 'ID0010089', '457269788ad992b376cc6180e089f1f3', '3', 1, 0, NULL, '2019-07-10', NULL, '', 0, NULL),
(131, '158414892', NULL, 'WAHYU PAMUNGKAS', '', 'BBRM', 'ID0010181', '881ba58b2ff614af1060bfa43278a5b2', '3', 1, 0, NULL, '2019-07-10', NULL, '', 0, NULL),
(132, '098274033', NULL, 'PANGASIAN BATUBARA', '', 'BBRM', 'ID0010043', '29727d0657a9c6db141b5d0059193660', '3', 1, 0, NULL, '2019-07-10', NULL, '', 0, NULL),
(133, '108575917', '91002667', 'HENDRIANSYAH HARAHAP', 'hendriyansyah@bsm.co.id', 'BBRM', 'ID0010019', 'ac2721b53b06133962811a55f9f51b14', '3', 0, 0, '2020-03-04 10:43:12', '2019-07-10', '2020-06-23 10:52:01', '1910061236', 0, NULL),
(134, '108775137', NULL, 'TASNIM FIRDAUS', 'tfirdaus@bsm.co.id', 'BBRM', 'ID0010186', '9b42512dfa7e8665b1dcfc4ebf20adfe', '3', 1, 0, '2020-03-09 14:09:21', '2019-07-10', NULL, '', 0, NULL),
(135, '108575402', '91006565', 'HEYU ISKA RATUPUTRA', 'hsratuputra@bsm.co.id', 'BBRM', 'ID0010022', '35376b28f059968eea0ae01392cb9709', '3', 0, 0, '2020-07-21 10:22:49', '2019-07-10', NULL, '', 0, NULL),
(136, '118511015', NULL, 'RAHMAD PERDANA', 'rperdana@bsm.co.id', 'Jr. BBRM', 'ID0010147', 'f66d72ed9fb02b33213b0e4de9717004', '3', 1, 0, NULL, '2019-07-10', NULL, '', 0, NULL),
(137, '159014521', '91018577', 'FERRY ARIF MUSTOFA', 'farif@bsm.co.id', 'BBRM', 'ID0010023', '6078115ea6fc1fc880b0e73d9d4b569e', '3', 0, 0, NULL, '2019-07-10', '2020-06-23 10:55:52', '1910061236', 0, NULL),
(139, '118789572', '91011899', 'PRAMBODHO DWI UTOMO', 'pdutomo@bsm.co.id', 'BBRM', 'ID0010010', 'ebf340b9492ff1c9e2a9da6db11cf91c', '3', 0, 0, '2020-07-02 09:15:40', '2019-07-10', NULL, '', 0, NULL),
(140, '169015352', '91019013', 'ACHMAD SADDAM PATURUSI', 'asaddam@bsm.co.id', 'BBRM', 'ID0010015', '242a6ffa9be3735f8d2e1a593ba188d5', '3', 0, 0, '2020-07-06 08:40:33', '2019-07-10', '2020-02-11 11:50:07', '1910061236', 0, NULL),
(141, '149013874', '91017769', 'RANGGA REISDIAN', 'rreisdian@bsm.co.id', 'BBRM', 'ID0010038', '7406152d3fbd151ebe1cc77036262ed6', '3', 0, 0, NULL, '2019-07-10', NULL, '', 0, NULL),
(142, '118387259', NULL, 'WIWIT KUMALA DEWI', '', 'BBRM', 'ID0010538', 'f6c0b68a360add3af661cff6fd47673b', '3', 1, 0, NULL, '2019-07-10', NULL, '', 0, NULL),
(143, '108576547', NULL, 'BAYU PUTRA PRAYOGA', '', 'Jr. BBRM', 'ID0010245', 'fbc8399587620c653de368e2af493ea2', '3', 1, 0, '2020-03-09 14:19:12', '2019-07-10', NULL, '', 0, NULL),
(144, '118778586', '91005094', 'DEDI ASYIKIN', 'dasyikin@bsm.co.id', 'BBRM', 'ID0010026', '5479bf7f5bd721989773403e8ea2225d', '3', 0, 0, '2020-03-19 09:57:27', '2019-07-10', '2020-06-23 10:54:43', '1910061236', 0, NULL),
(145, '129011581', NULL, 'MUHAMMAD HAMZAH', 'mhamzah@bsm.co.id', 'Jr. BBRM', 'ID0010220', '96294c7481cee1a7c8c1c27b73d18370', '3', 1, 0, NULL, '2019-07-10', NULL, '', 0, NULL),
(146, '118587369', '91004498', 'ARIF AHMET', 'aahmet@bsm.co.id', 'BBRM', 'ID0010008', 'b2e50b1a845beb1a4b3c7d96d209bfaa', '3', 0, 0, '2020-06-24 12:43:17', '2019-07-10', '2020-02-04 15:59:24', '1910061236', 0, NULL),
(147, '108674858', NULL, 'ESTIADY YANUAR', '', 'BBRM', 'ID0010182', '386a1b4c59d5a1d888ab02e00df662b3', '3', 1, 0, NULL, '2019-07-10', NULL, '', 0, NULL),
(148, '118678507', NULL, 'AGUS JUMHANA', '', 'Jr. BBRM', 'ID0010525', '5558dad7c709bf2a48d7d17343a819a8', '3', 1, 0, NULL, '2019-07-10', NULL, '', 0, NULL),
(149, '078373262', '91005518', 'DWI KRISDIYANTO', 'dkrisdiyanto@bsm.co.id', 'BBRM', 'ID0010106', 'e68db169fb8e0ba282c02474f01a5c94', '3', 0, 0, '2020-07-09 14:24:25', '2019-07-10', NULL, '', 0, NULL),
(150, '158714658', NULL, 'RINO FAJRI', '', 'Jr. BBRM', 'ID0010291', '1a356d98ce12874d8ab2c0cc8c3aeb02', '3', 1, 0, NULL, '2019-07-10', NULL, '', 0, NULL),
(151, '118977908', NULL, 'MUZAYYAN NUGROHO', 'mnugroho@bsm.co.id', 'Jr. BBRM', 'ID0010454', '019bd78b1b4b647936bdf2bdd27b492f', '3', 1, 0, '2020-03-19 12:46:27', '2019-07-10', NULL, '', 0, NULL),
(152, '118579587', NULL, 'RIA BETA ROSELINA PURWANTO', '', 'Jr. BBRM', 'ID0010105', '1a1fbb17371b84076ff220f88e0ef972', '3', 1, 0, NULL, '2019-07-10', NULL, '', 0, NULL),
(153, '128711647', '91014655', 'FAZLI SOFYANDORI', 'fsofyandori@bsm.co.id', 'BBRM', 'ID0010028', 'e6b52a45962825cb02fd7b14b5c321a5', '3', 0, 0, NULL, '2019-07-10', '2020-03-06 11:04:44', '1910061236', 0, NULL),
(189, '1910061236', NULL, 'IMAM MAULANA IBRAHIM', 'imibrahim@bsm.co.id', 'Admin', 'ID0010002', '1448f449caabae5c01d9aba7b3ae3583', '1', 0, 0, '2020-11-26 13:54:01', '2020-01-17', NULL, '', 0, NULL),
(200, '078383358', '91020139', 'NURHAYATI', 'nurhayati358@bsm.co.id', 'BBRM', 'ID0010357', '5081def659aef1de752f7b08f39ee112', '3', 0, 0, '2020-03-09 14:20:05', '2020-01-28', NULL, '', 0, NULL),
(201, '149213863', '91017748', 'ALALA MULIBA', 'amuliba@bsm.co.id', 'BBRM', 'ID0010009', 'ede651b69165ae788099c551e88f701d', '3', 0, 0, '2020-07-03 11:32:10', '2020-01-28', NULL, '', 0, NULL),
(202, '169015355', '91019041', 'SEPTRA ARMIDEON', 'sarmideon@bsm.co.id', 'BBRM', 'ID0010032', '1113df5b1892cfc18212881fc4eb51ef', '3', 0, 0, NULL, '2020-01-28', NULL, '', 0, NULL),
(203, '118578115', NULL, 'RADEN BAGUS ABDURAHMAN CATUR PUTERA', 'rbabdurahman@bsm.co.id', 'Jr. BBRM', 'ID0010058', '5998494b1d61cb3b3a66119617a3a5be', '3', 1, 0, NULL, '2020-01-28', NULL, '', 0, NULL),
(206, '118579233', '17001226', 'ARMAN SAPUTRA SINAGA', 'assinaga@bsm.co.id', 'BBRM', 'ID0010008', '4bad4f2e0ca48be1cd145fc20c6a3cf2', '3', 0, 0, NULL, '2020-02-04', NULL, '', 0, NULL),
(213, '108475317', '91019082', 'PUTRA BAGUS WAHYU WIDODO', 'pbwidodo@bsm.co.id', 'BBRM', 'ID0010034', '71b810fe3ef139d760d767fa372da4d3', '3', 0, 0, '2020-06-24 12:35:59', '2020-06-18', NULL, '', 0, NULL),
(214, '148213699', 'BSM01885', 'SAPTA YULIANDRI', 'syuliandri@bsm.co.id', 'BBRM', 'ID0010019', '22cbdb3182065653db90ec7eb3261e64', '3', 0, 0, NULL, '2020-06-18', '2020-06-23 10:55:19', '1910061236', 0, NULL),
(215, '169315308', '91019029', 'ENDAH SUSILOWATI', 'esusilowati15308@bsm.co.id', 'BBRM', 'ID0010009', '1ada7fdfafa46a2510f098098dbe9d8f', '3', 0, 0, NULL, '2020-06-18', NULL, '', 0, NULL);

--
-- Indexes for dumped tables
--

--
-- Indexes for table `tbl_anggota_channeling`
--
ALTER TABLE `tbl_anggota_channeling`
  ADD PRIMARY KEY (`id`);

--
-- Indexes for table `tbl_area`
--
ALTER TABLE `tbl_area`
  ADD PRIMARY KEY (`kd_area`);

--
-- Indexes for table `tbl_cabang`
--
ALTER TABLE `tbl_cabang`
  ADD PRIMARY KEY (`kd_cabang`);

--
-- Indexes for table `tbl_koperasi`
--
ALTER TABLE `tbl_koperasi`
  ADD PRIMARY KEY (`id`);

--
-- Indexes for table `tbl_region`
--
ALTER TABLE `tbl_region`
  ADD PRIMARY KEY (`id_region`);

--
-- Indexes for table `tbl_rekon_channeling`
--
ALTER TABLE `tbl_rekon_channeling`
  ADD PRIMARY KEY (`no`);

--
-- Indexes for table `tbl_role_user`
--
ALTER TABLE `tbl_role_user`
  ADD PRIMARY KEY (`id`);

--
-- Indexes for table `tbl_user`
--
ALTER TABLE `tbl_user`
  ADD PRIMARY KEY (`id_user`);

--
-- AUTO_INCREMENT for dumped tables
--

--
-- AUTO_INCREMENT for table `tbl_anggota_channeling`
--
ALTER TABLE `tbl_anggota_channeling`
  MODIFY `id` int(11) NOT NULL AUTO_INCREMENT, AUTO_INCREMENT=504;

--
-- AUTO_INCREMENT for table `tbl_koperasi`
--
ALTER TABLE `tbl_koperasi`
  MODIFY `id` int(11) NOT NULL AUTO_INCREMENT, AUTO_INCREMENT=6;

--
-- AUTO_INCREMENT for table `tbl_region`
--
ALTER TABLE `tbl_region`
  MODIFY `id_region` int(11) NOT NULL AUTO_INCREMENT, AUTO_INCREMENT=9;

--
-- AUTO_INCREMENT for table `tbl_rekon_channeling`
--
ALTER TABLE `tbl_rekon_channeling`
  MODIFY `no` int(11) NOT NULL AUTO_INCREMENT, AUTO_INCREMENT=298;

--
-- AUTO_INCREMENT for table `tbl_role_user`
--
ALTER TABLE `tbl_role_user`
  MODIFY `id` int(11) NOT NULL AUTO_INCREMENT, AUTO_INCREMENT=6;

--
-- AUTO_INCREMENT for table `tbl_user`
--
ALTER TABLE `tbl_user`
  MODIFY `id_user` int(11) NOT NULL AUTO_INCREMENT, AUTO_INCREMENT=216;
COMMIT;

/*!40101 SET CHARACTER_SET_CLIENT=@OLD_CHARACTER_SET_CLIENT */;
/*!40101 SET CHARACTER_SET_RESULTS=@OLD_CHARACTER_SET_RESULTS */;
/*!40101 SET COLLATION_CONNECTION=@OLD_COLLATION_CONNECTION */;
